PatientId,AppointmentID,Gender,AppointmentDay,Age,Neighbourhood,Scholarship,Hypertension,Diabetes,Alcoholism,disability_count,SMS_received,No_show,ScheduledDay,lead_time_days
29900000000000,5642903,F,2016/04/29,62,Montgomery,0,1,0,0,0,0,No,"2016-04-29 18:38:08",0
559000000000000,5642503,M,2016/04/29,56,Woodland,0,0,0,0,0,0,No,"2016-04-29 16:08:27",0
4260000000000,5642549,F,2016/04/29,62,"Bay City",0,0,0,0,0,0,No,"2016-04-29 16:19:04",0
868000000000,5642828,F,2016/04/29,8,Owensboro,0,0,0,0,0,0,No,"2016-04-29 17:29:31",0
8840000000000,5642494,F,2016/04/29,56,"Twin Mountain",0,1,1,0,0,0,No,"2016-04-29 16:07:23",0
96000000000000,5626772,F,2016/04/29,76,Vandalia,0,1,0,0,0,0,No,"2016-04-27 08:36:51",2
734000000000000,5630279,F,2016/04/29,23,Montgomery,0,0,0,0,0,0,Yes,"2016-04-27 15:05:12",2
3450000000000,5630575,F,2016/04/29,39,Russellville,0,0,0,0,0,0,Yes,"2016-04-27 15:39:58",2
56400000000000,5638447,F,2016/04/29,21,Fairmont,0,0,0,0,0,0,No,"2016-04-29 08:02:16",0
78100000000000,5629123,F,2016/04/29,19,Saginaw,0,0,0,0,0,0,No,"2016-04-27 12:48:25",2
735000000000000,5630213,F,2016/04/29,30,Burlington,0,0,0,0,0,0,No,"2016-04-27 14:58:11",2
7540000000000,5620163,M,2016/04/29,29,Macon,0,0,0,0,0,1,Yes,"2016-04-26 08:44:12",3
567000000000000,5634718,F,2016/04/29,22,Altoona,1,0,0,0,0,0,No,"2016-04-28 11:33:51",1
911000000000000,5636249,M,2016/04/29,28,Eureka,0,0,0,0,0,0,No,"2016-04-28 14:52:07",1
99900000000000,5633951,F,2016/04/29,54,Montgomery,0,0,0,0,0,0,No,"2016-04-28 10:06:24",1
99948393975,5620206,F,2016/04/29,15,Montgomery,0,0,0,0,0,1,No,"2016-04-26 08:47:27",3
84600000000000,5633121,M,2016/04/29,50,Dublin,0,0,0,0,0,0,No,"2016-04-28 08:51:47",1
14800000000000,5633460,F,2016/04/29,40,Gooding,1,0,0,0,0,0,Yes,"2016-04-28 09:28:57",1
17100000000000,5621836,F,2016/04/29,30,"Osage Beach",1,0,0,0,0,1,No,"2016-04-26 10:54:18",3
7220000000000,5640433,F,2016/04/29,46,Russellville,0,0,0,0,0,0,No,"2016-04-29 10:43:14",0
622000000000000,5626083,F,2016/04/29,30,Montgomery,0,0,0,0,0,0,Yes,"2016-04-27 07:51:14",2
12200000000000,5628338,F,2016/04/29,4,Mobile,0,0,0,0,0,0,Yes,"2016-04-27 10:50:45",2
863000000000000,5616091,M,2016/04/29,13,Leesburg,0,0,0,0,0,1,Yes,"2016-04-25 13:29:16",4
214000000000000,5634142,F,2016/04/29,46,"Battle Creek",0,0,0,0,0,0,No,"2016-04-28 10:27:05",1
8730000000000,5641780,F,2016/04/29,65,Gooding,0,0,0,0,0,0,No,"2016-04-29 14:19:19",0
5820000000000,5624020,M,2016/04/29,46,Warren,0,1,0,0,0,1,No,"2016-04-26 15:04:17",3
25787851512,5641781,F,2016/04/29,45,"Battle Creek",0,1,0,0,0,0,No,"2016-04-29 14:19:42",0
12200000000000,5628345,F,2016/04/29,4,"Fort Worth",0,0,0,0,0,0,No,"2016-04-27 10:51:45",2
5930000000000,5642400,M,2016/04/29,51,"Mount Arlington",0,0,0,0,0,0,No,"2016-04-29 15:48:02",0
1230000000000,5642186,F,2016/04/29,32,Pittsburgh,0,0,0,0,0,0,No,"2016-04-29 15:16:29",0
343000000000,5628068,F,2016/04/29,46,Albany,0,0,0,0,0,0,No,"2016-04-27 10:24:52",2
311000000000,5628907,M,2016/04/29,12,Columbia,1,0,0,0,0,0,Yes,"2016-04-27 12:07:14",2
52900000000000,5637908,M,2016/04/29,61,Mobile,0,1,0,0,0,0,No,"2016-04-29 07:30:27",0
7650000000000,5616921,F,2016/04/29,38,Russellville,1,0,0,0,0,1,No,"2016-04-25 15:01:04",4
20000000000000,5637963,F,2016/04/29,79,Leesburg,0,1,0,0,0,0,No,"2016-04-29 07:34:30",0
78200000000000,5637968,M,2016/04/29,18,Leesburg,0,0,0,0,0,0,No,"2016-04-29 07:34:42",0
73000000000000,5637975,F,2016/04/29,63,"Lake Lure",0,1,1,0,0,0,No,"2016-04-29 07:35:19",0
1580000000000,5637986,F,2016/04/29,64,"Battle Creek",1,1,1,0,0,0,No,"2016-04-29 07:35:56",0
5870000000000,5609446,M,2016/04/29,85,Gooding,0,1,0,0,0,1,No,"2016-04-20 15:54:18",9
14600000000000,5639644,F,2016/04/29,59,Leesburg,0,0,0,0,0,0,No,"2016-04-29 09:21:13",0
997000000000000,5635881,F,2016/04/29,55,"Williams Bay",0,0,0,0,0,0,No,"2016-04-28 14:14:16",1
822000000000000,5633339,F,2016/04/29,71,"Williams Bay",0,0,1,0,0,0,No,"2016-04-28 09:20:36",1
26000000000000,5632906,F,2016/04/29,50,"Williams Bay",0,0,0,0,0,0,No,"2016-04-28 08:34:54",1
71600000000000,5641620,F,2016/04/29,49,"Williams Bay",0,1,0,0,0,0,No,"2016-04-29 14:02:16",0
274000000000,5635414,F,2016/04/29,78,"Williams Bay",0,1,1,0,0,0,Yes,"2016-04-28 13:27:27",1
4980000000000,5635842,F,2016/04/29,31,"Williams Bay",0,0,0,0,0,0,No,"2016-04-28 14:11:24",1
138000000000,5615608,M,2016/04/29,58,"Lake Lure",0,1,0,1,0,1,No,"2016-04-25 12:44:36",4
589000000000,5633116,F,2016/04/29,39,"Lenoir City",0,1,1,0,0,0,No,"2016-04-28 08:51:26",1
8550000000000,5618643,F,2016/04/29,58,"Williams Bay",0,0,0,0,0,1,Yes,"2016-04-26 07:19:49",3
92200000000000,5534656,F,2016/04/29,27,"Williams Bay",0,0,0,0,0,1,Yes,"2016-03-31 17:11:17",29
183000000000000,5534661,F,2016/04/29,19,Carlsbad,0,0,0,0,0,1,Yes,"2016-03-31 17:12:45",29
46900000000000,5534635,F,2016/04/29,23,Leesburg,1,0,0,0,0,1,Yes,"2016-03-31 17:05:31",29
799000000000000,5534639,F,2016/04/29,23,Orlando,1,0,0,0,0,1,Yes,"2016-03-31 17:06:17",29
444000000000000,5637909,M,2016/04/29,6,"Battle Creek",0,0,0,0,0,0,No,"2016-04-29 07:30:31",0
3370000000000,5638164,F,2016/04/29,6,"Lenoir City",0,0,0,0,0,0,No,"2016-04-29 07:46:08",0
41800000000000,5638018,M,2016/04/29,2,Billings,0,0,0,0,0,0,No,"2016-04-29 07:37:45",0
475000000000000,5600005,M,2016/04/29,12,Dahlonega,0,0,0,0,0,1,Yes,"2016-04-19 09:47:43",10
4000000000000,5638466,M,2016/04/29,11,"Battle Creek",0,0,0,0,0,0,No,"2016-04-29 08:03:51",0
44879439571,5638235,M,2016/04/29,7,Worthington,0,0,0,0,0,0,No,"2016-04-29 07:50:15",0
71800000000000,5638545,F,2016/04/29,0,Lexington,0,0,0,0,0,0,No,"2016-04-29 08:08:43",0
9290000000000,5628739,M,2016/04/29,8,Calhoun,1,0,0,0,0,0,No,"2016-04-27 11:32:14",2
559000000000,5626971,F,2016/04/29,2,Saginaw,0,0,0,0,0,0,Yes,"2016-04-27 08:53:09",2
36500000000000,5614045,F,2016/04/29,3,"Soddy Daisy",1,0,0,0,0,1,No,"2016-04-25 10:01:13",4
237000000000000,5628286,M,2016/04/29,0,Oconomowoc,0,0,0,0,0,0,No,"2016-04-27 10:46:12",2
189000000000000,5616082,M,2016/04/29,0,Leesburg,0,0,0,0,0,1,No,"2016-04-25 13:28:21",4
272000000000000,5628321,M,2016/04/29,0,"Lake Lure",0,0,0,0,0,0,No,"2016-04-27 10:48:50",2
978000000000000,5638604,M,2016/04/29,1,"Lake Lure",0,0,0,0,0,0,No,"2016-04-29 08:12:27",0
86500000000000,5639264,F,2016/04/29,0,Columbus,0,0,0,0,0,0,No,"2016-04-29 08:53:02",0
5430000000000,5552915,F,2016/04/29,69,Dublin,0,1,0,0,0,1,No,"2016-04-06 18:00:29",23
794000000000,5552917,F,2016/04/29,58,"Mount Arlington",0,0,0,0,0,1,No,"2016-04-06 18:00:51",23
67100000000000,5552914,M,2016/04/29,62,Dublin,0,0,0,0,0,0,No,"2016-04-06 17:59:58",23
1850000000000,5552936,F,2016/04/29,30,"Soddy Daisy",1,0,0,0,0,1,No,"2016-04-06 18:12:55",23
7750000000000,5638014,F,2016/04/29,61,Orlando,0,0,0,0,0,0,No,"2016-04-29 07:37:37",0
45400000000000,5552934,F,2016/04/29,68,"Lenoir City",0,1,1,0,0,1,No,"2016-04-06 18:12:38",23
9670000000000,5597628,F,2016/04/29,64,Orlando,0,0,0,0,0,1,No,"2016-04-18 17:29:12",11
149000000000,5597632,F,2016/04/29,60,Orlando,0,0,0,0,0,0,No,"2016-04-18 17:32:53",11
6550000000000,5597643,M,2016/04/29,28,"Battle Creek",0,0,0,0,0,0,Yes,"2016-04-18 17:40:18",11
5750000000000,5642767,F,2016/04/29,27,Worthington,0,0,0,0,0,0,No,"2016-04-29 17:06:27",0
626000000000,5597672,M,2016/04/29,21,Calhoun,0,0,0,0,0,1,No,"2016-04-18 17:52:49",11
99100000000000,5597673,M,2016/04/29,67,Dahlonega,0,0,0,0,0,1,Yes,"2016-04-18 17:53:25",11
1490000000000,5597685,M,2016/04/29,68,"Cedar Rapids",0,0,0,0,0,1,No,"2016-04-18 18:03:12",11
19800000000000,5597689,F,2016/04/29,49,Columbia,0,0,0,0,0,1,No,"2016-04-18 18:06:35",11
183000000000,5638939,M,2016/04/29,71,Coralville,0,0,0,0,0,0,No,"2016-04-29 08:36:19",0
227000000000,5637742,M,2016/04/29,36,"Cedar Rapids",0,0,0,0,0,0,No,"2016-04-29 07:20:46",0
26900000000000,5637915,F,2016/04/29,29,"Cedar Rapids",0,0,0,0,0,0,No,"2016-04-29 07:31:04",0
74700000000000,5623102,F,2016/04/29,69,"Forest Grove",0,1,0,0,0,0,No,"2016-04-26 13:34:14",3
3380000000000,5595347,M,2016/04/29,10,Calhoun,0,0,0,0,0,1,No,"2016-04-18 12:31:34",11
4140000000000,5595356,M,2016/04/29,2,Mercer,0,0,0,0,0,0,No,"2016-04-18 12:32:25",11
4450000000000,5595358,M,2016/04/29,1,Eugene,0,0,0,0,0,0,No,"2016-04-18 12:32:35",11
431000000000000,5640380,M,2016/04/29,0,"Forest Grove",0,0,0,0,0,0,No,"2016-04-29 10:37:02",0
878000000000000,5595362,M,2016/04/29,11,"Rocky Mount",0,0,0,0,0,1,Yes,"2016-04-18 12:33:05",11
2290000000000,5598651,F,2016/04/29,10,Worthington,0,0,0,0,0,1,No,"2016-04-19 07:51:31",10
295000000000000,5638591,M,2016/04/29,2,Tyler,0,0,0,0,0,0,No,"2016-04-29 08:11:38",0
63200000000000,5639376,F,2016/04/29,1,Sikeston,0,0,0,0,0,0,No,"2016-04-29 09:01:10",0
8190000000000,5640054,M,2016/04/29,10,"Rocky Mount",0,0,0,0,0,0,No,"2016-04-29 10:03:12",0
199000000000000,5640307,M,2016/04/29,1,Orlando,0,0,0,0,0,0,No,"2016-04-29 10:28:54",0
79400000000000,5623692,M,2016/04/29,3,"Mount Arlington",0,0,0,0,0,1,No,"2016-04-26 14:28:39",3
5250000000000,5565493,F,2016/04/29,35,"Rocky Mount",0,0,0,0,0,1,No,"2016-04-11 09:00:00",18
373000000000000,5571906,F,2016/04/29,51,Orlando,0,0,0,0,0,1,No,"2016-04-12 09:44:42",17
125000000000,5641893,F,2016/04/29,1,Sikeston,0,0,0,0,0,0,No,"2016-04-29 14:38:28",0
166000000000000,5574764,F,2016/04/29,20,"Battle Creek",0,0,0,0,0,1,No,"2016-04-12 15:47:45",17
68200000000000,5642813,M,2016/04/29,0,Columbus,0,0,0,0,0,0,No,"2016-04-29 17:24:19",0
42300000000000,5634093,F,2016/04/29,54,"Forest Grove",0,1,0,0,0,0,No,"2016-04-28 10:21:39",1
372000000000,5639379,F,2016/04/29,50,Leesburg,0,0,0,0,0,0,No,"2016-04-29 09:01:27",0
3330000000000,5632495,F,2016/04/29,0,Columbus,0,0,0,0,0,0,Yes,"2016-04-28 08:04:48",1
2920000000000,5639399,M,2016/04/29,51,Indianapolis,0,1,0,0,0,0,No,"2016-04-29 09:02:40",0
444000000000000,5639773,M,2016/04/29,54,"Bay City",0,1,0,0,0,0,No,"2016-04-29 09:34:00",0
7950000000000,5608249,F,2016/04/29,26,Dahlonega,0,0,0,0,0,1,Yes,"2016-04-20 13:30:12",9
43400000000000,5638829,F,2016/04/29,38,"Battle Creek",0,0,0,0,0,0,No,"2016-04-29 08:28:16",0
130000000000000,5572081,F,2016/04/29,34,Pittsburgh,0,0,0,0,0,1,No,"2016-04-12 10:01:23",17
3740000000000,5574527,F,2016/04/29,34,"Rocky Mount",0,0,0,0,0,1,No,"2016-04-12 15:10:45",17
377000000000,5574534,F,2016/04/29,56,Joplin,0,1,0,0,0,1,No,"2016-04-12 15:11:24",17
9540000000000,5594665,F,2016/04/29,59,"Soddy Daisy",0,1,1,0,0,1,No,"2016-04-18 11:05:04",11
60000000000000,5600591,M,2016/04/29,8,Columbus,0,0,0,0,0,1,No,"2016-04-19 10:55:18",10
35900000000000,5591384,F,2016/04/29,15,Bryant,0,0,0,0,0,1,No,"2016-04-15 16:58:02",14
847000000000,5641363,F,2016/04/29,54,"Grand Junction",0,1,0,0,0,0,No,"2016-04-29 13:24:28",0
4670000000000,5574680,F,2016/04/29,18,Orlando,0,0,0,0,0,1,Yes,"2016-04-12 15:35:30",17
744463183,5539219,F,2016/04/29,34,Joplin,1,0,0,0,0,1,No,"2016-04-01 14:27:30",28
9710000000000,5539858,F,2016/04/29,35,Lexington,0,0,0,0,0,1,No,"2016-04-01 16:01:28",28
329000000000,5546448,F,2016/04/29,33,Leesburg,0,0,0,0,0,1,No,"2016-04-05 16:14:11",24
6300000000000,5590755,F,2016/04/29,16,Hartford,0,0,0,0,0,1,No,"2016-04-15 14:54:29",14
456000000000000,5540024,F,2016/04/29,18,Mercer,0,0,0,0,0,1,No,"2016-04-01 16:40:41",28
4600000000000,5642643,M,2016/04/29,46,"Forest Grove",0,1,0,0,0,0,No,"2016-04-29 16:34:59",0
36700000000000,5621388,F,2016/04/29,31,Worthington,1,0,0,0,0,1,Yes,"2016-04-26 10:12:46",3
548000000000,5642319,F,2016/04/29,7,Columbia,0,0,0,0,0,0,No,"2016-04-29 15:35:28",0
100000000000000,5542592,F,2016/04/29,36,Columbia,0,1,0,0,0,1,No,"2016-04-05 09:09:15",24
945000000000000,5633576,F,2016/04/29,67,Madisonville,0,0,1,0,0,0,Yes,"2016-04-28 09:37:22",1
4220000000000,5561194,M,2016/04/29,42,"Battle Creek",0,1,1,0,0,1,No,"2016-04-08 10:14:36",21
949000000000000,5571842,F,2016/04/29,34,Albany,1,0,0,0,0,1,Yes,"2016-04-12 09:41:01",17
55400000000000,5560735,F,2016/04/29,22,Tatum,0,0,0,0,0,1,Yes,"2016-04-08 09:28:50",21
152000000000000,5639855,F,2016/04/29,5,Saginaw,1,0,0,0,0,0,No,"2016-04-29 09:42:22",0
47600000000000,5637150,M,2016/04/29,29,Owasso,0,0,0,1,0,0,Yes,"2016-04-28 17:38:06",1
847000000000000,5560742,M,2016/04/29,0,Bryant,0,0,0,0,0,1,Yes,"2016-04-08 09:29:23",21
3590000000000,5580520,M,2016/04/29,69,"Fort Worth",0,0,1,1,0,0,No,"2016-04-14 07:07:10",15
2160000000000,5596598,M,2016/04/29,47,"Soddy Daisy",0,0,0,0,0,1,No,"2016-04-18 14:56:14",11
7610000000000,5560758,M,2016/04/29,30,Sikeston,0,0,0,0,0,1,Yes,"2016-04-08 09:30:58",21
3430000000000,5587516,F,2016/04/29,33,Orlando,1,0,0,0,0,1,Yes,"2016-04-15 08:45:32",14
85457935622,5587875,M,2016/04/29,18,Dahlonega,0,0,0,0,0,1,Yes,"2016-04-15 09:14:14",14
287000000000,5600151,F,2016/04/29,29,Joplin,1,0,0,0,0,1,No,"2016-04-19 10:01:47",10
9470000000000,5638074,M,2016/04/29,30,Joplin,0,1,0,0,0,0,No,"2016-04-29 07:41:54",0
23200000000000,5579972,F,2016/04/29,17,Albany,0,0,0,0,0,1,Yes,"2016-04-13 16:06:15",16
14900000000000,5583657,M,2016/04/29,15,Gooding,0,0,0,0,0,0,No,"2016-04-14 11:28:31",15
294000000000000,5586769,M,2016/04/29,36,"Mount Arlington",0,0,0,0,0,1,No,"2016-04-15 07:56:48",14
4760000000000,5641034,F,2016/04/29,36,Worthington,0,0,0,0,0,0,No,"2016-04-29 12:04:30",0
176000000000000,5640987,M,2016/04/29,50,Gooding,0,0,0,0,0,0,No,"2016-04-29 11:56:37",0
23700000000000,5639602,M,2016/04/29,17,Joplin,0,0,0,0,0,0,Yes,"2016-04-29 09:17:23",0
4290000000000,5638548,F,2016/04/29,46,Warren,1,0,0,0,0,0,No,"2016-04-29 08:08:45",0
298000000000000,5639200,F,2016/04/29,65,"Cedar Rapids",0,1,0,0,1,0,No,"2016-04-29 08:48:03",0
564000000000000,5641470,F,2016/04/29,62,"Cripple Creek",0,0,0,0,0,0,No,"2016-04-29 13:42:52",0
2150000000000,5641472,F,2016/04/29,16,Leesburg,0,0,0,0,0,0,No,"2016-04-29 13:43:19",0
53924187266,5641476,M,2016/04/29,0,"Cripple Creek",0,0,0,0,0,0,No,"2016-04-29 13:43:34",0
14600000000000,5642198,M,2016/04/29,64,Carlsbad,0,0,0,0,0,0,No,"2016-04-29 15:18:57",0
38000000000000,5629610,F,2016/04/29,18,Columbia,0,0,0,0,0,0,Yes,"2016-04-27 13:46:37",2
19252634865,5636932,F,2016/04/29,30,Moore,0,0,0,0,0,0,No,"2016-04-28 16:38:34",1
19252634865,5636933,F,2016/04/29,30,Hartford,0,0,0,0,0,0,No,"2016-04-28 16:38:34",1
972000000000000,5634207,F,2016/04/29,62,Orlando,0,1,1,0,0,0,No,"2016-04-28 10:32:39",1
28600000000000,5634224,F,2016/04/29,41,Orlando,0,0,0,0,0,0,Yes,"2016-04-28 10:34:34",1
24300000000000,5634239,F,2016/04/29,5,"Bay City",0,0,0,0,0,0,No,"2016-04-28 10:36:10",1
588000000000000,5574391,F,2016/04/29,45,"Rocky Mount",0,0,0,0,0,1,No,"2016-04-12 14:51:09",17
699000000000,5551288,F,2016/04/29,71,Bryant,0,1,1,0,0,1,No,"2016-04-06 13:42:36",23
29200000000000,5562686,F,2016/04/29,58,"Mount Arlington",0,0,0,0,0,0,No,"2016-04-08 14:10:06",21
254000000000000,5543795,F,2016/04/29,38,Hartford,0,0,0,0,0,1,Yes,"2016-04-05 10:37:03",24
379000000000000,5551523,F,2016/04/29,44,"Mount Arlington",1,1,0,0,0,1,No,"2016-04-06 14:14:15",23
32500000000000,5537901,F,2016/04/29,37,"Mount Arlington",0,0,0,0,0,1,No,"2016-04-01 10:48:14",28
419000000000000,5619688,F,2016/04/29,16,Douglasville,0,0,0,0,0,1,No,"2016-04-26 08:13:18",3
2760000000000,5562536,F,2016/04/29,39,"Cripple Creek",1,0,0,0,0,1,No,"2016-04-08 13:45:15",21
9670000000000,5557543,F,2016/04/29,42,Madisonville,1,0,0,0,0,1,Yes,"2016-04-07 14:38:22",22
10000000000000,5545692,F,2016/04/29,35,Dublin,0,0,0,0,0,1,Yes,"2016-04-05 14:31:03",24
1240000000000,5601951,F,2016/04/29,24,"Mount Arlington",0,0,0,0,0,1,No,"2016-04-19 14:00:48",10
753000000000000,5545018,F,2016/04/29,50,Dahlonega,1,0,0,0,0,1,No,"2016-04-05 13:18:41",24
875000000000,5586515,F,2016/04/29,64,"Fort Worth",0,1,0,0,0,1,No,"2016-04-15 07:42:15",14
23700000000000,5537579,F,2016/04/29,32,"Rocky Mount",0,0,0,0,0,1,No,"2016-04-01 10:20:20",28
57200000000000,5537888,F,2016/04/29,17,Tatum,0,0,0,0,0,1,Yes,"2016-04-01 10:46:43",28
76800000000000,5597749,F,2016/04/29,4,Tyler,0,0,0,0,0,1,No,"2016-04-18 19:22:25",11
6590000000000,5537636,F,2016/04/29,21,"Fort Worth",0,0,0,0,0,1,No,"2016-04-01 10:24:49",28
685000000000,5597751,F,2016/04/29,27,Tyler,0,0,0,0,0,1,No,"2016-04-18 19:23:48",11
956000000000000,5597754,M,2016/04/29,6,Troy,0,0,0,0,0,1,No,"2016-04-18 19:25:38",11
7270000000000,5482953,M,2016/04/29,11,Billings,0,0,0,0,0,0,No,"2016-03-17 10:33:33",43
230000000000000,5537976,F,2016/04/29,4,Billings,0,0,0,0,0,1,No,"2016-04-01 10:56:56",28
21400000000000,5538301,F,2016/04/29,24,Fairmont,0,0,0,0,0,1,Yes,"2016-04-01 11:44:59",28
1880000000000,5537273,M,2016/04/29,11,Troy,0,0,0,0,0,1,No,"2016-04-01 09:50:12",28
149000000000,5639132,F,2016/04/29,35,"Battle Creek",0,0,0,0,0,0,No,"2016-04-29 08:44:52",0
550000000000000,5537281,M,2016/04/29,8,Russellville,1,0,0,0,0,1,No,"2016-04-01 09:50:48",28
725000000000,5524189,M,2016/04/29,69,Tatum,0,0,0,0,0,1,No,"2016-03-30 07:32:47",30
7570000000000,5520853,F,2016/04/29,3,Albany,0,0,0,0,0,1,Yes,"2016-03-29 10:37:48",31
66400000000000,5521733,F,2016/04/29,35,"Eau Claire",1,0,0,0,0,1,Yes,"2016-03-29 12:27:35",31
73300000000000,5587737,M,2016/04/29,66,Albany,0,1,0,1,0,0,No,"2016-04-15 09:02:16",14
54200000000000,5640928,F,2016/04/29,23,Russellville,0,0,0,0,0,0,No,"2016-04-29 11:44:24",0
188000000000000,5640933,M,2016/04/29,0,Albany,0,0,0,0,0,0,No,"2016-04-29 11:44:49",0
665000000000000,5640552,F,2016/04/29,77,Cambridge,0,1,0,0,1,0,No,"2016-04-29 10:56:26",0
9458117812,5640554,M,2016/04/29,81,"Miles City",0,0,0,0,1,0,No,"2016-04-29 10:56:40",0
394000000000000,5640559,F,2016/04/29,18,Hartford,1,0,0,0,0,0,No,"2016-04-29 10:56:53",0
1170000000000,5640561,M,2016/04/29,0,"Mount Arlington",0,0,0,0,0,0,No,"2016-04-29 10:57:14",0
238000000000,5532452,F,2016/04/29,0,Douglasville,0,0,0,0,0,1,No,"2016-03-31 11:14:57",29
444000000000,5539566,M,2016/04/29,0,"Bella Vista",0,0,0,0,0,0,No,"2016-04-01 15:17:10",28
652000000000000,5642656,M,2016/04/29,34,Albany,0,0,0,0,0,0,No,"2016-04-29 16:40:57",0
7560000000000,5642008,F,2016/04/29,19,Huntingdon,0,0,0,0,0,0,No,"2016-04-29 14:56:15",0
1750000000000,5641423,M,2016/04/29,58,Albany,0,1,0,0,0,0,No,"2016-04-29 13:33:21",0
21500000000000,5641064,F,2016/04/29,49,Billings,0,0,0,0,0,0,No,"2016-04-29 12:14:05",0
64300000000000,5639969,M,2016/04/29,62,Madisonville,0,1,1,0,1,0,No,"2016-04-29 09:54:38",0
734000000000000,5639942,M,2016/04/29,70,Cambridge,0,1,0,0,0,0,No,"2016-04-29 09:51:36",0
469000000000000,5639474,M,2016/04/29,2,Vandalia,0,0,0,0,0,0,No,"2016-04-29 09:08:47",0
7120000000000,5639473,M,2016/04/29,4,Douglasville,0,0,0,0,0,0,No,"2016-04-29 09:08:38",0
26200000000000,5636885,F,2016/04/29,46,Douglasville,0,1,0,0,0,0,No,"2016-04-28 16:28:00",1
12900000000000,5642904,M,2016/04/29,26,Albany,0,0,0,0,0,0,No,"2016-04-29 18:39:57",0
975000000000000,5642894,M,2016/04/29,44,Albany,0,1,0,0,0,0,No,"2016-04-29 18:26:08",0
173000000000,5631239,F,2016/04/29,56,"Eau Claire",0,0,1,0,0,0,No,"2016-04-27 19:08:40",2
63600000000000,5642700,M,2016/04/29,46,"Miles City",0,0,0,1,0,0,No,"2016-04-29 16:49:22",0
82186114497,5636832,M,2016/04/29,19,"Miles City",0,0,0,0,0,0,No,"2016-04-28 16:13:56",1
325000000000000,5625052,F,2016/04/29,47,Albany,0,0,0,0,0,0,No,"2016-04-26 18:57:07",3
18900000000000,5624916,F,2016/04/29,47,Batesville,0,0,0,0,0,0,No,"2016-04-26 17:45:31",3
9870000000000,5631146,F,2016/04/29,56,"Miles City",0,1,0,0,1,0,No,"2016-04-27 18:03:02",2
427000000000000,5642059,M,2016/04/29,62,"Miles City",0,1,1,0,0,0,Yes,"2016-04-29 14:59:38",0
29500000000000,5640235,M,2016/04/29,53,Huntingdon,0,1,0,0,0,0,No,"2016-04-29 10:20:34",0
11600000000000,5633149,M,2016/04/29,36,"Mount Arlington",0,0,0,0,0,0,Yes,"2016-04-28 08:54:18",1
9870000000000,5635637,M,2016/04/29,63,Huntingdon,0,1,0,0,0,0,No,"2016-04-28 13:52:37",1
372000000000,5606885,F,2016/04/29,29,Albany,0,0,0,0,0,1,Yes,"2016-04-20 10:49:14",9
38600000000000,5555546,F,2016/04/29,75,"Miles City",0,1,0,0,0,1,No,"2016-04-07 10:15:58",22
849000000000000,5559082,F,2016/04/29,59,Huntingdon,0,1,0,0,0,1,No,"2016-04-08 07:21:44",21
88200000000000,5559190,M,2016/04/29,45,Warren,0,0,0,0,0,1,No,"2016-04-08 07:30:25",21
85700000000000,5638768,F,2016/04/29,73,Blythewood,0,1,0,0,0,0,No,"2016-04-29 08:24:02",0
843000000000000,5640011,F,2016/04/29,31,Batesville,0,0,0,0,0,0,No,"2016-04-29 09:58:38",0
766000000000000,5638753,M,2016/04/29,24,"Miles City",0,0,0,0,0,0,No,"2016-04-29 08:23:04",0
696000000000,5639125,M,2016/04/29,33,Warren,0,1,0,0,0,0,No,"2016-04-29 08:44:29",0
17900000000000,5638651,M,2016/04/29,42,Batesville,0,0,0,0,0,0,No,"2016-04-29 08:16:03",0
51500000000000,5638575,F,2016/04/29,49,Dublin,0,1,0,0,0,0,No,"2016-04-29 08:10:50",0
737000000000,5558421,F,2016/04/29,52,"Cripple Creek",0,0,0,0,0,1,No,"2016-04-07 16:37:27",22
64700000000000,5555334,F,2016/04/29,74,Batesville,0,1,1,0,0,1,No,"2016-04-07 09:54:55",22
13400000000000,5638485,F,2016/04/29,67,Vandalia,0,1,0,0,0,0,No,"2016-04-29 08:05:16",0
4770000000000,5637839,M,2016/04/29,53,Vandalia,0,1,1,0,0,0,No,"2016-04-29 07:26:01",0
595000000000000,5572635,F,2016/04/29,52,Cambridge,0,0,1,0,0,1,No,"2016-04-12 10:59:06",17
29300000000000,5639534,F,2016/04/29,43,Vandalia,1,0,0,0,0,0,No,"2016-04-29 09:12:35",0
17800000000000,5639956,F,2016/04/29,8,Blythewood,1,0,0,0,0,0,No,"2016-04-29 09:52:34",0
9960000000000,5640363,F,2016/04/29,38,Douglasville,1,0,0,0,0,0,No,"2016-04-29 10:35:18",0
87200000000000,5622415,F,2016/04/29,55,Cambridge,0,1,0,0,0,1,No,"2016-04-26 12:03:59",3
999000000000,5622419,F,2016/04/29,53,"Bella Vista",0,1,0,0,0,1,No,"2016-04-26 12:04:27",3
713000000000000,5641407,M,2016/04/29,37,Blythewood,0,0,0,0,0,0,No,"2016-04-29 13:31:00",0
5370000000000,5623002,F,2016/04/29,27,"Grand Junction",1,0,0,0,0,1,Yes,"2016-04-26 13:23:55",3
784000000000,5622841,F,2016/04/29,65,Vandalia,0,1,1,0,1,1,No,"2016-04-26 13:06:57",3
46400000000000,5614681,F,2016/04/29,20,"Bella Vista",0,0,0,0,0,1,No,"2016-04-25 10:50:32",4
229000000000000,5636646,F,2016/04/29,22,Russellville,1,0,0,0,0,0,Yes,"2016-04-28 15:48:02",1
88000000000000,5640396,F,2016/04/29,31,"Miles City",0,0,0,0,0,0,No,"2016-04-29 10:39:36",0
47100000000000,5639242,M,2016/04/29,69,"Cedar Rapids",0,1,0,0,0,0,No,"2016-04-29 08:50:40",0
441000000000000,5639223,F,2016/04/29,89,Dublin,0,1,0,0,0,0,No,"2016-04-29 08:49:15",0
5780000000000,5637626,F,2016/04/29,32,"Mount Arlington",0,0,0,0,0,0,No,"2016-04-29 07:12:30",0
4680000000000,5489424,F,2016/04/29,13,"Miles City",0,0,0,0,0,0,No,"2016-03-18 12:59:17",42
7680000000000,5489420,F,2016/04/29,42,Blythewood,0,0,0,0,0,0,No,"2016-03-18 12:58:55",42
22357227114,5489434,F,2016/04/29,57,Indianapolis,0,0,0,0,0,0,Yes,"2016-03-18 13:01:08",42
927000000000,5489418,F,2016/04/29,39,"Battle Creek",0,0,1,0,0,0,No,"2016-03-18 12:58:14",42
68165314285,5621135,F,2016/04/29,28,"Miles City",1,0,0,0,0,1,No,"2016-04-26 09:52:42",3
294000000000000,5640181,M,2016/04/29,0,Blythewood,0,0,0,0,0,0,Yes,"2016-04-29 10:13:35",0
654000000000,5640178,F,2016/04/29,33,Vandalia,1,0,0,0,0,0,Yes,"2016-04-29 10:13:22",0
3350000000000,5629903,F,2016/04/29,18,Huntingdon,0,0,0,0,0,0,Yes,"2016-04-27 14:18:49",2
62900000000000,5624112,F,2016/04/29,14,"Fort Wayne",1,0,0,0,0,1,No,"2016-04-26 15:14:59",3
8210000000000,5624107,M,2016/04/29,9,Cary,1,0,0,0,0,1,No,"2016-04-26 15:14:08",3
995000000000000,5623635,F,2016/04/29,28,"Bella Vista",1,1,0,0,0,1,No,"2016-04-26 14:21:57",3
85997128896,5629906,F,2016/04/29,0,Mobile,0,0,0,0,0,0,Yes,"2016-04-27 14:19:02",2
2940000000000,5592805,F,2016/04/29,75,Cary,0,1,1,0,0,1,No,"2016-04-18 08:29:14",11
38247915222,5604188,F,2016/04/29,28,"Miles City",0,0,0,0,0,1,No,"2016-04-20 07:44:58",9
769000000000000,5594912,F,2016/04/29,19,"El Reno",0,0,0,0,0,1,Yes,"2016-04-18 11:31:37",11
41400000000000,5621024,M,2016/04/29,8,Douglasville,1,0,0,0,0,1,Yes,"2016-04-26 09:45:08",3
67300000000000,5637684,F,2016/04/29,74,Cambridge,0,1,1,0,0,0,No,"2016-04-29 07:17:23",0
262000000000,5637980,F,2016/04/29,37,Huntingdon,0,0,0,0,0,0,No,"2016-04-29 07:35:25",0
191000000000,5638491,M,2016/04/29,58,Vandalia,0,0,0,0,0,0,No,"2016-04-29 08:05:40",0
19700000000000,5638572,F,2016/04/29,21,"El Reno",0,0,0,0,0,0,No,"2016-04-29 08:10:38",0
540000000000000,5639232,F,2016/04/29,65,Mullins,0,0,0,0,0,0,No,"2016-04-29 08:49:34",0
12000000000000,5639237,M,2016/04/29,0,"Mount Arlington",0,0,0,0,0,0,No,"2016-04-29 08:50:09",0
2620000000000,5639738,F,2016/04/29,9,Batesville,0,0,0,0,0,0,No,"2016-04-29 09:29:55",0
82915128241,5640474,F,2016/04/29,3,"Fort Wayne",0,0,0,0,0,0,No,"2016-04-29 10:47:09",0
5283221457,5641063,F,2016/04/29,51,Columbia,0,0,0,0,0,0,No,"2016-04-29 12:13:58",0
8620000000000,5620528,F,2016/04/29,45,Brockton,1,1,0,0,0,1,Yes,"2016-04-26 09:08:53",3
198000000000000,5612133,F,2016/04/29,12,Huntingdon,0,0,0,0,0,1,Yes,"2016-04-25 07:58:09",4
5120000000000,5594085,F,2016/04/29,51,Albany,0,1,0,0,1,1,Yes,"2016-04-18 10:12:57",11
8440000000000,5612157,F,2016/04/29,44,Mullins,0,0,0,0,0,1,No,"2016-04-25 07:59:21",4
4000000000000,5641070,F,2016/04/29,41,Huntingdon,0,0,0,0,0,0,No,"2016-04-29 12:16:28",0
58800000000000,5641067,M,2016/04/29,7,Albany,0,0,0,0,0,0,No,"2016-04-29 12:15:33",0
1190000000000,5641191,M,2016/04/29,48,Dublin,0,0,0,0,0,0,No,"2016-04-29 12:47:35",0
85900000000000,5641281,F,2016/04/29,23,Brockton,0,0,0,0,0,0,No,"2016-04-29 13:11:41",0
37800000000000,5641065,M,2016/04/29,12,Huntingdon,0,0,0,0,0,0,No,"2016-04-29 12:14:41",0
5670000000000,5638397,F,2016/04/29,28,Livermore,1,0,0,0,0,0,No,"2016-04-29 07:59:32",0
2160000000000,5640108,M,2016/04/29,3,"Soddy Daisy",0,0,0,0,0,0,No,"2016-04-29 10:08:02",0
320000000000,5640366,M,2016/04/29,79,"El Reno",0,0,0,0,0,0,No,"2016-04-29 10:35:49",0
9760000000000,5541090,F,2016/04/29,3,"Miles City",0,0,0,0,0,0,No,"2016-04-05 07:39:33",24
5570000000000,5512177,F,2016/04/29,2,"Eau Claire",0,0,0,0,0,0,No,"2016-03-28 08:37:23",32
476000000000000,5520021,F,2016/04/29,40,Livermore,1,0,0,0,0,0,No,"2016-03-29 09:28:01",31
63428437855,5430959,F,2016/04/29,20,Cary,0,0,0,0,0,0,No,"2016-03-04 09:51:43",56
8390000000000,5471716,F,2016/04/29,3,Calhoun,0,0,0,0,0,1,No,"2016-03-15 13:11:49",45
22500000000000,5532909,M,2016/04/29,43,Brockton,0,0,0,0,0,0,Yes,"2016-03-31 12:39:06",29
22500000000000,5532908,M,2016/04/29,43,Warren,0,0,0,0,0,1,Yes,"2016-03-31 12:39:06",29
7220000000000,5566072,M,2016/04/29,7,"Fort Wayne",0,0,0,0,0,0,No,"2016-04-11 09:50:19",18
7220000000000,5566070,M,2016/04/29,7,Batesville,0,0,0,0,0,1,No,"2016-04-11 09:50:18",18
526000000000000,5642545,F,2016/04/29,17,Dublin,0,0,0,0,0,0,No,"2016-04-29 16:17:16",0
46500000000000,5642766,F,2016/04/29,0,Batesville,0,0,0,0,0,0,No,"2016-04-29 17:06:22",0
9940000000000,5637808,M,2016/04/29,17,Dublin,0,0,0,0,0,0,No,"2016-04-29 07:24:33",0
6490000000000,5464289,M,2016/04/29,60,Raleigh,0,1,1,0,0,1,No,"2016-03-14 11:18:07",46
28100000000000,5470709,M,2016/04/29,54,Albany,0,1,1,0,0,0,No,"2016-03-15 10:57:15",45
99800000000000,5640119,F,2016/04/29,83,Vandalia,0,0,0,0,0,0,No,"2016-04-29 10:08:47",0
14100000000000,5616693,F,2016/04/29,16,Livermore,0,0,0,0,0,1,No,"2016-04-25 14:39:05",4
44300000000000,5473380,F,2016/04/29,22,"Fort Wayne",0,0,0,0,0,0,Yes,"2016-03-15 16:51:57",45
95300000000000,5618957,M,2016/04/29,1,Livermore,0,0,0,0,0,1,No,"2016-04-26 07:34:07",3
4290000000000,5641489,F,2016/04/29,32,"Eau Claire",0,0,0,0,0,0,No,"2016-04-29 13:45:04",0
2000000000000,5638054,F,2016/04/29,1,Cary,0,0,0,0,0,0,No,"2016-04-29 07:40:37",0
43700000000000,5638040,F,2016/04/29,1,"Fort Wayne",0,0,0,0,0,0,No,"2016-04-29 07:39:35",0
67800000000000,5637953,M,2016/04/29,14,Raleigh,0,0,0,0,0,0,No,"2016-04-29 07:33:39",0
7230000000000,5638142,F,2016/04/29,15,Cary,0,0,0,0,0,0,No,"2016-04-29 07:45:07",0
979000000000,5638226,F,2016/04/29,0,Albany,0,0,0,0,0,0,No,"2016-04-29 07:49:54",0
265000000000,5638370,M,2016/04/29,0,Albany,0,0,0,0,0,0,No,"2016-04-29 07:58:15",0
975000000000,5638239,M,2016/04/29,2,Livermore,0,0,0,0,0,0,No,"2016-04-29 07:50:24",0
985000000000000,5638709,M,2016/04/29,2,"Fort Wayne",0,0,0,0,0,0,No,"2016-04-29 08:19:56",0
1190000000000,5638863,M,2016/04/29,13,Douglasville,0,0,0,0,0,0,No,"2016-04-29 08:30:30",0
373000000000000,5639056,M,2016/04/29,0,Raleigh,0,0,0,0,0,0,No,"2016-04-29 08:40:58",0
39900000000000,5638964,M,2016/04/29,4,Vandalia,0,0,0,0,0,0,No,"2016-04-29 08:37:25",0
35300000000000,5639186,M,2016/04/29,5,Albany,0,0,0,0,0,0,No,"2016-04-29 08:47:30",0
17600000000000,5582866,F,2016/04/29,1,Livermore,0,0,0,0,0,1,No,"2016-04-14 10:01:08",15
23600000000000,5636722,F,2016/04/29,58,Boone,0,1,1,0,0,0,No,"2016-04-28 15:57:29",1
53189235487,5639489,M,2016/04/29,9,Albany,0,0,0,0,0,0,No,"2016-04-29 09:09:47",0
17600000000000,5582867,F,2016/04/29,1,"Eau Claire",0,0,0,0,0,0,No,"2016-04-14 10:01:09",15
917000000000000,5641990,F,2016/04/29,35,Raleigh,1,0,0,0,0,0,No,"2016-04-29 14:54:41",0
59000000000000,5641273,F,2016/04/29,33,Huntingdon,0,0,0,0,0,0,No,"2016-04-29 13:09:13",0
915000000000000,5609088,M,2016/04/29,6,"Eau Claire",0,0,0,0,0,1,No,"2016-04-20 15:06:30",9
91800000000000,5617275,M,2016/04/29,4,Cary,0,0,0,0,0,0,No,"2016-04-25 15:47:42",4
6560000000000,5526187,F,2016/04/29,70,"Miles City",0,1,0,0,0,1,No,"2016-03-30 10:32:48",30
3880000000000,5526179,M,2016/04/29,72,"Mount Arlington",0,1,0,0,0,0,No,"2016-03-30 10:32:03",30
67900000000000,5530226,F,2016/04/29,63,Boone,0,1,0,0,0,1,No,"2016-03-31 08:01:48",29
617000000000,5637138,M,2016/04/29,5,Blythewood,0,0,0,0,0,0,No,"2016-04-28 17:33:06",1
83100000000000,5530225,F,2016/04/29,76,Boone,0,0,0,0,0,0,No,"2016-03-31 08:01:47",29
5700000000000,5523433,F,2016/04/29,62,Blythewood,0,1,1,0,0,1,No,"2016-03-29 17:22:54",31
59200000000000,5523432,M,2016/04/29,66,Columbia,0,0,0,0,0,1,No,"2016-03-29 17:22:41",31
16300000000000,5605405,M,2016/04/29,3,Albany,0,0,0,0,0,1,No,"2016-04-20 08:57:33",9
70000000000000,5639470,F,2016/04/29,62,Raleigh,0,0,0,0,0,0,No,"2016-04-29 09:08:30",0
7240000000000,5604075,M,2016/04/29,5,"Mount Arlington",0,0,0,0,0,0,No,"2016-04-20 07:38:50",9
822000000000,5639649,F,2016/04/29,23,Raleigh,1,0,0,1,0,0,No,"2016-04-29 09:21:30",0
77900000000000,5485577,F,2016/04/29,48,Columbus,0,1,0,0,0,1,No,"2016-03-17 17:26:01",43
7910000000000,5488081,M,2016/04/29,58,Boone,0,0,0,0,0,0,Yes,"2016-03-18 09:42:18",42
22700000000000,5484718,M,2016/04/29,35,Blythewood,0,1,0,0,0,0,No,"2016-03-17 14:38:45",43
385000000000000,5616112,F,2016/04/29,62,Saginaw,0,0,0,0,0,1,No,"2016-04-25 13:31:02",4
28200000000000,5490381,M,2016/04/29,51,Blythewood,0,0,0,0,0,1,Yes,"2016-03-18 14:47:16",42
642000000000000,5642318,F,2016/04/29,22,Blythewood,0,0,0,0,0,0,No,"2016-04-29 15:35:05",0
47500000000000,5488360,M,2016/04/29,19,Blythewood,0,0,0,0,0,0,Yes,"2016-03-18 10:07:49",42
444000000000000,5488362,F,2016/04/29,40,Blythewood,0,0,0,0,0,1,No,"2016-03-18 10:08:01",42
76500000000000,5488289,F,2016/04/29,8,Raleigh,0,0,0,0,0,1,No,"2016-03-18 10:01:46",42
7230000000000,5642405,F,2016/04/29,53,Raleigh,0,1,0,0,0,0,No,"2016-04-29 15:49:30",0
63000000000000,5488239,M,2016/04/29,51,Batesville,0,0,0,0,0,0,No,"2016-03-18 09:57:33",42
673000000000,5638476,M,2016/04/29,25,Raleigh,0,0,0,0,0,0,No,"2016-04-29 08:04:32",0
822000000000,5638396,F,2016/04/29,23,Blythewood,1,0,0,1,0,0,No,"2016-04-29 07:59:32",0
25500000000000,5487390,M,2016/04/29,13,Huntingdon,0,0,0,0,0,1,Yes,"2016-03-18 08:36:06",42
66385679235,5493991,F,2016/04/29,59,Cary,1,1,0,0,0,1,No,"2016-03-21 09:22:45",39
41400000000000,5494266,F,2016/04/29,7,Blythewood,0,0,0,0,0,0,Yes,"2016-03-21 09:47:01",39
75600000000000,5494579,F,2016/04/29,50,Blythewood,0,0,1,0,0,0,No,"2016-03-21 10:17:26",39
841000000000,5639660,F,2016/04/29,31,Blythewood,0,0,0,0,0,0,No,"2016-04-29 09:22:08",0
7740000000000,5494577,M,2016/04/29,54,"Miles City",0,0,0,0,0,0,No,"2016-03-21 10:17:10",39
83500000000000,5639896,F,2016/04/29,39,Cary,0,0,0,0,0,0,No,"2016-04-29 09:46:57",0
5920000000000,5494413,F,2016/04/29,62,Saginaw,0,1,0,0,0,1,Yes,"2016-03-21 10:01:59",39
51400000000000,5493693,F,2016/04/29,56,Gooding,0,1,0,0,0,1,No,"2016-03-21 08:57:41",39
983000000000000,5494050,F,2016/04/29,64,"Miles City",0,1,1,0,0,1,No,"2016-03-21 09:28:12",39
199000000000,5494047,M,2016/04/29,63,Douglasville,0,1,1,0,0,1,No,"2016-03-21 09:27:57",39
76200000000000,5639054,F,2016/04/29,33,"Eau Claire",0,0,0,0,0,0,No,"2016-04-29 08:40:55",0
55200000000000,5639014,M,2016/04/29,22,Huntingdon,0,0,0,0,0,0,No,"2016-04-29 08:39:25",0
735000000000000,5531831,F,2016/04/29,0,Livermore,0,0,0,0,0,0,Yes,"2016-03-31 10:07:18",29
798000000000,5551583,M,2016/04/29,0,"Fort Wayne",0,0,0,0,0,0,No,"2016-04-06 14:20:30",23
85100000000000,5531912,M,2016/04/29,1,"Miles City",0,0,0,0,0,1,Yes,"2016-03-31 10:13:35",29
638000000000,5531870,M,2016/04/29,1,Livermore,0,0,0,0,0,0,Yes,"2016-03-31 10:09:41",29
74200000000000,5575146,F,2016/04/29,1,Dublin,0,0,0,0,0,0,No,"2016-04-12 17:12:17",17
74200000000000,5575145,F,2016/04/29,1,Dublin,0,0,0,0,0,1,No,"2016-04-12 17:12:17",17
74500000000000,5601846,F,2016/04/29,43,Livermore,0,1,0,0,0,1,No,"2016-04-19 13:47:43",10
187000000000000,5531843,M,2016/04/29,1,Livermore,0,0,0,0,0,1,Yes,"2016-03-31 10:08:16",29
350000000000000,5531933,F,2016/04/29,0,"Bella Vista",0,0,0,0,0,1,Yes,"2016-03-31 10:14:54",29
2210000000000,5613287,F,2016/04/29,39,Vandalia,0,1,1,0,0,1,No,"2016-04-25 09:11:02",4
434000000000000,5639864,F,2016/04/29,39,"Mount Arlington",0,0,0,0,0,0,No,"2016-04-29 09:43:15",0
434000000000000,5639863,F,2016/04/29,39,Livermore,0,0,0,0,0,0,No,"2016-04-29 09:43:15",0
4497415116,5600826,F,2016/04/29,11,"Soddy Daisy",0,0,0,0,0,0,No,"2016-04-19 11:16:27",10
4497415116,5600825,F,2016/04/29,11,"Cedar Rapids",0,0,0,0,0,0,No,"2016-04-19 11:16:27",10
95600000000000,5614109,F,2016/04/29,22,"Saint Mary",0,0,0,0,0,0,No,"2016-04-25 10:06:33",4
95600000000000,5614108,F,2016/04/29,22,"Eau Claire",0,0,0,0,0,1,No,"2016-04-25 10:06:33",4
2210000000000,5613288,F,2016/04/29,39,"Fort Wayne",0,1,1,0,0,0,No,"2016-04-25 09:11:02",4
31600000000000,5536865,F,2016/04/29,34,Blythewood,1,0,0,0,0,1,No,"2016-04-01 09:14:09",28
212000000000,5532198,F,2016/04/29,29,Blythewood,0,0,0,0,0,1,No,"2016-03-31 10:42:43",29
912000000000,5522585,M,2016/04/29,0,Livermore,0,0,0,0,0,1,No,"2016-03-29 14:39:32",31
98791544133,5546661,F,2016/04/29,21,Livermore,0,0,0,0,0,1,No,"2016-04-05 16:53:59",24
258000000000000,5546660,F,2016/04/29,55,Raleigh,0,0,0,0,0,1,No,"2016-04-05 16:53:46",24
83100000000000,5546326,F,2016/04/29,29,Boone,0,0,0,0,0,1,No,"2016-04-05 15:58:23",24
1460000000000,5555577,F,2016/04/29,54,Cambridge,0,1,0,1,0,0,No,"2016-04-07 10:19:49",22
45000000000000,5632746,F,2016/04/29,65,Cary,0,1,1,0,0,0,No,"2016-04-28 08:24:05",1
649000000000,5642242,F,2016/04/29,23,Columbia,0,0,0,0,0,0,No,"2016-04-29 15:25:00",0
949000000000,5639387,M,2016/04/29,63,Gooding,0,1,0,1,0,0,No,"2016-04-29 09:02:02",0
9490000000000,5640609,M,2016/04/29,36,Cambridge,0,0,0,0,0,0,No,"2016-04-29 11:03:03",0
9170000000000,5640735,F,2016/04/29,65,Dublin,0,1,1,0,0,0,No,"2016-04-29 11:19:16",0
54100000000000,5510409,F,2016/04/29,56,"Bella Vista",0,0,0,0,0,1,No,"2016-03-23 19:04:55",37
84300000000000,5515837,F,2016/04/29,41,Boone,0,0,0,0,0,1,No,"2016-03-28 13:38:00",32
8430000000000,5510402,F,2016/04/29,69,Owensboro,0,0,0,0,0,1,No,"2016-03-23 18:57:43",37
370000000000,5515978,M,2016/04/29,67,"Fort Wayne",0,0,0,0,0,1,No,"2016-03-28 13:52:35",32
396000000000000,5510420,F,2016/04/29,76,Livermore,0,0,0,0,0,1,No,"2016-03-23 19:09:37",37
83800000000000,5510395,M,2016/04/29,71,Lamar,0,0,0,0,0,1,No,"2016-03-23 18:52:17",37
6540000000000,5510389,F,2016/04/29,74,Livermore,0,1,1,0,0,1,No,"2016-03-23 18:45:58",37
777000000000,5515887,F,2016/04/29,18,Livermore,1,0,0,0,0,1,No,"2016-03-28 13:43:34",32
5670000000000,5510382,F,2016/04/29,54,Livermore,0,0,0,0,0,1,No,"2016-03-23 18:40:28",37
327000000000,5627215,F,2016/04/29,57,Leesburg,0,0,0,0,0,0,No,"2016-04-27 09:11:23",2
461000000000000,5639398,F,2016/04/29,80,Cary,0,0,0,0,0,0,No,"2016-04-29 09:02:30",0
9440000000000,5636999,F,2016/04/29,43,Cary,0,0,0,0,0,0,No,"2016-04-28 16:52:04",1
5240000000000,5639808,F,2016/04/29,53,Blythewood,0,0,0,0,0,0,No,"2016-04-29 09:37:29",0
95200000000000,5627333,M,2016/04/29,36,Blythewood,0,0,0,0,0,0,No,"2016-04-27 09:22:00",2
232000000000000,5508634,F,2016/04/29,64,Douglasville,0,0,0,0,0,0,No,"2016-03-23 14:10:28",37
1880000000000,5624578,F,2016/04/29,87,Raleigh,0,0,0,0,0,0,No,"2016-04-26 16:23:49",3
862000000000,5640175,F,2016/04/29,20,"Mount Arlington",0,0,0,0,0,0,No,"2016-04-29 10:13:19",0
744000000000000,5640565,F,2016/04/29,36,Livermore,0,0,0,0,0,0,No,"2016-04-29 10:57:42",0
291000000000,5508680,F,2016/04/29,53,Raleigh,0,0,0,0,0,1,No,"2016-03-23 14:15:12",37
78700000000000,5508599,F,2016/04/29,46,"Miles City",0,1,0,0,0,1,No,"2016-03-23 14:07:09",37
392000000000000,5510049,F,2016/04/29,78,Sikeston,0,0,0,0,0,0,No,"2016-03-23 16:50:32",37
47500000000000,5640550,M,2016/04/29,62,Fairmont,0,0,0,0,0,0,No,"2016-04-29 10:56:13",0
14200000000000,5510054,M,2016/04/29,66,Livermore,0,0,0,0,0,1,No,"2016-03-23 16:51:54",37
32200000000000,5508748,F,2016/04/29,60,"Eau Claire",0,0,0,0,0,1,No,"2016-03-23 14:21:29",37
487000000000000,5508753,M,2016/04/29,57,"Eau Claire",0,0,0,0,0,1,No,"2016-03-23 14:21:43",37
4670000000000,5508644,M,2016/04/29,62,Cary,0,1,0,0,0,1,No,"2016-03-23 14:11:27",37
28200000000000,5642697,M,2016/04/29,56,"Miles City",0,0,0,0,0,0,No,"2016-04-29 16:48:41",0
7270000000000,5591213,F,2016/04/29,29,"Fort Wayne",1,0,0,0,0,1,Yes,"2016-04-15 16:07:02",14
7270000000000,5601968,F,2016/04/29,29,Vandalia,1,0,0,0,0,0,Yes,"2016-04-19 14:02:07",10
399000000000000,5496971,F,2016/04/29,32,Albany,0,0,0,0,0,1,No,"2016-03-21 15:22:03",39
399000000000000,5496974,F,2016/04/29,32,Albany,0,0,0,0,0,0,No,"2016-03-21 15:22:17",39
38200000000000,5496977,M,2016/04/29,12,Boone,0,0,0,0,0,1,Yes,"2016-03-21 15:22:33",39
7270000000000,5639757,F,2016/04/29,29,Albany,1,0,0,0,0,0,No,"2016-04-29 09:32:22",0
86700000000000,5498802,F,2016/04/29,22,Livermore,0,0,0,0,0,1,Yes,"2016-03-22 07:59:06",38
44000000000000,5499102,F,2016/04/29,16,Huntingdon,0,0,1,0,0,1,No,"2016-03-22 08:18:09",38
739000000000000,5501785,F,2016/04/29,4,Batesville,0,0,0,0,0,1,No,"2016-03-22 13:38:37",38
16900000000000,5502329,F,2016/04/29,55,Raleigh,0,0,0,0,0,1,No,"2016-03-22 14:36:12",38
3830000000000,5588628,M,2016/04/29,12,Livermore,0,0,0,0,0,1,No,"2016-04-15 10:17:51",14
8420000000000,5478298,F,2016/04/29,39,Blythewood,0,0,0,0,0,1,No,"2016-03-16 14:34:20",44
8420000000000,5478299,F,2016/04/29,39,"Little River",0,0,0,0,0,0,No,"2016-03-16 14:34:20",44
374000000000000,5498615,M,2016/04/29,22,Douglasville,0,0,0,0,0,1,Yes,"2016-03-22 07:46:46",38
767000000000000,5499243,F,2016/04/29,7,Brockton,0,0,0,0,0,1,No,"2016-03-22 08:28:21",38
386000000000000,5629014,F,2016/04/29,1,Orlando,0,0,0,0,0,0,No,"2016-04-27 12:29:25",2
78900000000000,5632739,F,2016/04/29,8,Livermore,0,0,0,0,0,0,No,"2016-04-28 08:23:20",1
9990000000000,5634861,M,2016/04/29,8,Batesville,1,0,0,0,0,0,No,"2016-04-28 11:53:49",1
4860000000000,5634853,M,2016/04/29,5,Albany,1,0,0,0,0,0,No,"2016-04-28 11:52:53",1
776000000000000,5641261,M,2016/04/29,4,Albany,0,0,0,0,0,0,No,"2016-04-29 13:06:22",0
963000000000000,5533985,F,2016/04/29,0,Boone,0,0,0,0,0,1,Yes,"2016-03-31 15:01:12",29
53628917368,5641228,M,2016/04/29,8,"Osage Beach",0,0,0,0,0,0,No,"2016-04-29 12:59:17",0
2620000000000,5639908,F,2016/04/29,9,"Fort Wayne",0,0,0,0,0,0,No,"2016-04-29 09:47:49",0
712000000000000,5640834,F,2016/04/29,7,Cambridge,0,0,0,0,0,0,No,"2016-04-29 11:29:50",0
5380000000000,5626992,M,2016/04/29,3,"Fort Wayne",0,0,0,0,0,0,No,"2016-04-27 08:54:36",2
938000000000000,5625973,M,2016/04/29,1,Dahlonega,0,0,0,0,0,0,No,"2016-04-27 07:46:05",2
83700000000000,5639495,F,2016/04/29,25,"Soddy Daisy",1,0,0,0,0,0,Yes,"2016-04-29 09:09:55",0
39400000000000,5639484,M,2016/04/29,36,"Osage Beach",0,1,0,0,0,0,Yes,"2016-04-29 09:09:31",0
58500000000000,5615304,F,2016/04/29,72,Vandalia,0,1,0,0,0,1,No,"2016-04-25 12:06:03",4
46000000000000,5609925,F,2016/04/29,31,Cary,1,0,0,0,0,1,No,"2016-04-20 17:44:53",9
12200000000000,5590514,M,2016/04/29,13,Lamar,0,0,0,0,0,1,No,"2016-04-15 14:22:02",14
2530000000000,5583419,F,2016/04/29,65,Boone,0,1,0,0,0,1,No,"2016-04-14 11:01:47",15
24494241866,5562707,F,2016/04/29,60,Dublin,0,0,0,0,0,1,Yes,"2016-04-08 14:13:23",21
13200000000000,5561624,F,2016/04/29,21,Leesburg,0,0,0,0,0,1,No,"2016-04-08 10:58:48",21
62800000000000,5564809,M,2016/04/29,12,Cambridge,0,0,0,0,0,1,Yes,"2016-04-11 08:06:06",18
29100000000000,5642497,F,2016/04/29,11,Cary,0,0,0,0,0,0,No,"2016-04-29 16:07:41",0
713000000000000,5642472,M,2016/04/29,12,Cooperstown,0,0,0,0,0,0,No,"2016-04-29 16:03:44",0
3260000000000,5539789,F,2016/04/29,32,Albany,0,0,0,0,0,1,No,"2016-04-01 15:48:20",28
366000000000000,5642477,M,2016/04/29,13,Batesville,0,0,0,0,0,0,No,"2016-04-29 16:04:19",0
564000000000000,5642479,M,2016/04/29,10,"Fort Wayne",0,0,0,0,0,0,No,"2016-04-29 16:04:33",0
214000000000000,5642485,F,2016/04/29,8,Warren,0,0,0,0,0,0,No,"2016-04-29 16:05:37",0
791000000000000,5642481,F,2016/04/29,8,Dahlonega,0,0,0,0,0,0,No,"2016-04-29 16:04:50",0
22300000000000,5641474,M,2016/04/29,67,Leesburg,0,1,1,0,0,0,No,"2016-04-29 13:43:25",0
4140000000000,5594633,F,2016/04/29,20,Saginaw,0,0,0,0,0,0,No,"2016-04-18 11:01:53",11
127000000000000,5620298,F,2016/04/29,25,Boone,0,0,0,0,0,1,Yes,"2016-04-26 08:52:18",3
58600000000000,5640026,F,2016/04/29,38,Cooperstown,1,0,0,1,0,0,No,"2016-04-29 10:00:22",0
529000000000000,5640371,F,2016/04/29,17,"Fort Wayne",1,0,0,0,0,0,No,"2016-04-29 10:36:20",0
3320000000000,5640040,F,2016/04/29,56,Dahlonega,0,1,0,0,0,0,No,"2016-04-29 10:01:27",0
227000000000,5639500,F,2016/04/29,55,Livermore,0,0,0,0,0,0,No,"2016-04-29 09:10:19",0
522886422,5633872,F,2016/04/29,66,"Mount Arlington",0,1,1,0,0,0,Yes,"2016-04-28 09:58:32",1
917000000000000,5617014,F,2016/04/29,35,Cary,1,0,0,0,0,1,No,"2016-04-25 15:13:27",4
5160000000000,5629303,F,2016/04/29,49,"Fort Wayne",0,0,0,0,0,0,No,"2016-04-27 13:16:02",2
5160000000000,5629304,F,2016/04/29,49,Huntingdon,0,0,0,0,0,0,No,"2016-04-27 13:16:02",2
5890000000000,5481833,F,2016/04/29,8,Huntingdon,0,0,0,0,0,1,No,"2016-03-17 09:03:38",43
932000000000,5638571,F,2016/04/29,3,Huntingdon,0,0,0,0,0,0,No,"2016-04-29 08:10:33",0
72700000000000,5571884,M,2016/04/29,15,Cary,0,0,0,0,0,1,No,"2016-04-12 09:43:39",17
72700000000000,5571892,M,2016/04/29,15,Silverton,0,0,0,0,0,0,No,"2016-04-12 09:44:02",17
55300000000000,5637787,F,2016/04/29,34,Silverton,0,0,0,0,0,0,No,"2016-04-29 07:23:13",0
79200000000000,5583536,F,2016/04/29,2,Burlington,0,0,0,0,0,1,No,"2016-04-14 11:12:51",15
834000000000000,5574641,M,2016/04/29,5,Cooperstown,0,0,0,0,0,1,No,"2016-04-12 15:29:42",17
87800000000000,5568957,M,2016/04/29,9,"Mount Arlington",0,0,0,0,0,1,No,"2016-04-11 15:47:29",18
964000000000,5452612,M,2016/04/29,20,Cambridge,0,0,0,0,0,1,Yes,"2016-03-10 09:51:27",50
44100000000000,5408325,F,2016/04/29,32,Cambridge,0,0,0,0,0,1,Yes,"2016-02-29 13:35:52",60
512000000000,5560375,F,2016/04/29,25,Orlando,0,0,0,0,0,1,No,"2016-04-08 08:52:00",21
51500000000000,5631942,F,2016/04/29,49,Cary,0,0,0,0,0,0,No,"2016-04-28 07:33:22",1
116000000000,5466013,F,2016/04/29,37,Cary,0,0,0,0,0,1,No,"2016-03-14 15:21:42",46
345000000000000,5637736,F,2016/04/29,32,Dublin,1,0,0,0,0,0,No,"2016-04-29 07:20:16",0
3880000000000,5637753,F,2016/04/29,40,Lamar,0,0,0,0,0,0,No,"2016-04-29 07:21:28",0
68500000000000,5596673,F,2016/04/29,27,Cooperstown,1,0,0,0,0,1,Yes,"2016-04-18 15:04:23",11
552000000000,5486593,F,2016/04/29,45,Blythewood,1,0,0,0,0,1,Yes,"2016-03-18 07:40:12",42
6180000000000,5472950,F,2016/04/29,9,Livermore,0,0,0,0,0,1,Yes,"2016-03-15 15:33:17",45
3880000000000,5472441,F,2016/04/29,50,Livermore,0,0,0,0,0,1,No,"2016-03-15 14:32:16",45
3880000000000,5472443,F,2016/04/29,50,Cambridge,0,0,0,0,0,0,No,"2016-03-15 14:32:30",45
492000000000000,5634338,M,2016/04/29,35,Dublin,0,0,0,0,0,0,No,"2016-04-28 10:47:24",1
855000000000000,5639947,F,2016/04/29,35,Saginaw,0,0,0,0,0,0,No,"2016-04-29 09:51:56",0
9230000000000,5639980,F,2016/04/29,8,"Eau Claire",0,0,0,0,0,0,No,"2016-04-29 09:55:59",0
24400000000000,5615523,M,2016/04/29,30,Fairmont,0,0,0,0,0,0,Yes,"2016-04-25 12:37:42",4
36800000000000,5628437,F,2016/04/29,58,Cambridge,0,0,0,0,0,0,No,"2016-04-27 11:00:10",2
227000000000,5634115,F,2016/04/29,44,Vandalia,0,0,0,0,0,0,No,"2016-04-28 10:24:19",1
26800000000000,5639131,F,2016/04/29,47,Livermore,1,0,0,0,0,0,No,"2016-04-29 08:44:51",0
71500000000000,5594249,F,2016/04/29,19,Cary,0,0,0,0,0,1,No,"2016-04-18 10:26:11",11
645000000000000,5626290,F,2016/04/29,32,Albany,0,0,0,0,0,0,No,"2016-04-27 08:03:55",2
4200000000000,5476858,M,2016/04/29,26,Hampton,0,0,0,0,0,1,No,"2016-03-16 11:05:43",44
6590000000000,5482740,M,2016/04/29,39,Hampton,0,0,0,0,0,1,No,"2016-03-17 10:13:38",43
45500000000000,5482823,M,2016/04/29,21,Batesville,0,0,0,0,0,1,No,"2016-03-17 10:21:08",43
3270000000000,5483274,F,2016/04/29,12,Yellville,0,0,0,0,0,1,Yes,"2016-03-17 11:09:11",43
3270000000000,5483275,F,2016/04/29,12,Burlington,0,0,0,0,0,0,Yes,"2016-03-17 11:09:11",43
6640000000000,5616139,M,2016/04/29,23,Raleigh,0,0,0,0,0,1,No,"2016-04-25 13:33:53",4
6640000000000,5616140,M,2016/04/29,23,Brockton,0,0,0,0,0,0,No,"2016-04-25 13:33:53",4
28900000000000,5594483,F,2016/04/29,16,Cambridge,0,0,0,0,0,1,No,"2016-04-18 10:46:30",11
48800000000000,5483410,M,2016/04/29,16,Dublin,0,0,0,0,0,0,No,"2016-03-17 11:23:28",43
4570000000000,5641448,F,2016/04/29,49,Livermore,0,1,1,0,0,0,No,"2016-04-29 13:39:31",0
16179957944,5483431,M,2016/04/29,35,Livermore,0,0,0,0,0,1,Yes,"2016-03-17 11:25:08",43
2230000000000,5483554,F,2016/04/29,69,Cambridge,0,1,0,0,0,1,No,"2016-03-17 11:38:30",43
3320000000000,5478546,M,2016/04/29,31,Warren,0,0,0,0,0,1,Yes,"2016-03-16 15:05:45",44
2760000000000,5638428,M,2016/04/29,2,"Clinton Township",0,0,0,0,0,0,No,"2016-04-29 08:01:23",0
4980000000000,5638420,F,2016/04/29,1,Huntingdon,0,0,0,0,0,0,No,"2016-04-29 08:01:09",0
2590000000000,5637824,M,2016/04/29,1,"Miles City",0,0,0,0,0,0,No,"2016-04-29 07:25:18",0
6770000000000,5637702,M,2016/04/29,4,Gardena,0,0,0,0,0,0,No,"2016-04-29 07:18:09",0
392000000000000,5638283,M,2016/04/29,43,Vandalia,0,1,1,0,0,0,No,"2016-04-29 07:52:42",0
254000000000000,5638790,F,2016/04/29,38,Raleigh,0,0,0,0,0,0,No,"2016-04-29 08:25:09",0
593000000000000,5639193,F,2016/04/29,27,Gardena,0,0,0,0,0,0,No,"2016-04-29 08:47:57",0
47700000000000,5640676,F,2016/04/29,24,Cambridge,0,0,0,0,0,0,No,"2016-04-29 11:11:54",0
8650000000000,5640823,F,2016/04/29,21,Yellville,0,0,0,0,0,0,No,"2016-04-29 11:28:50",0
677000000000000,5640945,M,2016/04/29,79,"Eau Claire",0,1,1,0,1,0,No,"2016-04-29 11:46:28",0
2970000000000,5641729,F,2016/04/29,28,Livermore,1,0,0,0,0,0,No,"2016-04-29 14:13:19",0
499000000000,5637665,M,2016/04/29,24,Livermore,0,0,0,0,0,0,No,"2016-04-29 07:15:42",0
51700000000000,5637993,M,2016/04/29,15,Lincolnton,0,0,0,0,0,0,No,"2016-04-29 07:36:27",0
54900000000000,5638139,M,2016/04/29,3,Livermore,0,0,0,0,0,0,No,"2016-04-29 07:44:49",0
133000000000,5488430,M,2016/04/29,13,Livermore,1,0,0,0,0,1,No,"2016-03-18 10:14:05",42
58200000000000,5488633,M,2016/04/29,0,Gardena,0,0,0,0,0,1,No,"2016-03-18 10:35:28",42
42400000000000,5537936,F,2016/04/29,0,Cooperstown,0,0,0,0,0,1,Yes,"2016-04-01 10:53:45",28
8570000000000,5639659,M,2016/04/29,0,Cooperstown,0,0,0,0,0,0,No,"2016-04-29 09:22:07",0
92400000000000,5590925,M,2016/04/29,2,Livermore,1,0,0,0,0,1,No,"2016-04-15 15:23:33",14
8870000000000,5590950,F,2016/04/29,4,Livermore,1,0,0,0,0,1,No,"2016-04-15 15:27:16",14
4220000000000,5598810,F,2016/04/29,1,Vandalia,0,0,0,0,0,1,No,"2016-04-19 08:05:08",10
545000000000000,5617440,F,2016/04/29,2,Gardena,0,0,0,0,0,1,No,"2016-04-25 16:13:15",4
54700000000000,5638570,F,2016/04/29,19,Raleigh,0,0,0,0,0,0,No,"2016-04-29 08:10:26",0
28200000000000,5639335,M,2016/04/29,83,"Bella Vista",0,0,0,0,0,0,No,"2016-04-29 08:58:01",0
3750000000000,5640705,F,2016/04/29,21,Silverton,0,0,0,0,0,0,No,"2016-04-29 11:15:27",0
4540000000000,5488182,M,2016/04/29,53,"Bella Vista",0,0,0,0,0,1,Yes,"2016-03-18 09:52:31",42
454000000000,5484401,F,2016/04/29,35,Raleigh,0,0,1,0,0,1,No,"2016-03-17 14:01:38",43
1970000000000,5588728,M,2016/04/29,32,Vandalia,0,0,0,0,0,1,No,"2016-04-15 10:27:13",14
35500000000000,5590085,M,2016/04/29,58,Hampton,0,1,0,0,0,1,Yes,"2016-04-15 13:33:58",14
83300000000000,5490393,F,2016/04/29,49,Raleigh,0,0,0,0,0,1,No,"2016-03-18 14:49:06",42
35771471862,5490867,F,2016/04/29,62,Warren,1,1,0,0,0,1,No,"2016-03-18 16:00:48",42
5980000000000,5490707,M,2016/04/29,43,Huntingdon,0,1,0,0,0,1,No,"2016-03-18 15:28:36",42
514000000000000,5484437,M,2016/04/29,66,Dahlonega,0,0,0,0,0,1,No,"2016-03-17 14:06:01",43
63100000000000,5613494,F,2016/04/29,19,Gardena,0,0,0,0,0,0,Yes,"2016-04-25 09:22:07",4
237000000000000,5641264,F,2016/04/29,62,"Little River",0,1,1,0,0,0,No,"2016-04-29 13:06:54",0
875000000000,5642644,F,2016/04/29,64,Raleigh,0,1,0,0,0,0,No,"2016-04-29 16:35:26",0
17200000000000,5636991,M,2016/04/29,2,"Detroit Lakes",0,0,0,0,0,0,No,"2016-04-28 16:49:44",1
5820000000000,5552638,F,2016/04/29,26,"Fort Wayne",0,0,0,0,0,1,Yes,"2016-04-06 16:33:37",23
19700000000000,5536363,F,2016/04/29,21,Livermore,0,0,0,0,0,1,Yes,"2016-04-01 08:33:12",28
262000000000,5609931,F,2016/04/29,37,Dublin,0,0,0,0,0,1,Yes,"2016-04-20 17:49:35",9
7640000000000,5528434,M,2016/04/29,26,Lamar,0,0,0,0,0,1,No,"2016-03-30 15:31:22",30
18200000000000,5522643,M,2016/04/29,37,Dahlonega,0,0,0,0,0,1,No,"2016-03-29 14:47:46",31
556000000000000,5523027,F,2016/04/29,50,"Mount Arlington",0,0,0,0,0,0,No,"2016-03-29 15:47:46",31
133000000000000,5527925,F,2016/04/29,47,"Mount Arlington",0,0,0,0,0,1,No,"2016-03-30 14:22:37",30
4920000000000,5521768,M,2016/04/29,40,Madisonville,0,0,0,0,0,0,Yes,"2016-03-29 12:40:26",31
4920000000000,5521769,M,2016/04/29,40,Gardena,0,0,0,0,0,0,Yes,"2016-03-29 12:40:26",31
95900000000000,5522438,F,2016/04/29,28,Gardena,0,0,0,0,0,1,Yes,"2016-03-29 14:20:40",31
98400000000000,5521736,M,2016/04/29,34,Vandalia,0,0,0,0,0,1,No,"2016-03-29 12:28:09",31
76300000000000,5526609,F,2016/04/29,44,"Mount Arlington",0,0,0,0,0,1,No,"2016-03-30 11:04:12",30
6980000000000,5527610,F,2016/04/29,41,"Bella Vista",0,0,0,0,0,1,No,"2016-03-30 13:54:22",30
665000000000000,5542660,M,2016/04/29,42,Livermore,0,0,0,0,0,1,No,"2016-04-05 09:13:01",24
74200000000000,5526118,F,2016/04/29,53,Albany,0,0,0,0,0,0,No,"2016-03-30 10:23:45",30
92646467998,5525358,F,2016/04/29,32,Gardena,0,0,0,0,0,1,No,"2016-03-30 09:03:22",30
74200000000000,5526114,F,2016/04/29,53,Batesville,0,0,0,0,0,1,No,"2016-03-30 10:23:08",30
33900000000000,5528298,M,2016/04/29,32,Douglasville,0,0,0,0,0,0,Yes,"2016-03-30 15:12:53",30
556000000000000,5523026,F,2016/04/29,50,Dahlonega,0,0,0,0,0,1,No,"2016-03-29 15:47:46",31
557000000000000,5591488,F,2016/04/29,0,Albany,0,0,0,0,0,1,No,"2016-04-15 17:39:38",14
647000000000000,5560357,F,2016/04/29,57,"Eau Claire",0,0,0,0,0,1,No,"2016-04-08 08:50:40",21
826000000000000,5560381,F,2016/04/29,51,"Fort Wayne",0,0,0,0,0,1,No,"2016-04-08 08:52:40",21
2880000000000,5565770,M,2016/04/29,22,Plainfield,0,0,0,0,0,1,Yes,"2016-04-11 09:23:21",18
48900000000000,5641303,F,2016/04/29,56,Gardena,0,0,0,0,0,0,No,"2016-04-29 13:15:19",0
39300000000000,5587601,F,2016/04/29,52,Livermore,0,0,0,0,0,1,No,"2016-04-15 08:51:26",14
18100000000000,5590282,F,2016/04/29,50,"Eau Claire",0,0,0,0,0,1,No,"2016-04-15 13:56:40",14
96200000000000,5641436,M,2016/04/29,64,Albany,0,1,1,0,0,0,No,"2016-04-29 13:35:00",0
96200000000000,5590495,M,2016/04/29,64,Yellville,0,1,1,0,0,1,No,"2016-04-15 14:20:43",14
8360000000000,5565939,F,2016/04/29,36,Lincolnton,0,1,1,0,0,1,No,"2016-04-11 09:38:46",18
300000000000000,5609550,M,2016/04/29,23,Gardena,0,0,0,0,0,1,Yes,"2016-04-20 16:09:23",9
7380000000000,5612780,F,2016/04/29,62,Boone,0,0,0,0,0,1,Yes,"2016-04-25 08:39:33",4
33900000000000,5641019,F,2016/04/29,41,"Fort Wayne",0,0,0,1,0,0,No,"2016-04-29 12:02:14",0
45000000000000,5516904,F,2016/04/29,6,Livermore,1,0,0,0,0,1,No,"2016-03-28 15:23:04",32
799000000000,5511720,M,2016/04/29,78,Clanton,0,1,0,0,0,0,No,"2016-03-28 08:09:24",32
617000000000000,5511476,M,2016/04/29,8,Gardena,0,0,0,0,0,1,No,"2016-03-28 07:56:30",32
68900000000000,5637496,M,2016/04/29,44,Sikeston,0,0,0,0,0,0,No,"2016-04-29 07:02:45",0
73698268241,5637522,F,2016/04/29,39,Cary,1,0,0,0,0,0,No,"2016-04-29 07:04:56",0
8420000000000,5639876,F,2016/04/29,39,Raleigh,0,0,0,0,0,0,No,"2016-04-29 09:44:58",0
67500000000000,5511566,F,2016/04/29,48,Raleigh,0,1,1,0,0,1,No,"2016-03-28 08:00:46",32
11300000000000,5638418,F,2016/04/29,37,Yellville,0,0,0,0,0,0,No,"2016-04-29 08:01:06",0
75800000000000,5638671,F,2016/04/29,0,Gardena,0,0,0,0,0,0,No,"2016-04-29 08:17:45",0
518000000000000,5638841,F,2016/04/29,37,Plainfield,1,0,0,1,0,0,No,"2016-04-29 08:28:46",0
59300000000000,5639260,F,2016/04/29,60,Hampton,0,1,0,0,0,0,No,"2016-04-29 08:52:36",0
28300000000000,5480911,F,2016/04/29,54,Batesville,0,0,0,0,0,1,Yes,"2016-03-17 08:06:50",43
11700000000000,5498530,F,2016/04/29,68,"Fort Wayne",0,1,0,0,0,1,No,"2016-03-22 07:41:16",38
52300000000000,5498537,M,2016/04/29,71,Cary,0,1,0,0,0,1,No,"2016-03-22 07:41:53",38
324000000000000,5498548,F,2016/04/29,83,"Bella Vista",0,0,0,0,0,1,No,"2016-03-22 07:42:35",38
2810000000000,5499773,M,2016/04/29,64,Albany,0,1,0,0,0,1,No,"2016-03-22 09:14:32",38
424000000000000,5499155,M,2016/04/29,70,Russellville,0,0,0,0,0,1,No,"2016-03-22 08:21:28",38
2400000000000,5471059,F,2016/04/29,20,Russellville,0,0,0,0,0,1,No,"2016-03-15 11:35:35",45
44000000000000,5641445,F,2016/04/29,15,Gardena,0,0,0,0,0,0,No,"2016-04-29 13:37:59",0
670000000000000,5506086,M,2016/04/29,20,Livermore,0,0,0,0,0,0,Yes,"2016-03-23 10:13:01",37
221000000000,5499164,F,2016/04/29,66,Cambridge,0,0,0,0,0,0,No,"2016-03-22 08:22:21",38
7960000000000,5505017,F,2016/04/29,33,Cambridge,0,0,0,0,0,1,Yes,"2016-03-23 08:44:11",37
2440000000000,5502075,F,2016/04/29,60,"Mount Arlington",0,1,0,0,0,1,No,"2016-03-22 14:07:58",38
25200000000000,5502275,F,2016/04/29,1,"Eau Claire",0,0,0,0,0,1,No,"2016-03-22 14:30:03",38
74200000000000,5502279,F,2016/04/29,26,"Cripple Creek",0,0,0,0,0,1,No,"2016-03-22 14:30:33",38
735000000000000,5504986,F,2016/04/29,58,Tatum,0,0,0,0,0,1,No,"2016-03-23 08:42:08",37
5550000000000,5480931,M,2016/04/29,60,"Bella Vista",0,1,1,0,0,0,No,"2016-03-17 08:08:12",43
8939553182,5575011,F,2016/04/29,30,Livermore,0,0,0,0,0,1,No,"2016-04-12 16:33:18",17
334000000000000,5634240,M,2016/04/29,75,Vandalia,0,0,0,0,0,0,No,"2016-04-28 10:37:28",1
6950000000000,5634232,F,2016/04/29,63,Blythewood,0,0,0,0,0,0,No,"2016-04-28 10:36:36",1
2230000000000,5634235,F,2016/04/29,77,Livermore,0,0,0,0,0,0,No,"2016-04-28 10:36:52",1
1940000000000,5634243,F,2016/04/29,18,Batesville,0,0,0,0,0,0,No,"2016-04-28 10:37:43",1
3390000000000,5634237,M,2016/04/29,48,Clanton,0,0,0,0,0,0,Yes,"2016-04-28 10:37:09",1
69300000000000,5634230,M,2016/04/29,33,Batesville,0,0,0,1,0,0,No,"2016-04-28 10:36:19",1
48200000000000,5634226,F,2016/04/29,61,"Miles City",0,1,1,0,0,0,No,"2016-04-28 10:35:59",1
1880000000000,5634187,M,2016/04/29,45,Gardena,0,1,1,0,0,0,No,"2016-04-28 10:31:36",1
66700000000000,5634193,F,2016/04/29,52,Douglasville,0,1,1,0,0,0,No,"2016-04-28 10:31:59",1
474000000000,5634169,F,2016/04/29,15,Yellville,0,0,0,0,0,0,No,"2016-04-28 10:29:25",1
29500000000000,5634159,F,2016/04/29,55,Vandalia,0,0,0,0,0,0,No,"2016-04-28 10:28:19",1
3380000000000,5634164,F,2016/04/29,7,Boone,0,0,0,0,0,0,Yes,"2016-04-28 10:28:53",1
228000000000000,5634184,M,2016/04/29,54,Batesville,0,1,1,0,0,0,No,"2016-04-28 10:31:14",1
42700000000000,5634178,F,2016/04/29,67,Tatum,0,1,1,0,0,0,Yes,"2016-04-28 10:30:27",1
31800000000000,5634183,M,2016/04/29,47,Cary,0,1,0,0,0,0,No,"2016-04-28 10:30:55",1
723000000000000,5634154,F,2016/04/29,58,"Eau Claire",0,0,0,0,0,0,No,"2016-04-28 10:28:01",1
73800000000000,5634120,M,2016/04/29,47,Gardena,0,0,0,0,1,0,No,"2016-04-28 10:25:55",1
2760000000000,5634151,F,2016/04/29,7,Livermore,0,0,0,0,0,0,No,"2016-04-28 10:27:44",1
71100000000000,5634080,M,2016/04/29,56,Albany,0,1,0,0,0,0,No,"2016-04-28 10:21:19",1
657000000000,5634074,F,2016/04/29,16,"Saint Mary",0,0,0,0,0,0,No,"2016-04-28 10:20:33",1
713000000000000,5634077,F,2016/04/29,88,Russellville,0,1,0,0,0,0,No,"2016-04-28 10:20:49",1
395000000000000,5634061,F,2016/04/29,57,Lamar,0,1,0,0,0,0,No,"2016-04-28 10:19:02",1
483000000000000,5634057,F,2016/04/29,58,Saginaw,1,1,0,0,0,0,No,"2016-04-28 10:18:46",1
66400000000000,5634068,F,2016/04/29,63,"Little River",0,1,1,0,0,0,No,"2016-04-28 10:19:48",1
877000000000000,5634036,M,2016/04/29,32,"Bella Vista",0,1,0,0,0,0,No,"2016-04-28 10:17:23",1
59800000000000,5634038,F,2016/04/29,27,Raleigh,0,0,0,0,0,0,Yes,"2016-04-28 10:17:40",1
38500000000000,5634044,F,2016/04/29,43,"Williams Bay",0,0,0,0,0,0,No,"2016-04-28 10:18:00",1
741000000000000,5634029,M,2016/04/29,41,Corbin,0,0,0,0,0,0,No,"2016-04-28 10:16:46",1
473000000000000,5634024,F,2016/04/29,67,Saginaw,0,0,0,0,0,0,No,"2016-04-28 10:16:27",1
222000000000000,5634033,M,2016/04/29,2,Blythewood,0,0,0,0,0,0,No,"2016-04-28 10:17:05",1
698000000000000,5642753,F,2016/04/29,27,"Mount Arlington",0,0,0,0,0,0,No,"2016-04-29 17:02:47",0
348000000000000,5640173,M,2016/04/29,45,"Mount Arlington",0,0,0,0,0,0,No,"2016-04-29 10:13:11",0
698000000000000,5640252,F,2016/04/29,27,"Eau Claire",0,0,0,0,0,0,No,"2016-04-29 10:23:44",0
53500000000000,5640445,F,2016/04/29,33,Clanton,0,0,0,0,0,0,No,"2016-04-29 10:44:41",0
232000000000000,5639881,F,2016/04/29,79,Carlsbad,0,1,0,0,0,0,No,"2016-04-29 09:45:20",0
172000000000000,5640146,F,2016/04/29,23,Raleigh,0,0,0,0,0,0,No,"2016-04-29 10:10:57",0
515000000000000,5639677,M,2016/04/29,81,Plainfield,0,0,0,0,0,0,No,"2016-04-29 09:23:07",0
5480000000000,5639584,F,2016/04/29,67,Orlando,0,0,0,0,0,0,No,"2016-04-29 09:15:32",0
178000000000000,5639516,F,2016/04/29,30,Cary,0,0,0,0,0,0,No,"2016-04-29 09:11:24",0
662000000000000,5588663,F,2016/04/29,45,Batesville,0,0,1,0,0,1,No,"2016-04-15 10:21:47",14
36200000000000,5612394,M,2016/04/29,55,Blythewood,1,1,0,0,0,1,No,"2016-04-25 08:14:14",4
4640000000000,5561436,F,2016/04/29,78,Raleigh,0,1,0,0,0,1,No,"2016-04-08 10:37:52",21
918000000000,5637498,M,2016/04/29,47,Lamar,0,1,1,0,0,0,No,"2016-04-29 07:02:55",0
136000000000000,5562632,M,2016/04/29,32,Plainfield,0,0,0,0,0,1,No,"2016-04-08 14:02:48",21
47500000000000,5637707,M,2016/04/29,62,Carlsbad,0,0,0,0,0,0,No,"2016-04-29 07:18:30",0
5930000000000,5562309,M,2016/04/29,19,"Fort Wayne",1,0,0,0,0,1,Yes,"2016-04-08 13:14:25",21
8840000000000,5637709,F,2016/04/29,56,Orlando,0,1,0,0,0,0,No,"2016-04-29 07:18:38",0
633000000000000,5639378,F,2016/04/29,45,Lamar,0,0,0,0,0,0,No,"2016-04-29 09:01:25",0
182000000000000,5640100,F,2016/04/29,3,Chicago,0,0,0,0,0,0,No,"2016-04-29 10:07:31",0
768000000000000,5589857,M,2016/04/29,47,"Fort Wayne",0,0,0,0,0,1,No,"2016-04-15 13:03:11",14
45200000000000,5589169,F,2016/04/29,89,Gardena,0,0,1,0,0,0,No,"2016-04-15 11:14:03",14
6160000000000,5637475,M,2016/04/29,62,Gardena,0,1,0,0,0,0,No,"2016-04-29 07:00:22",0
8820000000000,5589126,F,2016/04/29,63,"Mount Arlington",0,0,0,0,0,1,No,"2016-04-15 11:09:05",14
8820000000000,5589127,F,2016/04/29,63,Lincolnton,0,0,0,0,0,0,No,"2016-04-15 11:09:05",14
13900000000000,5641977,F,2016/04/29,5,Lamar,0,0,0,0,0,0,No,"2016-04-29 14:52:33",0
15900000000000,5641392,M,2016/04/29,59,Gardena,0,1,1,0,1,0,No,"2016-04-29 13:27:49",0
28900000000000,5639862,M,2016/04/29,54,"Fort Wayne",0,1,1,0,0,0,No,"2016-04-29 09:43:12",0
713000000000000,5640101,M,2016/04/29,36,"Eau Claire",0,0,0,0,0,0,No,"2016-04-29 10:07:32",0
5560000000000,5628035,F,2016/04/29,39,Chicago,1,0,0,0,0,0,No,"2016-04-27 10:21:18",2
2890000000000,5600695,F,2016/04/29,31,"Clinton Township",1,0,0,0,0,0,No,"2016-04-19 11:04:23",10
1960000000000,5640350,F,2016/04/29,27,"Mount Arlington",1,0,0,0,0,0,No,"2016-04-29 10:33:25",0
944000000000,5621404,F,2016/04/29,30,Orlando,0,0,0,0,0,1,No,"2016-04-26 10:14:19",3
56548277857,5599192,F,2016/04/29,40,Carlsbad,0,0,0,0,0,0,Yes,"2016-04-19 08:35:26",10
9490000000000,5600505,F,2016/04/29,33,Chicago,0,0,0,0,1,0,Yes,"2016-04-19 10:45:55",10
129000000000000,5595806,F,2016/04/29,43,Orlando,0,0,0,0,0,1,No,"2016-04-18 13:30:45",11
349000000000000,5621004,M,2016/04/29,29,Plainfield,0,0,0,0,0,1,No,"2016-04-26 09:43:34",3
39700000000000,5619639,F,2016/04/29,4,Plainfield,0,0,0,0,0,1,No,"2016-04-26 08:11:26",3
623000000000000,5533700,F,2016/04/29,27,"Eau Claire",0,0,0,0,0,1,Yes,"2016-03-31 14:19:08",29
5230000000000,5531375,F,2016/04/29,57,Moore,0,0,0,0,0,1,No,"2016-03-31 09:29:24",29
96300000000000,5629191,M,2016/04/29,83,Moore,0,1,1,0,0,0,No,"2016-04-27 12:57:26",2
213000000000000,5629193,F,2016/04/29,38,Plainfield,0,0,0,0,0,0,No,"2016-04-27 12:57:33",2
47600000000000,5629190,F,2016/04/29,19,Plainfield,0,0,0,0,0,0,No,"2016-04-27 12:57:18",2
5260000000000,5629183,F,2016/04/29,19,Cambridge,0,0,0,0,0,0,No,"2016-04-27 12:56:41",2
24200000000000,5629181,F,2016/04/29,79,"Mount Arlington",0,0,0,0,0,0,No,"2016-04-27 12:56:26",2
97800000000000,5629182,F,2016/04/29,61,Chicago,0,0,0,0,0,0,No,"2016-04-27 12:56:33",2
859000000000000,5629186,F,2016/04/29,70,Livermore,0,1,1,0,0,0,No,"2016-04-27 12:56:58",2
94800000000000,5629188,F,2016/04/29,73,Bradenton,0,1,1,0,0,0,No,"2016-04-27 12:57:07",2
51800000000000,5629184,F,2016/04/29,46,Orlando,0,0,0,0,0,0,No,"2016-04-27 12:56:50",2
82400000000000,5629179,F,2016/04/29,73,Chicago,0,1,0,0,0,0,Yes,"2016-04-27 12:56:16",2
138000000000000,5629174,F,2016/04/29,8,Gardena,0,0,0,0,0,0,Yes,"2016-04-27 12:55:56",2
694000000000000,5629172,F,2016/04/29,1,Douglasville,0,0,0,0,0,0,Yes,"2016-04-27 12:55:42",2
6470000000000,5629167,F,2016/04/29,12,Orlando,0,0,0,0,0,0,Yes,"2016-04-27 12:55:16",2
91300000000000,5629162,M,2016/04/29,34,"Cripple Creek",0,0,0,0,0,0,Yes,"2016-04-27 12:54:29",2
12900000000000,5629170,M,2016/04/29,1,Boone,0,0,0,0,0,0,No,"2016-04-27 12:55:31",2
9720000000000,5642137,F,2016/04/29,41,Columbia,1,1,0,0,1,0,No,"2016-04-29 15:08:33",0
85800000000000,5473142,F,2016/04/29,27,Mercer,0,0,0,0,0,1,No,"2016-03-15 16:06:34",45
9560000000000,5476414,F,2016/04/29,34,Douglasville,0,0,0,0,0,1,Yes,"2016-03-16 10:16:47",44
5310000000000,5638689,F,2016/04/29,57,Mercer,0,0,0,0,0,0,No,"2016-04-29 08:18:57",0
5560000000000,5471056,F,2016/04/29,30,Orlando,0,0,0,0,0,1,Yes,"2016-03-15 11:34:04",45
39000000000000,5476407,F,2016/04/29,24,Cary,0,0,0,0,0,1,No,"2016-03-16 10:16:11",44
644000000000000,5441632,F,2016/04/29,69,Cambridge,0,1,1,0,0,0,No,"2016-03-08 08:45:54",52
25300000000000,5641185,F,2016/04/29,37,Indianapolis,1,0,0,0,0,0,No,"2016-04-29 12:45:59",0
31700000000000,5435044,F,2016/04/29,38,Troy,0,0,0,1,0,1,Yes,"2016-03-07 08:09:29",53
434000000000,5640816,F,2016/04/29,77,Livermore,0,1,1,0,0,0,No,"2016-04-29 11:27:58",0
9240000000000,5639721,F,2016/04/29,34,Corbin,0,0,0,0,0,0,No,"2016-04-29 09:27:20",0
883000000000000,5600346,F,2016/04/29,40,Lincolnton,0,0,0,0,0,1,No,"2016-04-19 10:27:32",10
1470000000000,5387722,F,2016/04/29,3,Blythewood,0,0,0,0,0,1,No,"2016-02-24 08:01:05",65
13600000000000,5387715,M,2016/04/29,3,Russellville,0,0,0,0,0,1,No,"2016-02-24 08:00:32",65
14425282691,5633115,M,2016/04/29,37,"Cripple Creek",0,0,0,0,0,0,No,"2016-04-28 08:51:21",1
7230000000000,5584261,M,2016/04/29,50,Carlsbad,0,1,1,0,0,1,No,"2016-04-14 13:35:58",15
318385314,5559991,F,2016/04/29,31,Orlando,0,0,0,0,0,1,No,"2016-04-08 08:22:02",21
993000000000000,5638639,M,2016/04/29,52,Orlando,0,0,1,0,0,0,No,"2016-04-29 08:14:59",0
1890000000000,5638011,F,2016/04/29,34,Columbus,0,0,0,0,0,0,No,"2016-04-29 07:37:31",0
97599711357,5637700,M,2016/04/29,24,Orlando,0,0,0,0,0,0,No,"2016-04-29 07:18:07",0
1720000000000,5489022,F,2016/04/29,36,Lincolnton,0,0,0,0,0,0,Yes,"2016-03-18 11:18:38",42
69400000000000,5637947,F,2016/04/29,80,Orlando,0,1,1,0,0,0,No,"2016-04-29 07:33:24",0
296000000000000,5377051,M,2016/04/29,29,Raleigh,0,0,0,0,0,1,No,"2016-02-22 10:50:18",67
559000000000000,5377063,M,2016/04/29,24,Raleigh,0,0,0,0,0,1,No,"2016-02-22 10:50:57",67
75900000000000,5377512,M,2016/04/29,31,Orlando,0,0,0,0,0,1,No,"2016-02-22 11:36:08",67
68900000000000,5379192,M,2016/04/29,33,Warren,0,0,0,0,0,1,No,"2016-02-22 15:19:01",67
3540000000000,5639556,F,2016/04/29,39,"Rocky Mount",0,0,0,0,0,0,No,"2016-04-29 09:14:01",0
392000000000000,5639833,M,2016/04/29,28,Batesville,0,0,0,0,0,0,No,"2016-04-29 09:40:35",0
98100000000000,5642183,F,2016/04/29,32,Blythewood,0,0,0,1,0,0,No,"2016-04-29 15:15:51",0
871000000000000,5633186,F,2016/04/29,77,Dahlonega,0,1,0,0,0,0,No,"2016-04-28 09:02:52",1
2345752713,5612123,F,2016/04/29,75,"Bay City",0,1,1,0,0,0,No,"2016-04-25 07:57:31",4
160000000000000,5637976,F,2016/04/29,64,Carlsbad,0,1,1,0,0,0,No,"2016-04-29 07:35:24",0
5170000000000,5641354,M,2016/04/29,46,Orlando,0,0,0,0,0,0,No,"2016-04-29 13:22:56",0
5650000000000,5640211,F,2016/04/29,21,Blythewood,0,0,0,0,0,0,No,"2016-04-29 10:15:27",0
93500000000000,5640351,F,2016/04/29,3,Dublin,0,0,0,0,0,0,No,"2016-04-29 10:33:27",0
350000000000,5638769,F,2016/04/29,68,Troy,0,1,0,0,0,0,No,"2016-04-29 08:24:02",0
338000000000,5632709,F,2016/04/29,16,Carlsbad,1,0,0,0,0,0,No,"2016-04-28 08:21:21",1
6850000000000,5632571,F,2016/04/29,36,Orlando,1,0,0,0,0,0,No,"2016-04-28 08:10:48",1
28600000000000,5637642,F,2016/04/29,50,Carlsbad,0,0,0,0,0,0,No,"2016-04-29 07:13:16",0
3970000000000,5636130,F,2016/04/29,69,Orlando,0,1,1,0,0,0,Yes,"2016-04-28 14:33:03",1
41400000000000,5642236,M,2016/04/29,8,Carlsbad,1,0,0,0,0,0,No,"2016-04-29 15:24:21",0
41400000000000,5621036,M,2016/04/29,8,Burlington,1,0,0,0,0,0,No,"2016-04-26 09:45:57",3
15500000000000,5638528,F,2016/04/29,0,Batesville,0,0,0,0,0,0,No,"2016-04-29 08:07:18",0
3950000000000,5501518,M,2016/04/29,6,Dahlonega,0,0,0,0,0,1,Yes,"2016-03-22 13:09:25",38
66200000000000,5501658,M,2016/04/29,7,Orlando,0,0,0,0,0,1,No,"2016-03-22 13:23:37",38
958000000000000,5511153,M,2016/04/29,13,Columbus,0,0,0,0,0,1,No,"2016-03-28 07:37:54",32
53400000000000,5638123,M,2016/04/29,5,Midway,0,0,0,0,0,0,No,"2016-04-29 07:44:06",0
778000000000000,5637890,F,2016/04/29,1,Gooding,0,0,0,0,0,0,No,"2016-04-29 07:29:41",0
2390000000000,5638933,M,2016/04/29,3,Mercer,0,0,0,0,0,0,No,"2016-04-29 08:36:00",0
14300000000000,5498944,F,2016/04/29,1,"Clinton Township",0,0,0,0,0,1,Yes,"2016-03-22 08:08:47",38
85976977119,5497614,M,2016/04/29,13,Troy,0,0,0,0,0,0,No,"2016-03-21 17:28:20",39
743000000000000,5501940,F,2016/04/29,10,Albany,0,0,0,0,0,1,Yes,"2016-03-22 13:52:59",38
589000000000,5637998,M,2016/04/29,0,"Osage Beach",0,0,0,0,0,0,No,"2016-04-29 07:36:44",0
532000000000,5638649,F,2016/04/29,11,Mullins,0,0,0,0,0,0,No,"2016-04-29 08:15:51",0
698000000000000,5499309,M,2016/04/29,2,Yellville,0,0,0,0,0,1,Yes,"2016-03-22 08:32:19",38
8790000000000,5499558,F,2016/04/29,15,Mobile,0,0,0,0,0,1,No,"2016-03-22 08:55:25",38
482000000000000,5637494,F,2016/04/29,56,Livermore,0,1,0,1,0,0,No,"2016-04-29 07:02:24",0
625000000000000,5629126,M,2016/04/29,52,Columbus,0,0,1,0,0,0,No,"2016-04-27 12:49:03",2
89500000000000,5603809,M,2016/04/29,8,Albany,0,0,0,0,0,1,No,"2016-04-20 07:24:08",9
94400000000000,5603805,M,2016/04/29,9,Mullins,1,0,0,0,0,1,Yes,"2016-04-20 07:23:55",9
677000000000000,5629128,F,2016/04/29,56,Gardena,0,1,1,1,0,0,No,"2016-04-27 12:49:16",2
647000000000000,5629130,M,2016/04/29,68,Batesville,0,1,0,0,0,0,Yes,"2016-04-27 12:49:26",2
138000000000000,5603812,F,2016/04/29,8,Indianapolis,0,0,0,0,0,1,No,"2016-04-20 07:24:22",9
137000000000,5594094,F,2016/04/29,7,Cambridge,0,0,0,0,0,1,Yes,"2016-04-18 10:13:35",11
924000000000,5638399,M,2016/04/29,5,Saginaw,0,0,0,0,0,0,No,"2016-04-29 07:59:39",0
31500000000000,5536629,M,2016/04/29,23,Gardena,0,0,0,0,0,1,No,"2016-04-01 08:53:39",28
4280000000000,5587273,F,2016/04/29,7,Boone,0,0,0,0,0,1,Yes,"2016-04-15 08:29:36",14
8400000000000,5536618,F,2016/04/29,33,Vandalia,0,0,0,0,0,1,No,"2016-04-01 08:52:27",28
55600000000000,5638023,F,2016/04/29,36,Bradenton,0,0,0,0,0,0,No,"2016-04-29 07:38:24",0
86300000000000,5641413,F,2016/04/29,2,"Miles City",0,0,0,0,0,0,Yes,"2016-04-29 13:32:11",0
8790000000000,5639981,F,2016/04/29,34,Huntingdon,0,0,0,0,0,0,No,"2016-04-29 09:56:04",0
91800000000000,5591778,F,2016/04/29,62,"Fort Wayne",0,1,0,0,0,1,No,"2016-04-18 07:12:27",11
8150000000000,5524539,F,2016/04/29,27,"Lenoir City",0,0,0,0,0,1,No,"2016-03-30 07:54:55",30
5890000000000,5544443,F,2016/04/29,6,Mobile,0,0,0,0,0,1,No,"2016-04-05 11:28:26",24
1490000000000,5639417,F,2016/04/29,52,Clanton,0,0,0,0,0,0,No,"2016-04-29 09:04:08",0
98247527761,5544381,F,2016/04/29,45,Orlando,0,0,0,0,0,1,Yes,"2016-04-05 11:23:44",24
1790000000000,5544344,M,2016/04/29,25,Orlando,0,0,0,0,0,1,Yes,"2016-04-05 11:21:13",24
635000000000000,5547105,F,2016/04/29,64,Indianapolis,0,0,0,0,0,1,No,"2016-04-06 07:02:15",23
68700000000000,5541703,F,2016/04/29,63,Mobile,0,0,0,0,0,1,No,"2016-04-05 08:15:35",24
1781488635,5638166,F,2016/04/29,14,"Osage Beach",0,0,0,0,0,0,No,"2016-04-29 07:46:23",0
23400000000000,5537007,F,2016/04/29,23,Gardena,0,0,0,0,0,1,No,"2016-04-01 09:25:35",28
6870000000000,5540523,F,2016/04/29,71,Griffin,0,1,0,0,0,1,No,"2016-04-05 07:07:59",24
94900000000000,5541181,F,2016/04/29,26,Troy,0,0,0,0,0,0,Yes,"2016-04-05 07:44:19",24
42800000000000,5630238,F,2016/04/29,62,"Saint Mary",0,0,0,0,0,0,Yes,"2016-04-27 15:00:54",2
6450000000000,5558410,F,2016/04/29,43,"Cripple Creek",0,0,0,0,0,1,No,"2016-04-07 16:35:55",22
74200000000000,5641255,F,2016/04/29,20,"Johnson City",0,0,0,0,0,0,No,"2016-04-29 13:05:28",0
7450000000000,5544908,M,2016/04/29,24,Madisonville,0,0,0,0,0,1,No,"2016-04-05 12:57:58",24
79300000000000,5534479,F,2016/04/29,74,Raleigh,0,1,0,0,0,1,No,"2016-03-31 16:22:02",29
211000000000000,5641313,F,2016/04/29,58,Orlando,0,0,0,0,0,0,No,"2016-04-29 13:17:34",0
820000000000000,5641752,M,2016/04/29,0,Yellville,0,0,0,0,0,0,No,"2016-04-29 14:16:40",0
4480000000000,5611940,F,2016/04/29,69,Dahlonega,0,1,0,0,0,1,Yes,"2016-04-25 07:46:07",4
2830000000000,5628146,M,2016/04/29,48,Raleigh,0,0,0,0,0,0,Yes,"2016-04-27 10:33:29",2
89700000000000,5538031,F,2016/04/29,28,"Bella Vista",0,0,0,0,0,1,No,"2016-04-01 11:01:01",28
28700000000000,5561189,F,2016/04/29,46,Indianapolis,0,1,0,0,0,1,No,"2016-04-08 10:14:23",21
239000000000000,5561682,F,2016/04/29,27,Orlando,0,0,0,0,0,1,No,"2016-04-08 11:06:22",21
64400000000000,5619314,F,2016/04/29,60,Bradenton,0,1,0,0,0,1,No,"2016-04-26 07:53:23",3
2940000000000,5621910,F,2016/04/29,53,Troy,0,1,0,0,0,1,No,"2016-04-26 11:01:45",3
14200000000000,5642067,F,2016/04/29,16,Columbus,0,0,0,0,0,0,No,"2016-04-29 15:00:42",0
41800000000000,5550451,F,2016/04/29,19,Mercer,0,0,0,0,0,1,No,"2016-04-06 11:25:24",23
7230000000000,5549027,F,2016/04/29,52,Huntingdon,0,0,0,0,0,1,No,"2016-04-06 09:18:05",23
99200000000000,5551680,M,2016/04/29,25,Livermore,0,0,0,0,0,1,No,"2016-04-06 14:30:36",23
228000000000000,5562688,F,2016/04/29,69,Sarasota,0,0,0,0,0,1,No,"2016-04-08 14:11:07",21
6200000000000,5551100,F,2016/04/29,26,"Lenoir City",0,0,0,0,0,1,No,"2016-04-06 13:18:03",23
6570000000000,5627543,F,2016/04/29,34,Livermore,1,0,0,0,0,0,No,"2016-04-27 09:37:03",2
51800000000000,5641622,M,2016/04/29,84,Cambridge,0,1,0,0,0,0,No,"2016-04-29 14:02:28",0
820000000000000,5640915,M,2016/04/29,0,Sarasota,0,0,0,0,0,0,Yes,"2016-04-29 11:42:27",0
28100000000000,5641795,F,2016/04/29,80,Livermore,0,1,0,0,0,0,No,"2016-04-29 14:21:15",0
59700000000000,5550164,F,2016/04/29,8,Orlando,0,0,0,0,0,1,Yes,"2016-04-06 10:56:42",23
277000000000000,5641917,F,2016/04/29,56,Griffin,0,0,0,0,0,0,No,"2016-04-29 14:42:36",0
53000000000000,5550226,F,2016/04/29,36,Livermore,0,0,0,0,0,1,Yes,"2016-04-06 11:01:52",23
5350000000000,5641453,M,2016/04/29,16,"Cripple Creek",0,0,0,0,0,0,No,"2016-04-29 13:40:17",0
68900000000000,5546382,F,2016/04/29,57,Albany,0,1,0,0,0,1,No,"2016-04-05 16:06:17",24
4440000000000,5522473,M,2016/04/29,61,Gardena,0,1,0,0,0,1,No,"2016-03-29 14:25:00",31
17500000000000,5638895,F,2016/04/29,49,Chicago,0,0,0,0,0,0,No,"2016-04-29 08:33:43",0
1180000000000,5535795,F,2016/04/29,66,Moore,0,0,0,0,0,1,No,"2016-04-01 07:52:44",28
41787422569,5536723,M,2016/04/29,71,Sarasota,0,1,1,0,0,1,No,"2016-04-01 09:02:11",28
779000000000000,5531620,F,2016/04/29,33,Livermore,0,0,0,0,0,1,Yes,"2016-03-31 09:49:12",29
8770000000000,5628342,F,2016/04/29,22,Orlando,0,0,0,0,0,0,No,"2016-04-27 10:51:32",2
8770000000000,5628341,F,2016/04/29,22,Dahlonega,0,0,0,0,0,0,No,"2016-04-27 10:51:17",2
78700000000000,5552928,F,2016/04/29,0,Moore,0,0,0,0,0,1,Yes,"2016-04-06 18:05:31",23
395000000000000,5573866,F,2016/04/29,25,Columbus,0,0,0,0,0,1,No,"2016-04-12 13:38:09",17
47700000000000,5593713,M,2016/04/29,17,"Fort Wayne",0,0,0,0,0,1,No,"2016-04-18 09:42:32",11
39700000000000,5586828,F,2016/04/29,54,"Mount Arlington",0,1,0,0,0,1,No,"2016-04-15 08:00:44",14
62900000000000,5584709,F,2016/04/29,21,Mobile,0,0,0,0,0,1,Yes,"2016-04-14 14:35:41",15
98200000000000,5553847,F,2016/04/29,30,Batesville,0,0,0,0,0,1,No,"2016-04-07 07:46:20",22
727000000000000,5639482,M,2016/04/29,20,Sarasota,0,0,0,0,0,0,No,"2016-04-29 09:09:24",0
4920000000000,5547183,F,2016/04/29,68,Columbus,0,0,0,0,0,1,No,"2016-04-06 07:06:24",23
514000000000000,5545857,F,2016/04/29,34,Princeton,0,0,0,0,0,1,No,"2016-04-05 14:51:20",24
928000000000,5543959,F,2016/04/29,57,"Cripple Creek",0,0,0,0,0,1,No,"2016-04-05 10:49:39",24
631000000000000,5639180,F,2016/04/29,19,Yellville,0,0,0,0,0,0,No,"2016-04-29 08:47:14",0
472000000000000,5538532,F,2016/04/29,19,Lamar,0,0,0,0,0,1,No,"2016-04-01 12:38:46",28
66494969535,5539130,F,2016/04/29,62,Albany,0,0,0,0,0,1,No,"2016-04-01 14:17:41",28
337000000000000,5528350,M,2016/04/29,20,Cary,0,0,0,0,0,1,No,"2016-03-30 15:21:33",30
46900000000000,5527714,M,2016/04/29,59,Cary,0,0,0,0,0,1,No,"2016-03-30 14:03:01",30
438000000000000,5538524,F,2016/04/29,42,Cary,0,0,0,0,0,1,No,"2016-04-01 12:36:49",28
169000000000,5542224,M,2016/04/29,47,Sarasota,0,0,0,0,0,0,No,"2016-04-05 08:45:18",24
2590000000000,5546336,M,2016/04/29,11,Columbus,0,0,0,0,0,0,No,"2016-04-05 16:00:06",24
2590000000000,5546335,M,2016/04/29,11,Raleigh,0,0,0,0,0,1,No,"2016-04-05 15:59:53",24
67100000000000,5635723,F,2016/04/29,76,Cary,0,1,0,0,0,0,No,"2016-04-28 14:01:10",1
51600000000000,5555461,F,2016/04/29,40,Mercer,0,0,0,0,0,0,No,"2016-04-07 10:07:46",22
2690000000000,5639198,F,2016/04/29,53,Livermore,0,0,0,0,1,0,No,"2016-04-29 08:48:00",0
5250000000000,5562620,F,2016/04/29,43,Boone,0,0,0,0,0,1,No,"2016-04-08 14:00:46",21
536000000000000,5639176,M,2016/04/29,52,"Clinton Township",0,0,0,0,0,0,No,"2016-04-29 08:47:06",0
598000000000000,5565582,F,2016/04/29,9,"Mount Arlington",1,0,0,0,0,1,No,"2016-04-11 09:06:23",18
38400000000000,5552547,F,2016/04/29,44,Dublin,0,0,0,0,0,0,No,"2016-04-06 16:14:36",23
6770000000000,5637730,F,2016/04/29,25,Cambridge,1,0,0,0,0,0,No,"2016-04-29 07:19:59",0
38400000000000,5552544,F,2016/04/29,44,Boone,0,0,0,0,0,1,No,"2016-04-06 16:14:26",23
49200000000000,5562260,F,2016/04/29,47,Dublin,0,0,0,0,0,1,No,"2016-04-08 13:05:27",21
679000000000,5638849,M,2016/04/29,25,Cambridge,0,0,0,0,0,0,No,"2016-04-29 08:29:08",0
544000000000,5633843,M,2016/04/29,8,Mobile,0,0,0,0,0,0,No,"2016-04-28 09:56:07",1
544000000000,5633842,M,2016/04/29,8,Dublin,0,0,0,0,0,0,No,"2016-04-28 09:56:07",1
643000000000,5626096,F,2016/04/29,37,Dublin,0,0,0,0,0,0,No,"2016-04-27 07:52:00",2
9390000000000,5626092,F,2016/04/29,51,"Fort Collins",0,0,0,0,0,0,No,"2016-04-27 07:51:49",2
42500000000000,5626046,F,2016/04/29,54,Sarasota,0,0,0,0,0,0,No,"2016-04-27 07:49:32",2
766000000000000,5626039,F,2016/04/29,53,Livermore,0,1,1,0,0,0,No,"2016-04-27 07:49:15",2
681000000000,5626029,M,2016/04/29,60,"Fort Wayne",0,0,0,0,0,0,No,"2016-04-27 07:48:47",2
670000000000,5626036,F,2016/04/29,29,"Eau Claire",0,0,0,0,0,0,Yes,"2016-04-27 07:49:04",2
5720000000000,5626026,M,2016/04/29,33,"Fort Wayne",0,0,1,0,0,0,No,"2016-04-27 07:48:38",2
344000000000000,5625977,M,2016/04/29,43,Chicago,0,0,0,0,0,0,Yes,"2016-04-27 07:46:31",2
11200000000000,5625988,F,2016/04/29,59,Silverton,0,0,0,0,0,0,No,"2016-04-27 07:46:57",2
29000000000000,5625982,F,2016/04/29,51,"Fort Wayne",0,0,0,0,0,0,No,"2016-04-27 07:46:44",2
42500000000000,5625975,F,2016/04/29,63,Dublin,0,1,0,0,0,0,No,"2016-04-27 07:46:21",2
74400000000000,5625993,F,2016/04/29,23,Mercer,0,0,0,0,0,0,Yes,"2016-04-27 07:47:09",2
100000000000000,5625998,F,2016/04/29,68,"Bella Vista",0,1,0,0,0,0,No,"2016-04-27 07:47:20",2
140000000000000,5626017,M,2016/04/29,49,Midway,0,0,0,0,0,0,No,"2016-04-27 07:48:01",2
2430000000000,5626007,F,2016/04/29,70,Midway,0,0,0,0,0,0,No,"2016-04-27 07:47:42",2
933000000000,5564010,M,2016/04/29,19,Midway,0,0,0,0,0,1,Yes,"2016-04-11 07:06:56",18
1450000000000,5565214,F,2016/04/29,65,Midway,0,1,0,0,0,1,No,"2016-04-11 08:37:23",18
48200000000000,5564679,F,2016/04/29,78,Midway,0,1,0,0,0,0,No,"2016-04-11 07:56:45",18
76800000000000,5565383,F,2016/04/29,51,Midway,1,0,0,1,0,1,No,"2016-04-11 08:50:52",18
262000000000000,5639951,F,2016/04/29,18,Midway,1,0,0,0,0,0,No,"2016-04-29 09:52:19",0
6510000000000,5564534,M,2016/04/29,37,Mobile,0,0,0,0,0,1,No,"2016-04-11 07:46:37",18
154000000000000,5558848,F,2016/04/29,55,Boone,0,0,0,0,0,1,Yes,"2016-04-08 07:03:09",21
46500000000000,5558842,F,2016/04/29,34,Vandalia,0,0,0,0,0,1,No,"2016-04-08 07:02:34",21
723000000000000,5639788,F,2016/04/29,79,"Mount Arlington",0,1,0,0,0,0,No,"2016-04-29 09:35:44",0
8750000000000,5563636,M,2016/04/29,83,"Miles City",0,1,0,0,0,1,No,"2016-04-08 17:23:34",21
921000000000000,5639050,M,2016/04/29,54,Sarasota,0,1,0,0,0,0,No,"2016-04-29 08:40:49",0
6890000000000,5638258,F,2016/04/29,15,Dahlonega,0,0,0,0,0,0,No,"2016-04-29 07:51:25",0
8240000000000,5638461,F,2016/04/29,25,Vandalia,0,0,0,0,0,0,No,"2016-04-29 08:03:10",0
88500000000000,5560170,F,2016/04/29,70,"Fort Collins",0,1,0,0,0,1,No,"2016-04-08 08:33:36",21
3650000000000,5542464,M,2016/04/29,67,Griffin,0,0,0,0,0,1,No,"2016-04-05 09:00:44",24
744000000000000,5304747,M,2016/04/29,48,Columbus,0,1,0,0,0,1,No,"2016-01-29 10:46:47",91
2340000000000,5565811,F,2016/04/29,52,Orlando,0,1,0,0,0,1,No,"2016-04-11 09:27:05",18
83400000000000,5641523,M,2016/04/29,39,"Fort Collins",0,1,0,0,0,0,No,"2016-04-29 13:50:42",0
32600000000000,5389146,F,2016/04/29,53,"Fort Collins",0,0,0,0,0,1,No,"2016-02-24 09:39:36",65
2390000000000,5641806,F,2016/04/29,82,Mercer,0,1,1,0,0,0,No,"2016-04-29 14:24:43",0
92100000000000,5641490,M,2016/04/29,5,Albany,1,0,0,0,0,0,No,"2016-04-29 13:45:09",0
4224295661,5385869,F,2016/04/29,41,Orlando,0,0,0,0,0,1,No,"2016-02-23 15:57:07",66
5860000000000,5389043,M,2016/04/29,14,Bradenton,0,0,0,0,0,1,No,"2016-02-24 09:30:20",65
74700000000000,5385878,M,2016/04/29,46,"Fort Collins",0,0,0,0,0,1,No,"2016-02-23 15:59:16",66
1870000000000,5641057,F,2016/04/29,59,Griffin,0,0,0,0,0,0,No,"2016-04-29 12:10:57",0
82700000000000,5387260,M,2016/04/29,47,Chicago,0,1,0,0,0,1,No,"2016-02-24 07:34:49",65
559000000000,5385496,F,2016/04/29,19,Albany,0,0,0,0,0,1,Yes,"2016-02-23 15:04:42",66
3560000000000,5639598,F,2016/04/29,66,Princeton,0,1,0,0,0,0,No,"2016-04-29 09:17:02",0
56300000000000,5521131,M,2016/04/29,1,Mobile,0,0,0,0,0,1,No,"2016-03-29 10:55:13",31
196000000000000,5640385,F,2016/04/29,30,Orlando,1,0,0,0,0,0,No,"2016-04-29 10:38:07",0
3250000000000,5576499,M,2016/04/29,1,Indianapolis,0,0,0,0,0,1,Yes,"2016-04-13 08:33:51",16
93000000000000,5593330,M,2016/04/29,2,Mobile,1,0,0,0,0,1,No,"2016-04-18 09:09:47",11
231000000000,5515907,M,2016/04/29,0,"Charles Town",0,0,0,0,0,1,No,"2016-03-28 13:45:13",32
9551481585,5639481,F,2016/04/29,25,Indianapolis,0,0,0,0,0,0,No,"2016-04-29 09:09:23",0
8590000000000,5493606,F,2016/04/29,5,"Osage Beach",0,0,0,0,0,1,Yes,"2016-03-21 08:50:22",39
39800000000000,5638446,F,2016/04/29,43,"Cripple Creek",0,0,0,0,0,0,No,"2016-04-29 08:02:15",0
41900000000000,5638133,F,2016/04/29,19,Mercer,0,0,0,0,0,0,No,"2016-04-29 07:44:36",0
65800000000000,5531696,F,2016/04/29,6,Princeton,0,0,0,0,0,1,No,"2016-03-31 09:56:52",29
45900000000000,5535884,M,2016/04/29,65,Mobile,0,1,0,0,0,1,No,"2016-04-01 07:58:29",28
356000000000000,5475541,F,2016/04/29,40,Moore,0,0,0,0,0,1,No,"2016-03-16 09:02:28",44
54900000000000,5525837,F,2016/04/29,34,Vandalia,0,0,0,0,0,1,No,"2016-03-30 09:52:46",30
2520000000000,5525717,M,2016/04/29,48,Orlando,0,0,0,0,0,1,No,"2016-03-30 09:41:28",30
3230000000000,5640319,M,2016/04/29,22,Orlando,0,0,0,0,0,0,No,"2016-04-29 10:29:23",0
4780000000000,5525806,F,2016/04/29,28,"Fort Collins",0,0,0,0,0,1,No,"2016-03-30 09:50:21",30
6160000000000,5628618,F,2016/04/29,27,Dahlonega,0,0,0,0,0,0,No,"2016-04-27 11:19:51",2
868000000000,5640062,F,2016/04/29,19,Moore,0,0,0,0,0,0,No,"2016-04-29 10:03:53",0
533000000000000,5525572,M,2016/04/29,67,Moore,0,0,0,0,0,1,No,"2016-03-30 09:24:56",30
4920000000000,5525558,F,2016/04/29,52,Moore,0,0,0,0,0,1,No,"2016-03-30 09:23:20",30
98400000000000,5525531,F,2016/04/29,61,Dublin,0,0,0,0,0,1,No,"2016-03-30 09:20:10",30
630000000000,5638791,F,2016/04/29,44,"Lenoir City",0,0,0,0,0,0,No,"2016-04-29 08:25:09",0
457000000000,5525503,F,2016/04/29,28,Raleigh,0,0,0,0,0,1,Yes,"2016-03-30 09:17:23",30
477000000000000,5628720,M,2016/04/29,63,"Charles Town",0,0,0,0,0,0,No,"2016-04-27 11:29:41",2
25100000000000,5638623,F,2016/04/29,26,Princeton,0,0,0,0,0,0,No,"2016-04-29 08:13:43",0
4280000000000,5525409,F,2016/04/29,62,Silverton,0,0,0,0,0,1,No,"2016-03-30 09:08:13",30
89500000000000,5525066,F,2016/04/29,57,"Fort Wayne",0,0,0,0,0,1,No,"2016-03-30 08:35:05",30
39900000000000,5637946,M,2016/04/29,25,Moore,0,0,0,0,0,0,No,"2016-04-29 07:33:16",0
443000000000000,5525670,F,2016/04/29,59,Moore,0,0,0,0,0,0,No,"2016-03-30 09:36:00",30
21200000000000,5525890,M,2016/04/29,51,Mobile,0,0,0,0,0,1,No,"2016-03-30 09:58:59",30
19000000000000,5525204,M,2016/04/29,64,Gardena,0,1,0,0,0,1,Yes,"2016-03-30 08:47:21",30
3600000000000,5637984,F,2016/04/29,51,Madisonville,0,0,0,0,0,0,No,"2016-04-29 07:35:40",0
88300000000000,5637766,F,2016/04/29,50,"Bella Vista",0,0,0,0,0,0,No,"2016-04-29 07:22:11",0
644000000000000,5615023,M,2016/04/29,44,"Eau Claire",0,0,0,0,0,0,Yes,"2016-04-25 11:27:32",4
441000000000,5629629,F,2016/04/29,44,"Soddy Daisy",0,0,0,0,0,0,No,"2016-04-27 13:49:21",2
34600000000000,5640368,F,2016/04/29,47,"Fort Collins",0,0,0,0,0,0,No,"2016-04-29 10:36:16",0
441000000000000,5543328,F,2016/04/29,53,Silverton,1,1,1,0,0,1,No,"2016-04-05 10:01:02",24
7120000000000,5639885,F,2016/04/29,45,Columbus,1,0,0,0,0,0,No,"2016-04-29 09:45:53",0
652000000000000,5639887,M,2016/04/29,34,"Clinton Township",0,0,0,0,0,0,No,"2016-04-29 09:46:05",0
6340000000000,5639849,M,2016/04/29,55,Raleigh,0,1,1,0,0,0,No,"2016-04-29 09:42:02",0
1750000000000,5640039,M,2016/04/29,58,"Clinton Township",0,1,0,0,0,0,No,"2016-04-29 10:01:25",0
93800000000000,5639589,M,2016/04/29,20,"Clinton Township",0,0,0,0,0,0,No,"2016-04-29 09:15:51",0
1760000000000,5621520,M,2016/04/29,80,"Fort Wayne",0,0,0,0,0,0,Yes,"2016-04-26 10:25:02",3
68600000000000,5639307,F,2016/04/29,17,"Fort Wayne",0,0,0,0,0,0,No,"2016-04-29 08:56:34",0
19300000000000,5639250,M,2016/04/29,19,Gardena,0,0,0,0,0,0,No,"2016-04-29 08:51:17",0
7120000000000,5639421,M,2016/04/29,62,Orlando,0,1,0,1,1,0,No,"2016-04-29 09:04:42",0
28200000000000,5637823,M,2016/04/29,25,Dublin,0,0,0,0,0,0,No,"2016-04-29 07:25:17",0
59800000000000,5640386,F,2016/04/29,37,Dahlonega,1,0,0,0,0,0,No,"2016-04-29 10:38:17",0
827000000000000,5332468,F,2016/04/29,87,Yellville,0,1,0,0,0,1,No,"2016-02-05 13:50:43",84
513000000000,5338569,M,2016/04/29,84,"Miles City",0,1,0,0,0,1,No,"2016-02-11 16:03:05",78
647000000000,5624584,M,2016/04/29,77,Pittsburgh,0,0,0,0,0,0,No,"2016-04-26 16:25:10",3
459000000000000,5479047,M,2016/04/29,69,"Fort Collins",0,1,1,0,1,1,No,"2016-03-16 16:06:13",44
887000000000000,5503228,M,2016/04/29,79,Boone,0,0,0,0,0,0,No,"2016-03-22 17:22:31",38
5320000000000,5523292,F,2016/04/29,83,Tyler,0,1,0,0,0,1,No,"2016-03-29 16:36:34",31
581000000000,5602849,F,2016/04/29,89,"Lenoir City",0,0,0,0,0,1,No,"2016-04-19 15:53:08",10
4410000000000,5587720,M,2016/04/29,82,Mercer,0,1,1,0,0,1,No,"2016-04-15 09:00:59",14
887000000000000,5623727,M,2016/04/29,79,"Bella Vista",0,0,0,0,0,0,No,"2016-04-26 14:32:36",3
5250000000000,5641465,M,2016/04/29,90,Moore,0,0,0,0,0,0,No,"2016-04-29 13:42:23",0
313000000000,5642297,F,2016/04/29,80,"Battle Creek",0,1,1,0,0,0,No,"2016-04-29 15:31:53",0
24300000000000,5591190,F,2016/04/29,83,Dublin,0,1,0,0,0,1,No,"2016-04-15 16:02:59",14
8330000000000,5585338,M,2016/04/29,39,Columbus,0,0,0,0,0,0,Yes,"2016-04-14 16:24:03",15
35400000000000,5561622,F,2016/04/29,22,Pittsburgh,0,0,0,0,0,0,No,"2016-04-08 10:58:11",21
72800000000000,5582483,M,2016/04/29,94,"Bella Vista",0,1,1,0,2,1,No,"2016-04-14 09:26:08",15
58300000000000,5512375,M,2016/04/29,76,Hampton,0,1,0,0,0,1,No,"2016-03-28 08:49:11",32
32600000000000,5602148,F,2016/04/29,86,Mobile,0,1,1,0,0,1,No,"2016-04-19 14:23:29",10
3710000000000,5640463,F,2016/04/29,77,Bradenton,0,1,0,0,0,0,No,"2016-04-29 10:45:58",0
39300000000000,5552327,F,2016/04/29,91,"Fort Wayne",0,1,0,0,0,0,No,"2016-04-06 15:41:30",23
7410000000000,5317449,F,2016/04/29,77,Vandalia,0,1,0,0,0,1,Yes,"2016-02-02 13:25:44",87
172000000000,5629513,M,2016/04/29,78,Saginaw,0,0,0,0,0,0,No,"2016-04-27 13:37:29",2
4620000000000,5218520,F,2016/04/29,83,Dublin,0,1,0,0,0,1,No,"2016-01-05 15:02:46",115
1420000000000,5217179,M,2016/04/29,84,Dahlonega,0,1,1,0,1,1,No,"2016-01-05 11:53:44",115
160000000000000,5236380,F,2016/04/29,88,Moore,0,1,0,0,0,1,No,"2016-01-11 10:20:41",109
314000000000000,5236116,M,2016/04/29,71,Appleton,0,1,1,0,0,1,No,"2016-01-11 09:57:10",109
91900000000000,5235643,F,2016/04/29,70,Saginaw,0,1,1,0,0,1,No,"2016-01-11 09:08:10",109
1530000000000,5235655,F,2016/04/29,87,Cary,0,0,0,0,0,1,No,"2016-01-11 09:09:10",109
55600000000000,5235449,F,2016/04/29,74,Burlington,0,0,0,0,0,1,No,"2016-01-11 08:52:35",109
759000000000,5585967,M,2016/04/29,59,Columbus,0,0,0,0,1,0,No,"2016-04-15 07:08:51",14
46400000000000,5612307,F,2016/04/29,65,Dahlonega,0,1,0,0,0,1,No,"2016-04-25 08:09:00",4
58900000000000,5587358,M,2016/04/29,67,Appleton,0,1,0,0,0,0,No,"2016-04-15 08:35:48",14
6000000000000,5536318,F,2016/04/29,75,"Mount Arlington",0,0,0,0,0,1,No,"2016-04-01 08:29:54",28
173000000000000,5537508,M,2016/04/29,82,Boone,0,1,0,0,0,0,No,"2016-04-01 10:14:52",28
31400000000000,5589040,M,2016/04/29,66,Dublin,0,1,0,0,0,1,No,"2016-04-15 10:58:41",14
82799595198,5595396,M,2016/04/29,68,"Little River",0,0,1,0,0,1,No,"2016-04-18 12:36:58",11
9350000000000,5588613,M,2016/04/29,78,"Charles Town",0,1,0,0,0,1,No,"2016-04-15 10:16:01",14
724000000000000,5399572,F,2016/04/29,78,Albany,0,1,1,0,0,0,Yes,"2016-02-26 07:54:45",63
129000000000000,5588126,F,2016/04/29,98,Columbus,0,1,0,0,0,0,Yes,"2016-04-15 09:36:46",14
43300000000000,5615020,F,2016/04/29,79,"Cripple Creek",0,0,0,0,0,0,No,"2016-04-25 11:27:17",4
19900000000000,5369711,F,2016/04/29,69,"Cripple Creek",0,1,1,0,1,1,No,"2016-02-19 09:21:27",70
89413383318,5361416,M,2016/04/29,75,Griffin,0,1,1,0,0,1,Yes,"2016-02-17 16:57:54",72
822000000000000,5331088,F,2016/04/29,66,"Fort Wayne",0,1,1,0,0,1,Yes,"2016-02-05 09:34:19",84
173000000000000,5505270,M,2016/04/29,82,Troy,0,1,0,0,0,1,Yes,"2016-03-23 09:02:00",37
758000000000000,5522365,M,2016/04/29,67,"Saint Mary",0,1,0,1,0,1,Yes,"2016-03-29 14:10:44",31
42300000000000,5586909,M,2016/04/29,77,"Charles Town",0,1,1,0,0,1,No,"2016-04-15 08:05:50",14
759000000000,5585973,M,2016/04/29,59,Vandalia,0,0,0,0,1,1,No,"2016-04-15 07:09:21",14
9350000000000,5639273,M,2016/04/29,78,Mobile,0,1,0,0,0,0,No,"2016-04-29 08:54:08",0
2540000000000,5627308,F,2016/04/29,81,Carlsbad,0,1,1,0,0,0,Yes,"2016-04-27 09:20:04",2
12500000000000,5587104,M,2016/04/29,81,Columbus,0,1,0,0,0,0,No,"2016-04-15 08:17:00",14
43100000000000,5587278,M,2016/04/29,73,Dublin,0,0,0,0,0,1,No,"2016-04-15 08:30:00",14
43300000000000,5615015,F,2016/04/29,79,Hampton,0,0,0,0,0,1,No,"2016-04-25 11:26:51",4
82500000000000,5520168,M,2016/04/29,98,Irmo,0,1,0,0,0,1,No,"2016-03-29 09:38:12",31
173000000000000,5638171,M,2016/04/29,82,Hartford,0,1,0,0,0,0,No,"2016-04-29 07:47:01",0
7340000000000,5612982,F,2016/04/29,77,Orlando,0,0,0,0,0,1,No,"2016-04-25 08:53:28",4
91645777599,5607919,F,2016/04/29,59,Cary,1,1,1,0,0,1,No,"2016-04-20 12:52:41",9
68300000000000,5607914,M,2016/04/29,70,"Fort Collins",0,1,1,0,0,1,No,"2016-04-20 12:51:25",9
2490000000000,5607917,F,2016/04/29,65,"Charles Town",0,0,0,0,0,1,No,"2016-04-20 12:52:03",9
256000000000000,5641210,F,2016/04/29,82,Moore,0,1,1,0,0,0,No,"2016-04-29 12:53:10",0
42700000000000,5607907,F,2016/04/29,68,Cambridge,0,0,1,0,0,0,No,"2016-04-20 12:50:37",9
885000000000000,5607910,M,2016/04/29,34,Boone,0,0,0,0,0,1,No,"2016-04-20 12:50:50",9
182000000000000,5607905,F,2016/04/29,51,"Bay City",0,0,0,0,0,1,No,"2016-04-20 12:50:23",9
16400000000000,5539852,F,2016/04/29,50,Hartford,0,0,1,0,0,1,No,"2016-04-01 16:00:41",28
452000000000,5595491,F,2016/04/29,49,Irmo,0,0,0,0,0,1,Yes,"2016-04-18 12:55:46",11
65600000000000,5590639,M,2016/04/29,30,Dublin,0,1,0,0,0,1,No,"2016-04-15 14:36:26",14
2760000000000,5637367,M,2016/04/29,41,Sarasota,0,0,0,0,0,0,No,"2016-04-28 20:20:09",1
7480000000000,5595189,M,2016/04/29,27,"Bay City",0,0,0,0,0,1,No,"2016-04-18 12:16:42",11
56300000000000,5591336,F,2016/04/29,37,Dahlonega,0,0,0,0,0,0,No,"2016-04-15 16:40:32",14
17500000000000,5591241,F,2016/04/29,49,Albany,0,0,0,1,0,1,No,"2016-04-15 16:13:03",14
4260000000000,5539587,M,2016/04/29,55,Boone,0,0,0,1,0,0,No,"2016-04-01 15:20:35",28
55800000000000,5539151,M,2016/04/29,63,Dublin,0,0,0,1,0,0,No,"2016-04-01 14:19:53",28
77900000000000,5539358,F,2016/04/29,37,Cary,0,1,0,0,0,1,No,"2016-04-01 14:48:30",28
344000000000000,5428864,M,2016/04/29,43,"Fort Collins",0,0,0,0,0,1,No,"2016-03-03 18:37:09",57
236000000000000,5637240,M,2016/04/29,46,Calhoun,0,1,0,0,0,0,Yes,"2016-04-28 18:02:54",1
1200000000000,5631259,F,2016/04/29,53,Livermore,0,0,0,0,0,0,No,"2016-04-27 20:11:23",2
97100000000000,5631194,F,2016/04/29,58,"Osage Beach",0,0,0,0,0,0,No,"2016-04-27 18:30:05",2
68100000000000,5631118,M,2016/04/29,26,Columbus,0,0,0,0,0,0,No,"2016-04-27 17:51:55",2
96400000000000,5631254,F,2016/04/29,27,Dublin,0,0,0,0,0,0,No,"2016-04-27 19:41:12",2
16800000000000,5640074,M,2016/04/29,74,Calhoun,0,1,0,0,0,0,No,"2016-04-29 10:04:48",0
3180000000000,5631249,F,2016/04/29,58,"Bay City",0,1,1,0,0,0,No,"2016-04-27 19:25:39",2
92300000000000,5637010,M,2016/04/29,39,Hartford,0,0,0,0,0,0,No,"2016-04-28 16:54:41",1
49600000000000,5637356,M,2016/04/29,57,Pittsburgh,0,0,0,0,0,0,No,"2016-04-28 19:32:51",1
65448689531,5637358,M,2016/04/29,62,"Bella Vista",0,1,0,0,0,0,Yes,"2016-04-28 19:38:53",1
7140000000000,5636853,F,2016/04/29,35,Moore,0,0,0,0,0,0,Yes,"2016-04-28 16:19:41",1
5600000000000,5642906,F,2016/04/29,59,Moore,0,1,0,0,0,0,No,"2016-04-29 18:53:32",0
2930000000000,5642746,F,2016/04/29,16,Columbus,0,0,0,0,0,0,No,"2016-04-29 17:01:31",0
52400000000000,5599765,F,2016/04/29,44,Clanton,0,0,0,0,0,1,No,"2016-04-19 09:26:32",10
316000000000000,5596731,F,2016/04/29,53,"Fort Collins",1,1,0,0,0,1,Yes,"2016-04-18 15:10:50",11
1280000000000,5641170,M,2016/04/29,25,Calhoun,0,0,0,0,0,0,No,"2016-04-29 12:42:29",0
14600000000000,5641592,F,2016/04/29,21,Appleton,0,0,0,0,0,0,No,"2016-04-29 13:59:52",0
39300000000000,5595895,F,2016/04/29,40,Cary,0,0,0,0,0,1,No,"2016-04-18 13:37:01",11
1680000000000,5562091,F,2016/04/29,47,Cary,0,0,0,0,0,1,No,"2016-04-08 12:12:20",21
6660000000000,5523409,M,2016/04/29,23,Madisonville,0,0,0,0,0,1,No,"2016-03-29 17:12:28",31
870000000000000,5638956,M,2016/04/29,38,Griffin,0,0,0,0,0,0,No,"2016-04-29 08:37:13",0
93000000000000,5521644,F,2016/04/29,30,Princeton,0,0,0,0,0,1,Yes,"2016-03-29 12:06:45",31
6670000000000,5640142,M,2016/04/29,40,"Cripple Creek",0,0,0,0,0,0,No,"2016-04-29 10:10:18",0
54500000000000,5597491,M,2016/04/29,60,Dublin,0,0,0,0,0,1,Yes,"2016-04-18 16:43:45",11
19600000000000,5641058,F,2016/04/29,3,Appleton,0,0,0,0,0,0,No,"2016-04-29 12:11:11",0
29200000000000,5592287,F,2016/04/29,9,Calhoun,0,0,0,0,0,1,No,"2016-04-18 07:51:11",11
68700000000000,5640328,F,2016/04/29,26,"Osage Beach",0,0,0,0,0,0,No,"2016-04-29 10:30:16",0
18400000000000,5598374,M,2016/04/29,59,"Charles Town",0,0,0,0,0,1,No,"2016-04-19 07:31:14",10
79300000000000,5640232,F,2016/04/29,52,Albany,1,0,0,1,0,0,No,"2016-04-29 10:20:13",0
1480000000000,5592571,M,2016/04/29,59,Vandalia,0,0,0,0,0,1,Yes,"2016-04-18 08:11:25",11
1830000000000,5639882,F,2016/04/29,58,"Miles City",0,0,0,0,0,0,No,"2016-04-29 09:45:27",0
2670000000000,5592387,M,2016/04/29,56,Calhoun,0,1,0,0,0,1,Yes,"2016-04-18 07:58:18",11
751000000000,5639715,M,2016/04/29,61,Douglasville,0,0,0,0,0,0,No,"2016-04-29 09:26:45",0
1750000000000,5592441,M,2016/04/29,58,Columbus,0,1,0,0,0,1,Yes,"2016-04-18 08:02:33",11
1335236927,5639853,M,2016/04/29,2,Dahlonega,0,0,0,0,0,0,No,"2016-04-29 09:42:18",0
2350000000000,5639345,M,2016/04/29,0,Mercer,0,0,0,0,0,0,No,"2016-04-29 08:58:53",0
99600000000000,5561514,F,2016/04/29,4,Hartford,0,0,0,0,0,1,No,"2016-04-08 10:45:52",21
99300000000000,5561511,F,2016/04/29,7,Appleton,0,0,0,0,0,1,No,"2016-04-08 10:45:41",21
81900000000000,5590725,M,2016/04/29,0,Princeton,0,0,0,0,0,1,No,"2016-04-15 14:48:44",14
392000000000,5638390,F,2016/04/29,23,Columbus,0,0,0,0,0,0,No,"2016-04-29 07:59:12",0
387000000000000,5592232,F,2016/04/29,10,Douglasville,0,0,0,0,0,1,No,"2016-04-18 07:46:31",11
414000000000000,5592225,F,2016/04/29,28,"Lenoir City",0,0,0,0,0,1,No,"2016-04-18 07:46:01",11
3540000000000,5574022,F,2016/04/29,39,Columbus,0,0,0,0,0,1,No,"2016-04-12 13:59:46",17
16500000000000,5628928,F,2016/04/29,43,Princeton,0,0,0,0,0,0,Yes,"2016-04-27 12:10:01",2
1920000000000,5625001,F,2016/04/29,56,"Cripple Creek",0,1,1,0,0,0,No,"2016-04-26 18:12:49",3
894000000000000,5637433,F,2016/04/29,47,Mobile,0,1,1,0,0,0,No,"2016-04-29 06:53:34",0
35700000000000,5533149,F,2016/04/29,38,"Fort Wayne",0,0,0,0,0,1,No,"2016-03-31 13:24:56",29
8670000000000,5514089,F,2016/04/29,30,Orlando,0,0,0,0,0,1,No,"2016-03-28 10:41:07",32
129000000000000,5640055,F,2016/04/29,50,"Fort Collins",0,1,1,0,0,0,No,"2016-04-29 10:03:22",0
1140000000000,5537656,F,2016/04/29,18,Eugene,0,0,0,0,0,1,Yes,"2016-04-01 10:26:33",28
4470000000000,5539647,F,2016/04/29,15,Chicago,0,0,0,0,0,1,No,"2016-04-01 15:27:45",28
75900000000000,5565944,F,2016/04/29,32,Troy,0,0,0,0,0,1,No,"2016-04-11 09:38:58",18
29100000000000,5560490,F,2016/04/29,30,Sarasota,0,0,0,0,0,1,No,"2016-04-08 09:03:16",21
779000000000000,5598459,F,2016/04/29,33,Hartford,0,0,0,0,0,1,No,"2016-04-19 07:35:46",10
1280000000000,5638417,F,2016/04/29,49,Cambridge,0,1,0,0,0,0,No,"2016-04-29 08:01:04",0
81900000000000,5629058,F,2016/04/29,27,Hampton,1,0,0,0,0,0,Yes,"2016-04-27 12:38:16",2
1600000000000,5637599,F,2016/04/29,64,Columbus,0,1,0,0,0,0,No,"2016-04-29 07:10:48",0
42300000000000,5616894,F,2016/04/29,82,Boone,0,1,0,0,0,0,No,"2016-04-25 14:57:37",4
779000000000000,5639158,F,2016/04/29,33,Dublin,0,0,0,0,0,0,No,"2016-04-29 08:46:31",0
250000000000000,5530673,F,2016/04/29,9,"Bay City",0,0,0,0,0,1,No,"2016-03-31 08:33:46",29
41200000000000,5576924,M,2016/04/29,50,Pittsburgh,0,0,0,1,0,1,No,"2016-04-13 09:11:18",16
66300000000000,5641166,M,2016/04/29,1,Vandalia,0,0,0,0,0,0,No,"2016-04-29 12:41:37",0
669000000000000,5639091,F,2016/04/29,18,Vandalia,0,0,0,0,0,0,No,"2016-04-29 08:43:01",0
898000000000000,5640084,F,2016/04/29,27,"Mount Arlington",0,0,0,0,0,0,No,"2016-04-29 10:05:44",0
724000000000,5640531,F,2016/04/29,16,Boone,1,0,0,0,0,0,No,"2016-04-29 10:53:46",0
77600000000000,5642110,M,2016/04/29,73,Boone,0,1,1,0,0,0,No,"2016-04-29 15:05:33",0
74700000000000,5595495,F,2016/04/29,1,"Fort Wayne",0,0,0,0,0,1,Yes,"2016-04-18 12:56:54",11
74700000000000,5595502,F,2016/04/29,1,Dublin,0,0,0,0,0,0,Yes,"2016-04-18 12:57:33",11
85700000000000,5638118,F,2016/04/29,2,Sarasota,0,0,0,0,0,0,No,"2016-04-29 07:43:51",0
2960000000000,5595653,F,2016/04/29,2,Moore,0,0,0,0,0,0,Yes,"2016-04-18 13:17:46",11
2960000000000,5595649,F,2016/04/29,2,Olathe,0,0,0,0,0,1,Yes,"2016-04-18 13:17:29",11
393000000000000,5638273,M,2016/04/29,24,Hampton,0,0,0,0,0,0,No,"2016-04-29 07:52:14",0
6830000000000,5638580,F,2016/04/29,0,"Fort Collins",0,0,0,0,0,0,No,"2016-04-29 08:11:03",0
29500000000000,5593986,M,2016/04/29,1,"Fort Wayne",0,0,0,0,0,1,No,"2016-04-18 10:04:48",11
29500000000000,5594013,M,2016/04/29,1,"Fort Wayne",0,0,0,0,0,0,No,"2016-04-18 10:07:05",11
713000000000000,5639652,M,2016/04/29,36,Silverton,0,0,0,0,0,0,No,"2016-04-29 09:21:36",0
47900000000000,5595465,M,2016/04/29,2,Worthington,0,0,0,0,0,1,Yes,"2016-04-18 12:48:51",11
27700000000000,5621425,F,2016/04/29,0,"Bay City",0,0,0,0,0,0,Yes,"2016-04-26 10:16:29",3
419000000000000,5595732,M,2016/04/29,2,Dahlonega,0,0,0,0,0,1,Yes,"2016-04-18 13:24:14",11
419000000000000,5595748,M,2016/04/29,2,"Bella Vista",0,0,0,0,0,0,Yes,"2016-04-18 13:25:51",11
880000000000000,5640241,M,2016/04/29,2,Cary,0,0,0,0,0,0,No,"2016-04-29 10:22:10",0
914000000000,5595046,F,2016/04/29,35,Dublin,0,0,0,0,0,1,No,"2016-04-18 11:52:57",11
68500000000000,5598603,M,2016/04/29,0,Calhoun,0,0,0,0,0,0,No,"2016-04-19 07:46:21",10
68500000000000,5598599,M,2016/04/29,0,Calhoun,0,0,0,0,0,1,No,"2016-04-19 07:46:11",10
13900000000000,5598606,F,2016/04/29,30,"Bay City",0,0,0,0,0,1,No,"2016-04-19 07:46:37",10
279000000000000,5595567,F,2016/04/29,2,Hartford,0,0,0,0,0,1,Yes,"2016-04-18 13:08:37",11
279000000000000,5595578,F,2016/04/29,2,Livermore,0,0,0,0,0,0,Yes,"2016-04-18 13:10:16",11
8750000000000,5641339,F,2016/04/29,1,Hampton,0,0,0,0,0,0,No,"2016-04-29 13:21:48",0
59400000000000,5622660,M,2016/04/29,65,Calhoun,0,1,1,1,0,1,No,"2016-04-26 12:38:30",3
588000000000000,5595483,M,2016/04/29,1,"Saint Mary",0,0,0,0,0,0,No,"2016-04-18 12:52:24",11
588000000000000,5595476,M,2016/04/29,1,"Fort Collins",0,0,0,0,0,1,No,"2016-04-18 12:51:16",11
285000000000000,5608967,F,2016/04/29,39,Dahlonega,0,0,0,0,0,1,No,"2016-04-20 14:52:29",9
58300000000000,5604243,F,2016/04/29,27,Olathe,1,0,0,1,0,1,Yes,"2016-04-20 07:47:58",9
564000000000,5596302,F,2016/04/29,34,Olathe,0,0,0,0,0,1,Yes,"2016-04-18 14:20:18",11
59800000000000,5601899,F,2016/04/29,37,Cambridge,1,0,0,0,0,1,Yes,"2016-04-19 13:54:58",10
67200000000000,5592591,F,2016/04/29,37,"Fort Collins",0,0,0,0,0,1,Yes,"2016-04-18 08:12:28",11
63200000000000,5633183,F,2016/04/29,35,"Osage Beach",0,0,0,0,0,0,Yes,"2016-04-28 09:01:40",1
668000000000000,5633163,M,2016/04/29,31,Hampton,0,0,0,0,0,0,No,"2016-04-28 08:55:16",1
243000000000000,5558026,M,2016/04/29,46,"Fort Worth",0,0,0,0,0,1,Yes,"2016-04-07 15:51:23",22
936000000000000,5571831,F,2016/04/29,34,"Lenoir City",0,0,0,0,0,1,No,"2016-04-12 09:40:02",17
3850000000000,5571816,M,2016/04/29,47,Appleton,0,0,0,0,0,1,No,"2016-04-12 09:39:03",17
64900000000000,5557079,F,2016/04/29,30,Cambridge,1,0,0,0,0,1,No,"2016-04-07 13:46:19",22
7960000000000,5587063,F,2016/04/29,32,"Mount Arlington",0,0,0,0,0,1,No,"2016-04-15 08:14:23",14
663000000000000,5637854,F,2016/04/29,49,"Little River",0,1,0,0,0,0,No,"2016-04-29 07:27:00",0
572000000000000,5637831,M,2016/04/29,74,"Bay City",0,1,0,0,1,0,No,"2016-04-29 07:25:40",0
3800000000000,5638778,F,2016/04/29,35,"Lenoir City",0,1,0,0,0,0,No,"2016-04-29 08:24:33",0
85800000000000,5638460,F,2016/04/29,1,Vandalia,0,0,0,0,0,0,No,"2016-04-29 08:03:10",0
5950000000000,5638147,M,2016/04/29,69,Corbin,0,0,0,0,0,0,No,"2016-04-29 07:45:13",0
98900000000000,5637883,F,2016/04/29,16,Corbin,0,0,0,0,0,0,No,"2016-04-29 07:29:24",0
987000000000000,5628122,M,2016/04/29,38,"Fort Worth",0,0,1,0,1,0,No,"2016-04-27 10:30:21",2
94339872718,5587466,F,2016/04/29,61,"Fort Worth",0,0,0,0,0,1,No,"2016-04-15 08:41:57",14
967000000000000,5419869,F,2016/04/29,35,Brockton,0,0,0,0,0,0,No,"2016-03-02 09:42:00",58
616000000000,5401782,F,2016/04/29,60,Eugene,0,0,0,0,0,1,No,"2016-02-26 11:01:16",63
5190000000000,5418569,M,2016/04/29,70,Albany,0,0,0,0,0,1,No,"2016-03-02 08:03:09",58
593000000000,5431238,F,2016/04/29,36,"Bella Vista",0,0,0,0,0,0,No,"2016-03-04 10:20:15",56
429000000000,5419856,M,2016/04/29,33,Albany,0,0,0,0,0,1,No,"2016-03-02 09:41:03",58
64100000000000,5548401,M,2016/04/29,46,Princeton,0,1,1,0,0,1,No,"2016-04-06 08:29:29",23
366000000000000,5529852,F,2016/04/29,50,Hampton,0,1,0,0,0,1,No,"2016-03-31 07:40:45",29
8450000000000,5577238,M,2016/04/29,21,Vandalia,0,0,0,0,0,1,No,"2016-04-13 09:42:45",16
3510000000000,5524870,F,2016/04/29,51,Cooperstown,0,0,0,0,0,0,No,"2016-03-30 08:19:28",30
59626275835,5531303,F,2016/04/29,48,Calhoun,0,0,0,0,0,1,Yes,"2016-03-31 09:22:48",29
2470000000000,5531919,F,2016/04/29,40,Calhoun,0,0,0,0,0,1,Yes,"2016-03-31 10:14:09",29
7120000000000,5543357,F,2016/04/29,51,"Fort Worth",0,1,1,0,0,0,No,"2016-04-05 10:03:04",24
677000000000000,5577289,F,2016/04/29,31,Dahlonega,0,0,0,0,0,1,Yes,"2016-04-13 09:48:09",16
421000000000000,5544183,M,2016/04/29,7,Albany,0,0,0,0,0,0,No,"2016-04-05 11:08:50",24
53000000000000,5545628,F,2016/04/29,27,"Fort Collins",0,0,0,0,0,0,No,"2016-04-05 14:21:47",24
432000000000,5642142,M,2016/04/29,10,Sarasota,1,0,0,0,0,0,No,"2016-04-29 15:09:02",0
479000000000000,5544176,F,2016/04/29,38,"Saint Mary",1,1,0,0,0,0,Yes,"2016-04-05 11:08:33",24
645000000000000,5637546,M,2016/04/29,33,"Williams Bay",0,0,0,0,0,0,No,"2016-04-29 07:07:03",0
999000000000000,5553924,M,2016/04/29,7,Hampton,1,0,0,0,0,0,No,"2016-04-07 07:51:35",22
42300000000000,5637570,F,2016/04/29,32,Orlando,1,0,0,0,0,0,No,"2016-04-29 07:08:41",0
6714634847,5576760,F,2016/04/29,19,Dublin,0,0,0,0,0,1,Yes,"2016-04-13 08:56:03",16
73500000000000,5547715,F,2016/04/29,3,Woodstock,0,0,0,0,0,1,Yes,"2016-04-06 07:38:16",23
14200000000000,5568852,F,2016/04/29,40,"Detroit Lakes",1,0,0,0,0,0,Yes,"2016-04-11 15:31:17",18
6640000000000,5557753,F,2016/04/29,20,"Fort Collins",0,0,0,0,0,1,No,"2016-04-07 15:03:52",22
5690000000000,5551359,M,2016/04/29,3,Chicago,0,0,0,0,0,0,Yes,"2016-04-06 13:52:04",23
162000000000000,5638834,F,2016/04/29,61,Dublin,0,0,0,0,0,0,No,"2016-04-29 08:28:32",0
64200000000000,5623821,F,2016/04/29,31,Sarasota,0,0,0,0,0,1,No,"2016-04-26 14:41:52",3
1900000000000,5551044,F,2016/04/29,9,Eugene,1,0,0,0,0,1,No,"2016-04-06 13:12:27",23
111000000000000,5546237,F,2016/04/29,32,"Charles Town",0,0,0,0,0,1,Yes,"2016-04-05 15:40:37",24
53000000000000,5545627,F,2016/04/29,27,"Cripple Creek",0,0,0,0,0,1,No,"2016-04-05 14:21:47",24
585000000000,5623706,F,2016/04/29,0,Jasper,0,0,0,0,0,0,No,"2016-04-26 14:30:10",3
24448321454,5639248,M,2016/04/29,1,"Fort Collins",0,0,0,0,0,0,No,"2016-04-29 08:51:12",0
2420000000000,5626454,M,2016/04/29,4,"Fort Worth",0,0,0,0,0,0,No,"2016-04-27 08:14:41",2
572000000000000,5620308,M,2016/04/29,7,"Clinton Township",0,0,0,0,0,1,No,"2016-04-26 08:52:52",3
65500000000000,5620553,F,2016/04/29,3,"Miles City",0,0,0,0,0,1,No,"2016-04-26 09:10:53",3
72600000000000,5633219,F,2016/04/29,13,"Fort Worth",0,0,0,0,0,0,No,"2016-04-28 09:04:41",1
2000000000000,5634423,F,2016/04/29,11,Dublin,0,0,0,0,0,0,No,"2016-04-28 10:56:12",1
83300000000000,5634868,F,2016/04/29,1,Dahlonega,0,0,0,0,0,0,No,"2016-04-28 11:54:11",1
631000000000000,5638729,F,2016/04/29,19,Cambridge,0,0,0,0,0,0,No,"2016-04-29 08:21:22",0
1490000000000,5638984,F,2016/04/29,52,Cary,0,0,0,0,0,0,No,"2016-04-29 08:38:16",0
3690000000000,5639029,M,2016/04/29,20,Irmo,0,0,0,0,0,0,No,"2016-04-29 08:39:55",0
4260000000000,5639936,F,2016/04/29,62,"Fort Collins",0,0,0,0,0,0,No,"2016-04-29 09:51:10",0
29900000000000,5639907,F,2016/04/29,62,"Fort Collins",0,1,0,0,0,0,No,"2016-04-29 09:47:47",0
17500000000000,5637875,F,2016/04/29,49,"Fort Worth",0,0,0,0,0,0,No,"2016-04-29 07:28:31",0
8960000000000,5638010,F,2016/04/29,28,Hartford,0,0,0,0,0,0,No,"2016-04-29 07:37:30",0
92700000000000,5515566,F,2016/04/29,19,Vandalia,0,0,0,0,0,1,No,"2016-03-28 13:13:59",32
894000000000,5638594,F,2016/04/29,16,"Fort Collins",0,0,0,0,0,0,No,"2016-04-29 08:11:46",0
3820000000000,5638919,M,2016/04/29,1,"Fort Collins",0,0,0,0,0,0,No,"2016-04-29 08:35:06",0
842000000000000,5641195,M,2016/04/29,26,Dublin,0,0,0,1,1,0,No,"2016-04-29 12:48:33",0
41500000000000,5581080,F,2016/04/29,72,Douglasville,0,1,0,0,0,0,No,"2016-04-14 07:37:54",15
667000000000,5633961,M,2016/04/29,0,Moore,0,0,0,0,0,0,No,"2016-04-28 10:08:40",1
63600000000000,5633958,F,2016/04/29,25,Moore,0,0,0,0,0,0,No,"2016-04-28 10:08:25",1
78900000000000,5602917,F,2016/04/29,27,Moore,0,0,0,0,0,1,No,"2016-04-19 16:04:06",10
38700000000000,5639828,F,2016/04/29,31,Moore,1,0,0,0,0,0,No,"2016-04-29 09:40:26",0
17200000000000,5570160,F,2016/04/29,31,Appleton,0,1,0,0,0,1,Yes,"2016-04-12 07:31:02",17
455000000000000,5606126,M,2016/04/29,57,Bradenton,0,1,1,0,0,1,No,"2016-04-20 09:51:18",9
870000000000000,5638401,F,2016/04/29,19,"Miles City",0,0,0,0,0,0,No,"2016-04-29 07:59:43",0
669000000000,5637981,M,2016/04/29,5,Warren,1,0,0,0,0,0,No,"2016-04-29 07:35:26",0
486000000000,5637749,F,2016/04/29,36,Mercer,1,0,0,0,0,0,No,"2016-04-29 07:21:07",0
66100000000000,5602909,F,2016/04/29,85,Woodstock,0,1,0,0,0,0,Yes,"2016-04-19 16:01:23",10
29200000000000,5588114,F,2016/04/29,67,Princeton,0,1,0,0,1,1,No,"2016-04-15 09:35:42",14
6790000000000,5598510,M,2016/04/29,41,Hampton,0,0,0,0,0,1,No,"2016-04-19 07:39:36",10
5194887341,5534796,M,2016/04/29,11,Jasper,0,0,0,0,0,1,No,"2016-03-31 17:44:52",29
18000000000000,5639385,M,2016/04/29,62,"Fort Collins",0,0,1,0,1,0,No,"2016-04-29 09:01:55",0
319000000000000,5639413,M,2016/04/29,45,Dublin,0,0,0,0,0,0,No,"2016-04-29 09:03:51",0
178000000000000,5639404,M,2016/04/29,63,Ogunquit,0,1,1,0,1,0,No,"2016-04-29 09:03:05",0
27737444456,5639697,F,2016/04/29,0,Huntingdon,0,0,0,0,0,0,No,"2016-04-29 09:24:40",0
4150000000000,5640265,M,2016/04/29,8,"Charles Town",0,0,0,0,0,0,No,"2016-04-29 10:25:27",0
954000000000000,5638403,F,2016/04/29,1,Moore,1,0,0,0,0,0,No,"2016-04-29 07:59:52",0
933000000000000,5637838,F,2016/04/29,5,Moore,0,0,0,0,0,0,No,"2016-04-29 07:25:58",0
77200000000000,5638586,F,2016/04/29,1,Appleton,0,0,0,0,0,0,No,"2016-04-29 08:11:18",0
100000000000000,5639618,M,2016/04/29,3,Burlington,0,0,0,0,0,0,No,"2016-04-29 09:18:45",0
46400000000000,5606767,M,2016/04/29,1,Dublin,1,0,0,0,0,1,Yes,"2016-04-20 10:40:45",9
9720000000000,5637602,F,2016/04/29,3,Ogunquit,0,0,0,0,0,0,No,"2016-04-29 07:11:10",0
47400000000000,5637606,M,2016/04/29,5,Columbus,0,0,0,0,0,0,No,"2016-04-29 07:11:37",0
76400000000000,5637604,F,2016/04/29,10,Columbus,1,0,0,0,0,0,No,"2016-04-29 07:11:25",0
75200000000000,5637807,M,2016/04/29,4,Hartford,1,0,0,0,0,0,No,"2016-04-29 07:24:30",0
1510000000000,5637727,F,2016/04/29,10,Victorville,1,0,0,0,0,0,No,"2016-04-29 07:19:51",0
6340000000000,5637614,F,2016/04/29,7,Olathe,0,0,0,0,0,0,No,"2016-04-29 07:11:49",0
22500000000000,5637617,F,2016/04/29,8,"Fort Collins",0,0,0,0,0,0,No,"2016-04-29 07:12:01",0
38500000000000,5620174,F,2016/04/29,4,"Fort Worth",0,0,0,0,0,1,Yes,"2016-04-26 08:45:02",3
98379235869,5621514,F,2016/04/29,2,Dahlonega,1,0,0,0,0,1,No,"2016-04-26 10:24:23",3
78800000000000,5641418,M,2016/04/29,0,Princeton,0,0,0,0,0,0,No,"2016-04-29 13:32:31",0
27900000000000,5538181,F,2016/04/29,16,Irmo,0,0,0,0,0,1,No,"2016-04-01 11:22:24",28
766000000000000,5641434,F,2016/04/29,2,"Osage Beach",0,0,0,0,0,0,No,"2016-04-29 13:34:46",0
552000000000000,5538115,M,2016/04/29,12,Bryant,0,0,0,0,0,1,No,"2016-04-01 11:11:12",28
59400000000000,5533154,M,2016/04/29,0,Calhoun,0,0,0,0,0,1,No,"2016-03-31 13:25:20",29
27000000000000,5536059,M,2016/04/29,5,Calhoun,0,0,0,0,0,1,Yes,"2016-04-01 08:11:54",28
142000000000,5635691,M,2016/04/29,14,"Mount Arlington",0,0,0,0,0,0,No,"2016-04-28 13:58:38",1
76800000000000,5533283,F,2016/04/29,0,"Cripple Creek",0,0,0,0,0,1,No,"2016-03-31 13:39:34",29
82300000000000,5531537,M,2016/04/29,14,Hampton,0,0,0,0,0,1,Yes,"2016-03-31 09:41:32",29
1190000000000,5561246,M,2016/04/29,0,Cary,0,0,0,0,0,1,No,"2016-04-08 10:19:33",21
6190000000000,5641712,F,2016/04/29,3,Bradenton,1,0,0,0,0,0,No,"2016-04-29 14:11:43",0
9410000000000,5522193,M,2016/04/29,0,Calhoun,0,0,0,0,0,1,No,"2016-03-29 13:50:39",31
27377272363,5641348,F,2016/04/29,4,"Fort Worth",0,0,0,0,0,0,No,"2016-04-29 13:22:32",0
37600000000000,5634822,M,2016/04/29,10,Dublin,0,0,0,0,0,0,Yes,"2016-04-28 11:47:48",1
58500000000000,5640448,M,2016/04/29,2,Hartford,0,0,0,0,0,0,No,"2016-04-29 10:44:50",0
311000000000000,5514210,M,2016/04/29,7,Albany,1,0,0,0,0,1,No,"2016-03-28 10:50:44",32
778000000000000,5640762,M,2016/04/29,16,Vandalia,0,0,0,0,0,0,No,"2016-04-29 11:22:30",0
63800000000000,5613524,F,2016/04/29,2,Columbus,1,0,0,0,0,1,Yes,"2016-04-25 09:23:38",4
748000000000000,5611549,F,2016/04/29,7,Vandalia,0,0,0,0,0,1,No,"2016-04-25 07:20:33",4
7850000000000,5515938,F,2016/04/29,0,Columbus,0,0,0,0,0,1,No,"2016-03-28 13:48:49",32
511000000000,5618024,M,2016/04/29,1,"Fort Collins",0,0,0,0,0,1,No,"2016-04-25 18:04:00",4
719000000000000,5515946,F,2016/04/29,0,"Fort Wayne",0,0,0,0,0,1,No,"2016-03-28 13:49:42",32
736000000000000,5617059,F,2016/04/29,1,Brockton,0,0,0,0,0,1,No,"2016-04-25 15:19:24",4
5630000000000,5602082,M,2016/04/29,0,Sarasota,0,0,0,0,0,1,No,"2016-04-19 14:16:01",10
700000000000000,5640426,F,2016/04/29,2,Tyler,0,0,0,0,0,0,No,"2016-04-29 10:42:22",0
714000000000,5600220,M,2016/04/29,2,Mercer,0,0,0,0,0,1,Yes,"2016-04-19 10:10:18",10
5630000000000,5517649,F,2016/04/29,16,Mercer,0,0,0,0,0,1,No,"2016-03-28 17:33:58",32
5520000000000,5517568,F,2016/04/29,3,Hartford,0,0,0,0,0,1,No,"2016-03-28 17:09:36",32
5770000000000,5517556,F,2016/04/29,15,Vandalia,0,0,0,0,0,0,No,"2016-03-28 17:07:42",32
1330000000000,5637792,M,2016/04/29,2,Chicago,0,0,0,0,0,0,No,"2016-04-29 07:23:26",0
61800000000000,5621635,M,2016/04/29,14,Calhoun,0,0,0,0,0,0,Yes,"2016-04-26 10:35:14",3
24800000000000,5520151,F,2016/04/29,2,Calhoun,0,0,0,0,0,1,No,"2016-03-29 09:36:59",31
8870000000000,5622844,F,2016/04/29,77,"Bella Vista",0,0,0,0,0,1,Yes,"2016-04-26 13:07:18",3
155000000000,5531208,F,2016/04/29,18,Albany,0,0,0,0,0,1,Yes,"2016-03-31 09:16:16",29
18263762174,5539205,F,2016/04/29,32,Moore,0,0,0,0,0,1,Yes,"2016-04-01 14:25:30",28
9370000000000,5534768,F,2016/04/29,21,"Fort Collins",0,0,0,0,0,1,No,"2016-03-31 17:32:38",29
94700000000000,5555241,F,2016/04/29,60,Boone,0,0,0,0,0,0,Yes,"2016-04-07 09:45:02",22
32200000000000,5641773,F,2016/04/29,19,Calhoun,0,0,0,0,0,0,No,"2016-04-29 14:18:19",0
91600000000000,5605581,F,2016/04/29,34,"Fort Worth",0,0,0,0,0,1,Yes,"2016-04-20 09:12:20",9
442000000000,5559138,F,2016/04/29,18,Tyler,0,0,0,0,0,1,No,"2016-04-08 07:25:57",21
672000000000000,5565342,F,2016/04/29,35,"Bella Vista",0,0,0,0,0,1,No,"2016-04-11 08:47:28",18
3620000000000,5561763,F,2016/04/29,17,Victorville,0,0,0,0,0,1,Yes,"2016-04-08 11:16:13",21
82200000000000,5631009,F,2016/04/29,66,Albany,1,0,0,0,0,0,No,"2016-04-27 17:15:59",2
739000000000,5624183,F,2016/04/29,47,Albany,0,0,0,0,0,1,No,"2016-04-26 15:24:35",3
55700000000000,5617958,M,2016/04/29,40,Indianapolis,0,1,0,0,0,1,Yes,"2016-04-25 17:31:21",4
5280000000000,5637880,F,2016/04/29,29,"Detroit Lakes",0,0,0,0,0,0,No,"2016-04-29 07:29:13",0
679000000000,5563183,M,2016/04/29,56,Columbus,0,1,0,0,0,1,No,"2016-04-08 15:19:54",21
3270000000000,5638857,M,2016/04/29,46,"Fort Worth",0,0,0,0,0,0,No,"2016-04-29 08:29:54",0
15347269128,5620070,F,2016/04/29,69,"Fort Worth",0,0,0,0,0,0,No,"2016-04-26 08:38:03",3
15347269128,5620065,F,2016/04/29,69,Sarasota,0,0,0,0,0,1,No,"2016-04-26 08:37:53",3
12500000000000,5565309,F,2016/04/29,57,Midway,0,0,0,0,0,1,No,"2016-04-11 08:44:56",18
1660000000000,5625705,M,2016/04/29,10,Mobile,1,0,0,0,0,0,No,"2016-04-27 07:30:39",2
182000000000000,5601586,M,2016/04/29,9,Dublin,1,0,0,0,0,1,No,"2016-04-19 13:16:31",10
61200000000000,5630455,F,2016/04/29,32,Calhoun,0,0,0,0,0,0,No,"2016-04-27 15:23:50",2
335000000000000,5630446,M,2016/04/29,18,"Lenoir City",0,0,0,0,0,0,No,"2016-04-27 15:23:14",2
592000000000,5630461,M,2016/04/29,24,Columbus,0,0,0,0,0,0,No,"2016-04-27 15:24:36",2
4600000000000,5630458,F,2016/04/29,53,Columbus,0,0,0,0,0,0,No,"2016-04-27 15:24:06",2
327000000000,5630472,F,2016/04/29,71,Dahlonega,0,0,0,0,0,0,No,"2016-04-27 15:25:50",2
6370000000000,5630442,F,2016/04/29,76,Shreveport,0,0,0,0,0,0,No,"2016-04-27 15:22:50",2
79347781684,5630445,F,2016/04/29,63,Hampton,0,1,0,0,0,0,No,"2016-04-27 15:23:01",2
218000000000000,5630438,F,2016/04/29,49,Cary,0,0,0,0,0,0,No,"2016-04-27 15:22:32",2
5770000000000,5630377,F,2016/04/29,53,Cary,0,1,1,0,0,0,No,"2016-04-27 15:15:24",2
657000000000000,5630430,M,2016/04/29,49,Calhoun,0,0,0,0,0,0,No,"2016-04-27 15:22:05",2
624000000000,5630432,F,2016/04/29,26,Huntingdon,0,0,0,0,0,0,Yes,"2016-04-27 15:22:18",2
459000000000,5482629,F,2016/04/29,33,Saginaw,0,0,0,0,0,1,No,"2016-03-17 10:05:14",43
12500000000000,5502935,M,2016/04/29,36,Calhoun,0,0,0,0,0,1,No,"2016-03-22 16:07:52",38
656000000000000,5501671,F,2016/04/29,35,Dahlonega,1,0,0,0,0,1,No,"2016-03-22 13:24:45",38
55986161184,5532316,F,2016/04/29,17,Dahlonega,1,0,0,0,0,1,Yes,"2016-03-31 10:56:11",29
993000000000000,5641838,F,2016/04/29,2,Mercer,0,0,0,0,0,0,No,"2016-04-29 14:28:35",0
8500000000000,5556383,F,2016/04/29,33,Billings,0,0,0,0,0,1,No,"2016-04-07 11:59:14",22
61893284664,5578980,F,2016/04/29,23,Calhoun,1,0,0,0,0,1,No,"2016-04-13 14:01:54",16
655000000000,5585597,F,2016/04/29,43,Calhoun,0,0,0,0,0,1,No,"2016-04-14 17:12:02",15
270000000000,5639571,M,2016/04/29,6,Eugene,0,0,0,0,0,0,No,"2016-04-29 09:14:43",0
4620000000000,5639898,M,2016/04/29,50,"Bay City",0,0,1,0,0,0,No,"2016-04-29 09:47:10",0
89700000000000,5638410,M,2016/04/29,35,Dahlonega,0,0,0,0,0,0,No,"2016-04-29 08:00:35",0
332000000000000,5531297,F,2016/04/29,69,"Osage Beach",0,1,1,0,0,1,No,"2016-03-31 09:22:04",29
21800000000000,5531300,F,2016/04/29,56,Victorville,0,0,0,0,0,1,No,"2016-03-31 09:22:24",29
1340000000000,5512225,F,2016/04/29,67,Hampton,0,0,0,0,0,1,No,"2016-03-28 08:40:05",32
11600000000000,5511955,F,2016/04/29,62,Hampton,0,0,1,0,0,1,No,"2016-03-28 08:24:01",32
866000000000000,5507702,F,2016/04/29,15,Hampton,0,0,1,0,0,1,Yes,"2016-03-23 12:20:54",37
45400000000000,5506672,F,2016/04/29,52,Bloomington,1,1,0,0,0,1,No,"2016-03-23 10:50:23",37
28711224327,5505726,F,2016/04/29,50,Sarasota,0,1,0,0,0,1,No,"2016-03-23 09:41:57",37
98300000000000,5503789,F,2016/04/29,45,Ogunquit,0,1,1,0,0,1,No,"2016-03-23 07:17:56",37
18300000000000,5638059,F,2016/04/29,29,"Bay City",1,0,0,0,0,0,No,"2016-04-29 07:40:56",0
52900000000000,5637822,F,2016/04/29,32,"Lenoir City",0,0,0,0,0,0,No,"2016-04-29 07:25:12",0
37800000000000,5637874,F,2016/04/29,60,Dahlonega,0,0,0,0,0,0,No,"2016-04-29 07:28:28",0
53000000000000,5637827,F,2016/04/29,24,Huntingdon,0,0,0,0,0,0,No,"2016-04-29 07:25:29",0
64934635841,5636530,F,2016/04/29,3,"Charles Town",0,0,0,0,0,0,Yes,"2016-04-28 15:34:00",1
85200000000000,5521781,F,2016/04/29,25,Moore,0,0,0,0,0,1,No,"2016-03-29 12:43:13",31
136000000000000,5521738,M,2016/04/29,54,Cary,0,0,0,0,0,1,Yes,"2016-03-29 12:29:03",31
33400000000000,5518724,F,2016/04/29,39,Boone,0,0,0,0,0,1,Yes,"2016-03-29 08:00:31",31
27561993676,5518442,F,2016/04/29,39,Bloomington,0,0,0,0,0,1,No,"2016-03-29 07:40:16",31
28900000000000,5640706,F,2016/04/29,60,Bloomington,0,0,0,0,0,0,No,"2016-04-29 11:15:38",0
726000000000000,5518661,F,2016/04/29,70,"Clinton Township",0,0,0,0,0,1,No,"2016-03-29 07:56:27",31
36400000000000,5640484,F,2016/04/29,65,Shreveport,0,0,0,0,0,0,No,"2016-04-29 10:48:25",0
93400000000000,5578932,F,2016/04/29,50,Victorville,0,0,0,0,0,1,No,"2016-04-13 13:55:24",16
81100000000000,5520060,M,2016/04/29,76,Columbus,0,0,0,0,0,1,No,"2016-03-29 09:30:54",31
4000000000000,5641311,F,2016/04/29,41,"Miles City",0,0,0,0,0,0,No,"2016-04-29 13:17:02",0
54300000000000,5519036,F,2016/04/29,79,Bryant,0,0,0,0,0,1,No,"2016-03-29 08:21:46",31
1820000000000,5641705,F,2016/04/29,58,Sarasota,0,0,0,0,0,0,No,"2016-04-29 14:11:01",0
32200000000000,5519567,F,2016/04/29,83,"Bay City",0,0,0,0,0,1,No,"2016-03-29 08:54:43",31
449000000000,5520171,M,2016/04/29,63,Albany,0,0,0,0,0,1,No,"2016-03-29 09:38:20",31
86500000000000,5518557,F,2016/04/29,61,Princeton,0,0,0,0,0,1,No,"2016-03-29 07:49:27",31
2510000000000,5638329,M,2016/04/29,42,"Castle Rock",0,0,0,0,0,0,No,"2016-04-29 07:54:57",0
8740000000000,5638357,M,2016/04/29,64,"Fort Worth",0,1,0,0,0,0,No,"2016-04-29 07:57:16",0
383000000000,5640427,F,2016/04/29,56,Dahlonega,0,0,1,0,0,0,No,"2016-04-29 10:42:33",0
1130000000000,5470072,F,2016/04/29,51,Pittsburgh,0,0,0,0,0,1,No,"2016-03-15 10:09:25",45
872000000000,5626699,F,2016/04/29,18,Shakopee,1,0,0,0,1,0,No,"2016-04-27 08:31:40",2
78800000000000,5589693,F,2016/04/29,33,Princeton,1,0,0,0,0,1,No,"2016-04-15 12:42:49",14
2920000000000,5477783,F,2016/04/29,52,Corbin,0,0,0,0,0,1,No,"2016-03-16 13:38:35",44
9750000000000,5599180,F,2016/04/29,44,Corbin,0,1,0,0,0,1,No,"2016-04-19 08:34:34",10
299000000000,5478830,F,2016/04/29,28,Spearfish,0,0,0,0,0,1,No,"2016-03-16 15:35:00",44
5620000000000,5599125,M,2016/04/29,71,Griffin,0,1,1,0,0,0,No,"2016-04-19 08:30:18",10
6440000000000,5559948,M,2016/04/29,64,Ogunquit,0,1,1,0,0,1,No,"2016-04-08 08:18:27",21
767000000000000,5479226,M,2016/04/29,52,"Charles Town",0,0,0,0,0,1,No,"2016-03-16 16:34:39",44
927000000000,5641322,F,2016/04/29,39,Victorville,0,0,1,0,0,0,No,"2016-04-29 13:19:24",0
744000000000000,5536983,F,2016/04/29,55,"Cedar Rapids",0,0,0,0,0,0,Yes,"2016-04-01 09:23:49",28
8190000000000,5641599,F,2016/04/29,38,"Detroit Lakes",1,0,1,0,0,0,No,"2016-04-29 14:00:37",0
962000000000,5477604,F,2016/04/29,18,Saginaw,0,0,0,0,0,1,Yes,"2016-03-16 13:18:07",44
736000000000,5478883,F,2016/04/29,68,Billings,0,0,0,0,0,1,Yes,"2016-03-16 15:39:02",44
744000000000000,5641460,F,2016/04/29,55,"Castle Rock",0,0,0,0,0,0,No,"2016-04-29 13:41:14",0
647000000000000,5478890,M,2016/04/29,65,Walden,0,1,0,1,0,1,Yes,"2016-03-16 15:39:25",44
186000000000000,5641797,M,2016/04/29,40,Hampton,1,0,0,0,0,0,No,"2016-04-29 14:22:01",0
788000000000000,5476805,F,2016/04/29,42,Cary,0,0,0,0,0,1,No,"2016-03-16 10:58:23",44
790000000000,5641908,F,2016/04/29,62,Bradenton,1,1,0,0,0,0,No,"2016-04-29 14:41:45",0
64900000000000,5478321,F,2016/04/29,72,"Fort Collins",0,0,0,0,0,1,Yes,"2016-03-16 14:36:44",44
76200000000000,5638375,F,2016/04/29,69,Bloomington,0,1,0,0,0,0,No,"2016-04-29 07:58:30",0
28900000000000,5628374,F,2016/04/29,32,"Fort Worth",0,0,0,0,0,0,No,"2016-04-27 10:54:43",2
2400000000000,5637655,M,2016/04/29,34,"Fort Worth",0,0,0,0,0,0,No,"2016-04-29 07:14:35",0
86900000000000,5638127,M,2016/04/29,27,Ogunquit,1,0,0,0,0,0,No,"2016-04-29 07:44:19",0
37271728719,5638148,M,2016/04/29,10,Ogunquit,0,0,0,0,0,0,No,"2016-04-29 07:45:18",0
27200000000000,5638174,F,2016/04/29,28,Hampton,0,0,0,0,0,0,No,"2016-04-29 07:47:07",0
646000000000000,5638231,M,2016/04/29,36,"Cedar Rapids",0,0,0,0,1,0,No,"2016-04-29 07:50:04",0
18300000000000,5638805,F,2016/04/29,87,"Cedar Rapids",0,1,1,0,1,0,No,"2016-04-29 08:26:43",0
2510000000000,5638309,M,2016/04/29,42,Walden,0,0,0,0,0,0,No,"2016-04-29 07:54:13",0
8470000000000,5639778,F,2016/04/29,56,Gardena,0,0,0,0,0,0,No,"2016-04-29 09:35:02",0
536000000000000,5614877,F,2016/04/29,17,"Castle Rock",0,0,0,0,0,1,No,"2016-04-25 11:08:41",4
9390000000000,5599074,F,2016/04/29,59,"Fort Worth",0,0,0,0,0,1,No,"2016-04-19 08:25:32",10
5420000000000,5636580,F,2016/04/29,52,Brockton,1,1,0,0,0,0,No,"2016-04-28 15:41:22",1
925000000000000,5634015,F,2016/04/29,74,Deerfield,0,1,0,0,0,0,No,"2016-04-28 10:14:38",1
4880000000000,5601991,F,2016/04/29,13,"Clinton Township",1,0,0,0,0,1,Yes,"2016-04-19 14:04:06",10
71800000000000,5477527,F,2016/04/29,44,Woodstock,0,0,0,0,0,1,No,"2016-03-16 13:06:45",44
38800000000000,5598834,F,2016/04/29,53,Moore,0,0,0,0,0,0,No,"2016-04-19 08:06:56",10
6440000000000,5642394,M,2016/04/29,43,Boone,0,0,0,0,0,0,No,"2016-04-29 15:46:55",0
81200000000000,5642389,M,2016/04/29,47,Ogunquit,0,0,0,0,0,0,No,"2016-04-29 15:45:43",0
89200000000000,5639921,F,2016/04/29,45,Huntingdon,1,1,0,1,0,0,No,"2016-04-29 09:49:01",0
786000000000,5531353,F,2016/04/29,31,Princeton,0,0,0,0,0,1,No,"2016-03-31 09:27:16",29
85500000000000,5561169,F,2016/04/29,48,"Cedar Rapids",0,1,1,0,0,1,No,"2016-04-08 10:12:31",21
712000000000000,5600907,M,2016/04/29,4,Irmo,0,0,0,0,0,1,No,"2016-04-19 11:23:42",10
14800000000000,5600587,F,2016/04/29,56,"Fort Wayne",0,0,1,0,0,1,No,"2016-04-19 10:54:51",10
989000000000,5550370,F,2016/04/29,20,"Fort Wayne",0,0,0,0,0,1,No,"2016-04-06 11:14:36",23
893000000000000,5527314,F,2016/04/29,46,Dublin,1,0,0,0,0,1,No,"2016-03-30 13:19:52",30
47800000000000,5536309,F,2016/04/29,31,Hartford,0,0,0,0,0,1,No,"2016-04-01 08:29:20",28
51600000000000,5600298,F,2016/04/29,43,Huntingdon,0,0,0,0,0,1,Yes,"2016-04-19 10:19:33",10
85200000000000,5631875,F,2016/04/29,19,Huntingdon,0,0,0,0,0,0,Yes,"2016-04-28 07:30:39",1
6220000000000,5631870,M,2016/04/29,19,Vandalia,0,0,0,0,0,0,No,"2016-04-28 07:30:29",1
71200000000000,5631867,M,2016/04/29,56,Vandalia,0,0,0,0,0,0,No,"2016-04-28 07:30:19",1
15200000000000,5631863,F,2016/04/29,37,Cary,0,0,0,0,0,0,Yes,"2016-04-28 07:30:04",1
14844682413,5631661,F,2016/04/29,24,Sarasota,0,0,0,0,0,0,No,"2016-04-28 07:19:19",1
43200000000000,5631665,F,2016/04/29,45,Deerfield,0,0,0,0,0,0,Yes,"2016-04-28 07:19:31",1
64200000000000,5631659,F,2016/04/29,40,Shakopee,0,0,0,0,0,0,Yes,"2016-04-28 07:19:08",1
419000000000000,5631652,F,2016/04/29,58,Vandalia,0,0,0,0,0,0,Yes,"2016-04-28 07:18:44",1
975000000000,5631656,F,2016/04/29,52,Hampton,0,0,0,0,0,0,No,"2016-04-28 07:18:55",1
66800000000000,5631650,F,2016/04/29,10,"Miles City",0,0,0,0,0,0,No,"2016-04-28 07:18:31",1
3270000000000,5631489,F,2016/04/29,26,"Fort Worth",0,0,0,0,0,0,Yes,"2016-04-28 07:10:02",1
898000000000000,5631483,M,2016/04/29,72,"Fort Worth",0,1,0,0,0,0,No,"2016-04-28 07:09:38",1
92800000000000,5631486,F,2016/04/29,34,Columbus,0,0,0,0,0,0,Yes,"2016-04-28 07:09:49",1
373000000000,5631474,F,2016/04/29,28,Gardena,0,0,0,0,0,0,No,"2016-04-28 07:09:08",1
4200000000000,5631450,F,2016/04/29,60,Aspen,0,0,0,0,0,0,No,"2016-04-28 07:07:37",1
676000000000000,5631443,M,2016/04/29,23,Aspen,0,0,0,0,0,0,No,"2016-04-28 07:07:07",1
26900000000000,5631437,M,2016/04/29,59,Hampton,0,0,0,0,0,0,No,"2016-04-28 07:06:46",1
8180000000000,5631428,F,2016/04/29,64,Hampton,0,1,0,0,0,0,No,"2016-04-28 07:06:22",1
4590000000000,5638356,F,2016/04/29,34,Bryant,0,0,0,0,0,0,No,"2016-04-29 07:57:15",0
15200000000000,5631432,M,2016/04/29,41,Valentine,0,0,0,0,0,0,Yes,"2016-04-28 07:06:34",1
4290000000000,5631423,M,2016/04/29,31,Princeton,0,1,0,0,0,0,Yes,"2016-04-28 07:06:11",1
5210000000000,5631419,F,2016/04/29,17,Walden,0,0,0,0,0,0,Yes,"2016-04-28 07:06:00",1
84466359152,5631417,M,2016/04/29,43,"Fort Worth",0,0,0,0,0,0,No,"2016-04-28 07:05:48",1
764000000000000,5631413,F,2016/04/29,35,Ogunquit,0,0,0,0,0,0,No,"2016-04-28 07:05:36",1
24900000000000,5631409,F,2016/04/29,34,"Oak Harbor",0,0,0,0,0,0,No,"2016-04-28 07:05:15",1
37814755181,5534318,F,2016/04/29,43,Clanton,0,0,0,0,0,1,No,"2016-03-31 15:44:41",29
8720000000000,5631113,F,2016/04/29,49,"Osage Beach",0,0,0,0,0,0,No,"2016-04-27 17:50:53",2
23300000000000,5631114,F,2016/04/29,23,Dublin,0,0,0,0,0,0,Yes,"2016-04-27 17:51:03",2
922000000000,5631112,F,2016/04/29,14,Sarasota,0,0,0,0,0,0,No,"2016-04-27 17:50:43",2
5450000000000,5631116,M,2016/04/29,33,Eugene,0,0,0,0,0,0,Yes,"2016-04-27 17:51:18",2
2440000000000,5530393,F,2016/04/29,57,Tyler,0,0,0,0,0,1,Yes,"2016-03-31 08:14:03",29
2670000000000,5534332,F,2016/04/29,23,Columbus,0,0,0,0,0,1,No,"2016-03-31 15:46:36",29
1810000000000,5534361,F,2016/04/29,21,Pittsburgh,0,0,0,0,0,1,Yes,"2016-03-31 15:53:54",29
156000000000,5628855,F,2016/04/29,23,"Clinton Township",0,0,0,0,0,0,Yes,"2016-04-27 11:52:17",2
268000000000000,5534388,F,2016/04/29,29,Huntingdon,0,0,0,0,0,1,Yes,"2016-03-31 16:01:38",29
868000000000000,5550650,F,2016/04/29,16,Moore,0,0,0,0,0,1,No,"2016-04-06 11:51:52",23
81900000000000,5523258,F,2016/04/29,17,Appleton,0,0,0,0,0,1,No,"2016-03-29 16:28:31",31
12100000000000,5563549,F,2016/04/29,27,Vandalia,1,0,0,0,0,1,Yes,"2016-04-08 16:48:54",21
23700000000000,5628693,F,2016/04/29,21,Gardena,0,0,0,0,0,0,No,"2016-04-27 11:26:50",2
74800000000000,5575204,F,2016/04/29,38,"Fort Collins",0,0,0,0,0,1,No,"2016-04-12 17:38:37",17
792000000000000,5546749,F,2016/04/29,27,Calhoun,1,0,0,0,0,1,No,"2016-04-05 17:17:43",24
92199621521,5622696,F,2016/04/29,21,Ogunquit,0,0,0,0,0,1,Yes,"2016-04-26 12:49:08",3
58500000000000,5640566,F,2016/04/29,53,Valentine,0,0,0,0,0,0,No,"2016-04-29 10:57:53",0
975000000000000,5631108,F,2016/04/29,26,Moore,1,0,0,0,0,0,No,"2016-04-27 17:49:53",2
7700000000000,5631104,F,2016/04/29,13,Moore,0,0,0,0,0,0,No,"2016-04-27 17:49:30",2
68200000000000,5631110,M,2016/04/29,8,Spearfish,0,0,0,0,0,0,No,"2016-04-27 17:50:31",2
59900000000000,5631105,M,2016/04/29,31,Dublin,0,0,0,0,0,0,No,"2016-04-27 17:49:40",2
75927489941,5631109,F,2016/04/29,59,Ogunquit,0,0,0,0,0,0,Yes,"2016-04-27 17:50:19",2
74600000000000,5631096,F,2016/04/29,34,Mullins,0,0,0,0,0,0,No,"2016-04-27 17:48:19",2
82300000000000,5631099,M,2016/04/29,13,Cambridge,0,0,0,0,0,0,No,"2016-04-27 17:48:46",2
5450000000000,5631098,F,2016/04/29,44,"Cedar Rapids",0,1,0,0,0,0,No,"2016-04-27 17:48:35",2
1640000000000,5631101,M,2016/04/29,25,Aspen,0,0,0,0,0,0,No,"2016-04-27 17:49:02",2
56800000000000,5631090,M,2016/04/29,54,Aspen,0,0,0,0,0,0,No,"2016-04-27 17:46:47",2
131000000000000,5631089,F,2016/04/29,48,Columbus,0,0,0,0,0,0,No,"2016-04-27 17:46:33",2
495000000000000,5631083,M,2016/04/29,4,Corbin,0,0,0,0,0,0,Yes,"2016-04-27 17:45:07",2
962000000000,5631091,F,2016/04/29,18,Hampton,0,0,0,0,0,0,Yes,"2016-04-27 17:46:58",2
69700000000000,5631088,F,2016/04/29,48,"Bay City",1,0,0,0,0,0,Yes,"2016-04-27 17:46:17",2
634000000000000,5631095,F,2016/04/29,39,Woodland,0,1,0,0,0,0,Yes,"2016-04-27 17:48:09",2
88700000000000,5631069,F,2016/04/29,44,"Fort Collins",0,0,0,0,0,0,No,"2016-04-27 17:40:19",2
68100000000000,5631074,F,2016/04/29,22,"Castle Rock",0,0,0,0,0,0,Yes,"2016-04-27 17:41:05",2
128000000000000,5631071,M,2016/04/29,19,Douglasville,0,0,0,0,0,0,No,"2016-04-27 17:40:32",2
86300000000000,5631075,F,2016/04/29,21,Dublin,0,0,0,0,0,0,No,"2016-04-27 17:41:15",2
93700000000000,5631073,M,2016/04/29,36,Hartford,0,0,0,0,0,0,Yes,"2016-04-27 17:40:48",2
9650000000000,5583666,F,2016/04/29,76,Appleton,0,0,0,0,0,1,No,"2016-04-14 11:29:52",15
12300000000000,5638809,F,2016/04/29,64,Hartford,0,0,0,0,0,0,No,"2016-04-29 08:27:08",0
8680000000000,5550928,M,2016/04/29,29,Pittsburgh,0,0,0,0,0,1,Yes,"2016-04-06 12:55:21",23
612000000000,5542250,F,2016/04/29,67,Albany,0,1,0,0,0,1,No,"2016-04-05 08:46:42",24
31300000000000,5594748,F,2016/04/29,73,Albany,0,1,0,0,1,1,No,"2016-04-18 11:12:15",11
24800000000000,5640329,F,2016/04/29,32,Hampton,1,0,0,0,0,0,No,"2016-04-29 10:30:24",0
1890000000000,5541991,M,2016/04/29,58,Columbus,0,0,0,0,0,1,No,"2016-04-05 08:32:15",24
4360000000000,5639815,F,2016/04/29,50,"Rocky Mount",1,0,0,0,0,0,No,"2016-04-29 09:38:58",0
479000000000000,5452800,M,2016/04/29,61,Billings,0,1,0,0,0,1,No,"2016-03-10 10:10:03",50
8490000000000,5631339,F,2016/04/29,67,Woodland,0,1,0,0,0,0,No,"2016-04-28 06:56:31",1
343000000000000,5638925,F,2016/04/29,20,Boone,0,0,0,0,0,0,No,"2016-04-29 08:35:22",0
49200000000000,5452793,F,2016/04/29,52,Eugene,0,1,1,0,0,1,No,"2016-03-10 10:09:34",50
832000000000000,5517931,F,2016/04/29,71,"Bay City",0,1,1,0,0,1,No,"2016-03-29 06:52:26",31
2520000000000,5638463,F,2016/04/29,63,Mercer,0,1,0,0,0,0,No,"2016-04-29 08:03:22",0
23600000000000,5447464,F,2016/04/29,69,Pittsburgh,0,0,0,0,0,1,No,"2016-03-09 10:10:44",51
112000000000,5638341,M,2016/04/29,54,Pittsburgh,0,1,0,0,0,0,No,"2016-04-29 07:55:36",0
366000000000000,5612155,F,2016/04/29,67,"Williams Bay",0,1,1,0,0,1,Yes,"2016-04-25 07:59:18",4
4510000000000,5624402,F,2016/04/29,59,Spearfish,0,0,0,0,0,1,No,"2016-04-26 15:55:13",3
38900000000000,5595967,F,2016/04/29,20,Gardena,0,0,0,0,0,1,No,"2016-04-18 13:44:39",11
14200000000000,5540612,M,2016/04/29,22,Hampton,0,0,0,0,0,1,No,"2016-04-05 07:12:35",24
4250000000000,5541569,F,2016/04/29,55,"Fort Collins",0,0,0,0,0,1,No,"2016-04-05 08:06:54",24
825000000000000,5630639,M,2016/04/29,16,"Miles City",0,0,0,0,0,0,Yes,"2016-04-27 15:52:54",2
896000000000000,5595905,M,2016/04/29,10,"Fort Worth",0,0,0,0,0,1,Yes,"2016-04-18 13:38:05",11
896000000000000,5595910,M,2016/04/29,10,Deerfield,0,0,0,0,0,0,Yes,"2016-04-18 13:38:47",11
7230000000000,5636074,F,2016/04/29,28,Hartford,0,0,0,0,0,0,No,"2016-04-28 14:28:00",1
95600000000000,5599675,F,2016/04/29,54,Moore,0,0,0,0,0,1,No,"2016-04-19 09:17:45",10
95600000000000,5599678,F,2016/04/29,54,Princeton,0,0,0,0,0,0,No,"2016-04-19 09:17:58",10
125000000000000,5601626,F,2016/04/29,46,Vandalia,0,0,0,0,0,0,Yes,"2016-04-19 13:22:59",10
2760000000000,5639514,F,2016/04/29,44,"Cripple Creek",0,0,0,0,0,0,No,"2016-04-29 09:11:16",0
83400000000000,5607987,F,2016/04/29,58,Saginaw,0,1,0,0,0,0,Yes,"2016-04-20 13:02:20",9
18500000000000,5590005,F,2016/04/29,42,Calhoun,0,0,0,0,0,1,No,"2016-04-15 13:25:20",14
726000000000000,5634646,F,2016/04/29,53,"Fort Worth",0,0,0,0,0,0,No,"2016-04-28 11:23:22",1
97400000000000,5619794,F,2016/04/29,40,"Lenoir City",0,0,0,0,0,1,No,"2016-04-26 08:19:33",3
967000000000,5561947,F,2016/04/29,16,Woodstock,1,0,0,1,0,1,Yes,"2016-04-08 11:44:04",21
12400000000000,5582366,F,2016/04/29,59,Woodstock,0,0,0,0,0,0,No,"2016-04-14 09:18:18",15
78549546682,5589091,F,2016/04/29,39,Princeton,0,0,0,0,0,1,No,"2016-04-15 11:05:22",14
99200000000000,5422580,F,2016/04/29,34,Cambridge,1,0,0,0,0,0,Yes,"2016-03-02 15:56:11",58
99200000000000,5422579,F,2016/04/29,34,Columbus,1,0,0,0,0,1,Yes,"2016-03-02 15:56:03",58
895000000000000,5642463,M,2016/04/29,36,Saginaw,0,1,0,0,0,0,No,"2016-04-29 16:01:40",0
215000000000,5641770,F,2016/04/29,35,Deerfield,1,0,0,0,0,0,No,"2016-04-29 14:18:07",0
62100000000000,5628777,M,2016/04/29,9,Woodstock,1,0,0,0,0,0,No,"2016-04-27 11:39:05",2
895000000000000,5410880,M,2016/04/29,36,Albany,0,1,0,0,0,1,Yes,"2016-03-01 07:18:37",59
284000000000000,5642306,M,2016/04/29,51,"Oak Harbor",0,0,0,0,0,0,No,"2016-04-29 15:33:04",0
755000000000000,5533852,F,2016/04/29,36,Gardena,0,0,0,0,0,1,No,"2016-03-31 14:41:31",29
8990000000000,5539421,F,2016/04/29,49,Boone,0,0,0,0,0,1,No,"2016-04-01 14:56:14",28
215000000000,5640652,F,2016/04/29,35,"Twin Mountain",1,0,0,0,0,0,No,"2016-04-29 11:08:21",0
98500000000000,5641073,M,2016/04/29,41,Tyler,0,0,0,0,0,0,No,"2016-04-29 12:20:39",0
21146654496,5640313,F,2016/04/29,32,Hartford,0,0,0,0,0,0,No,"2016-04-29 10:29:07",0
942000000000000,5640477,M,2016/04/29,14,Victorville,0,0,0,0,0,0,No,"2016-04-29 10:47:31",0
4650000000000,5640476,F,2016/04/29,14,"Fort Collins",0,0,0,0,0,0,No,"2016-04-29 10:47:11",0
462000000000,5640471,M,2016/04/29,13,Gretna,0,0,0,0,0,0,No,"2016-04-29 10:46:53",0
8817234515,5640467,F,2016/04/29,14,Troy,1,0,0,0,0,0,Yes,"2016-04-29 10:46:28",0
83300000000000,5640461,F,2016/04/29,16,Hartford,0,0,0,0,0,0,Yes,"2016-04-29 10:45:56",0
89900000000000,5640464,F,2016/04/29,17,Joplin,0,0,0,0,1,0,No,"2016-04-29 10:46:10",0
67500000000000,5629276,M,2016/04/29,72,Victorville,0,0,0,0,1,0,No,"2016-04-27 13:12:48",2
83900000000000,5576598,F,2016/04/29,30,Victorville,0,0,0,0,0,0,No,"2016-04-13 08:41:23",16
8960000000000,5598619,F,2016/04/29,32,Albany,0,0,0,0,0,1,Yes,"2016-04-19 07:47:50",10
1960000000000,5602435,M,2016/04/29,74,Mullins,0,0,1,0,0,1,Yes,"2016-04-19 14:54:24",10
82500000000000,5611400,F,2016/04/29,65,Vandalia,0,1,1,0,0,1,No,"2016-04-25 07:09:57",4
528000000000000,5600458,F,2016/04/29,42,Vandalia,0,0,0,0,0,1,No,"2016-04-19 10:39:59",10
925000000000000,5641724,M,2016/04/29,64,Hampton,1,1,0,1,0,0,No,"2016-04-29 14:12:47",0
288000000000000,5601359,F,2016/04/29,17,Roanoke,0,0,0,0,0,1,No,"2016-04-19 12:43:08",10
67800000000000,5639871,M,2016/04/29,2,Spearfish,1,0,0,0,0,0,No,"2016-04-29 09:44:05",0
64498118518,5636980,F,2016/04/29,29,Dublin,0,0,0,0,0,0,No,"2016-04-28 16:45:49",1
64498118518,5636977,F,2016/04/29,29,Calhoun,0,0,0,0,0,0,No,"2016-04-28 16:45:32",1
352000000000000,5638091,F,2016/04/29,26,Calhoun,0,0,0,0,0,0,No,"2016-04-29 07:42:38",0
57600000000000,5639419,F,2016/04/29,75,"Twin Mountain",1,1,0,0,0,0,No,"2016-04-29 09:04:27",0
92600000000000,5638082,M,2016/04/29,1,"Twin Mountain",0,0,0,0,0,0,No,"2016-04-29 07:42:18",0
454000000000000,5637941,F,2016/04/29,1,Harrison,0,0,0,0,0,0,No,"2016-04-29 07:32:51",0
99500000000000,5640417,M,2016/04/29,1,Valentine,0,0,0,0,0,0,No,"2016-04-29 10:41:07",0
430000000000000,5639831,F,2016/04/29,2,Albany,0,0,0,0,0,0,No,"2016-04-29 09:40:33",0
62400000000000,5639083,F,2016/04/29,4,Princeton,0,0,0,0,0,0,No,"2016-04-29 08:42:21",0
6640000000000,5638828,F,2016/04/29,1,"Williams Bay",0,0,0,0,0,0,No,"2016-04-29 08:28:16",0
3990000000000,5619053,F,2016/04/29,0,Saginaw,0,0,0,0,0,0,No,"2016-04-26 07:38:42",3
813000000000000,5638564,F,2016/04/29,0,Carlsbad,0,0,0,0,0,0,No,"2016-04-29 08:09:42",0
487000000000000,5637479,M,2016/04/29,5,"Fort Worth",0,0,0,0,0,0,No,"2016-04-29 07:00:36",0
4250000000000,5637912,M,2016/04/29,0,Harrison,0,0,0,0,0,0,No,"2016-04-29 07:30:50",0
7940000000000,5512052,F,2016/04/29,0,Silverton,0,0,0,0,0,0,No,"2016-03-28 08:30:38",32
3680000000000,5627548,M,2016/04/29,6,Shakopee,0,0,0,0,0,0,No,"2016-04-27 09:37:46",2
6950000000000,5623458,F,2016/04/29,0,Princeton,0,0,0,0,0,1,No,"2016-04-26 14:05:07",3
54700000000000,5617246,F,2016/04/29,0,Midway,0,0,0,0,0,1,No,"2016-04-25 15:43:39",4
700000000000000,5505078,F,2016/04/29,2,Walden,0,0,0,0,0,1,Yes,"2016-03-23 08:49:02",37
743000000000000,5640871,F,2016/04/29,6,Roanoke,0,0,0,0,0,0,No,"2016-04-29 11:37:48",0
92300000000000,5505924,M,2016/04/29,9,Saginaw,0,0,0,0,0,0,No,"2016-03-23 10:02:04",37
157000000000000,5509530,M,2016/04/29,0,Saginaw,0,0,0,0,0,1,Yes,"2016-03-23 15:37:18",37
43700000000000,5640190,M,2016/04/29,20,Billings,0,0,0,0,0,0,Yes,"2016-04-29 10:14:05",0
1250000000000,5604859,F,2016/04/29,27,Hampton,0,0,0,0,0,1,No,"2016-04-20 08:23:52",9
497000000000000,5604082,F,2016/04/29,38,Hampton,1,0,0,0,0,1,No,"2016-04-20 07:39:19",9
373000000000000,5604093,F,2016/04/29,45,Bryant,0,0,1,0,0,1,No,"2016-04-20 07:40:09",9
52600000000000,5604096,F,2016/04/29,81,Dublin,0,1,0,0,0,0,No,"2016-04-20 07:40:12",9
785000000000000,5641717,F,2016/04/29,15,Troy,0,0,0,0,0,0,No,"2016-04-29 14:12:07",0
7870000000000,5604762,F,2016/04/29,79,Harrison,0,1,1,0,0,1,No,"2016-04-20 08:18:23",9
314000000000,5604424,F,2016/04/29,24,Mercer,0,0,0,0,0,1,No,"2016-04-20 07:57:38",9
131000000000000,5641468,M,2016/04/29,15,Roanoke,0,0,0,0,0,0,No,"2016-04-29 13:42:51",0
8160000000000,5641450,M,2016/04/29,36,Spearfish,0,0,0,0,0,0,No,"2016-04-29 13:39:51",0
88800000000000,5604332,M,2016/04/29,55,Woodland,0,1,0,0,0,0,No,"2016-04-20 07:53:10",9
9480000000000,5604299,F,2016/04/29,22,Cooperstown,0,0,0,0,0,1,No,"2016-04-20 07:51:15",9
5350000000000,5599531,F,2016/04/29,38,"Fort Collins",1,0,0,0,0,1,No,"2016-04-19 09:04:08",10
526000000000000,5604293,F,2016/04/29,59,"Castle Rock",0,1,0,0,0,0,No,"2016-04-20 07:50:54",9
6000000000000,5638517,M,2016/04/29,1,Kuttawa,0,0,0,0,0,0,No,"2016-04-29 08:06:48",0
939000000000000,5604274,F,2016/04/29,28,"Bay City",0,0,0,0,0,1,Yes,"2016-04-20 07:49:53",9
593000000000000,5604270,M,2016/04/29,61,Deerfield,0,0,0,0,0,0,No,"2016-04-20 07:49:44",9
34400000000000,5604131,F,2016/04/29,33,Mullins,0,0,0,0,0,1,No,"2016-04-20 07:42:18",9
26300000000000,5638322,M,2016/04/29,2,"Oak Harbor",0,0,0,0,0,0,No,"2016-04-29 07:54:34",0
518000000000000,5604006,F,2016/04/29,19,Princeton,0,0,0,0,0,1,No,"2016-04-20 07:35:04",9
72900000000000,5603978,F,2016/04/29,32,"Williams Bay",0,0,1,0,0,0,No,"2016-04-20 07:33:39",9
19000000000000,5603923,F,2016/04/29,32,"Cedar Rapids",1,0,0,0,0,1,No,"2016-04-20 07:30:00",9
4490000000000,5637879,F,2016/04/29,2,Hampton,0,0,0,0,0,0,No,"2016-04-29 07:29:11",0
6930000000000,5603886,F,2016/04/29,17,Clanton,0,0,0,0,0,1,No,"2016-04-20 07:28:03",9
69800000000000,5479018,F,2016/04/29,75,Harrison,0,1,0,0,0,1,No,"2016-03-16 15:59:04",44
975000000000000,5640032,F,2016/04/29,26,Columbus,1,0,0,0,0,0,No,"2016-04-29 10:00:45",0
9980000000000,5631978,F,2016/04/29,64,Pittsburgh,0,0,0,0,0,0,No,"2016-04-28 07:34:11",1
987000000000000,5631974,F,2016/04/29,59,Albany,0,1,0,0,0,0,No,"2016-04-28 07:33:59",1
9420000000000,5631970,F,2016/04/29,59,Cambridge,0,0,0,0,0,0,No,"2016-04-28 07:33:48",1
7970000000000,5631963,F,2016/04/29,30,Cambridge,1,0,0,0,0,0,No,"2016-04-28 07:33:34",1
330000000000000,5642751,M,2016/04/29,20,"Cedar Rapids",0,0,0,0,0,0,No,"2016-04-29 17:02:33",0
24200000000000,5642668,F,2016/04/29,0,Saginaw,0,0,0,0,0,0,No,"2016-04-29 16:44:34",0
398000000000,5641186,F,2016/04/29,47,Brockton,0,0,0,0,0,0,No,"2016-04-29 12:46:06",0
6230000000000,5642419,M,2016/04/29,57,Altoona,0,0,0,0,0,0,No,"2016-04-29 15:51:58",0
55600000000000,5638733,F,2016/04/29,74,Harrison,0,1,1,0,1,0,No,"2016-04-29 08:21:33",0
128000000000000,5503003,M,2016/04/29,16,"Battle Creek",0,0,0,0,0,1,Yes,"2016-03-22 16:20:40",38
7360000000000,5642516,M,2016/04/29,64,Princeton,0,1,0,0,0,0,No,"2016-04-29 16:11:07",0
7370000000000,5640555,F,2016/04/29,4,"Cedar Rapids",0,0,0,0,0,0,No,"2016-04-29 10:56:43",0
3850000000000,5506249,F,2016/04/29,58,Mobile,0,0,0,0,0,0,Yes,"2016-03-23 10:22:50",37
6320000000000,5506021,F,2016/04/29,35,"Osage Beach",0,1,1,0,1,0,No,"2016-03-23 10:07:58",37
388000000000,5504830,M,2016/04/29,61,"Max Meadows",0,0,0,0,0,1,No,"2016-03-23 08:27:37",37
3740000000000,5495491,M,2016/04/29,22,"Max Meadows",0,0,0,0,0,1,No,"2016-03-21 12:03:34",39
398000000000,5641196,F,2016/04/29,47,Albany,0,0,0,0,0,0,Yes,"2016-04-29 12:48:34",0
699000000000,5640330,F,2016/04/29,28,Vandalia,0,0,0,0,0,0,No,"2016-04-29 10:30:40",0
168000000000000,5640383,M,2016/04/29,26,Roanoke,0,0,0,0,0,0,No,"2016-04-29 10:37:27",0
653000000000000,5618503,F,2016/04/29,75,Roanoke,0,0,0,0,0,1,No,"2016-04-26 07:11:12",3
768000000000000,5616297,M,2016/04/29,5,Gardena,0,0,0,0,0,1,No,"2016-04-25 13:55:33",4
99400000000000,5616294,M,2016/04/29,0,Albuquerque,0,0,0,0,0,1,No,"2016-04-25 13:55:19",4
1787165631,5615631,F,2016/04/29,61,Billings,0,0,0,0,0,1,No,"2016-04-25 12:47:20",4
76542214594,5612431,F,2016/04/29,0,Gretna,0,0,0,0,0,1,No,"2016-04-25 08:16:28",4
272000000000000,5611961,M,2016/04/29,3,Tyler,1,0,0,0,0,1,No,"2016-04-25 07:47:07",4
6230000000000,5639929,M,2016/04/29,57,"Battle Creek",0,0,0,0,0,0,No,"2016-04-29 09:49:52",0
72500000000000,5638530,F,2016/04/29,38,Hampton,0,1,0,0,0,0,No,"2016-04-29 08:07:25",0
7700000000000,5642525,F,2016/04/29,13,"Fort Collins",0,0,0,0,0,0,Yes,"2016-04-29 16:12:47",0
926000000000000,5572570,F,2016/04/29,75,Boone,0,1,0,0,0,0,No,"2016-04-12 10:49:49",17
7700000000000,5642524,F,2016/04/29,13,Dublin,0,0,0,0,0,0,Yes,"2016-04-29 16:12:47",0
95800000000000,5642628,M,2016/04/29,0,Victorville,0,0,0,0,0,0,No,"2016-04-29 16:32:09",0
1140000000000,5590629,F,2016/04/29,21,Albany,0,0,0,0,0,0,Yes,"2016-04-15 14:35:51",14
1140000000000,5590628,F,2016/04/29,21,"Detroit Lakes",0,0,0,0,0,0,Yes,"2016-04-15 14:35:51",14
1140000000000,5590627,F,2016/04/29,21,Roanoke,0,0,0,0,0,0,Yes,"2016-04-15 14:35:51",14
890000000000000,5640923,F,2016/04/29,45,Troy,0,0,0,0,0,0,No,"2016-04-29 11:44:03",0
3967992386,5567300,F,2016/04/29,31,"Bay City",1,0,0,0,0,1,Yes,"2016-04-11 11:58:50",18
641000000000000,5561035,M,2016/04/29,78,"Bay City",0,1,0,0,0,1,Yes,"2016-04-08 10:00:48",21
4870000000000,5560310,F,2016/04/29,27,Appleton,0,0,0,0,0,1,Yes,"2016-04-08 08:46:37",21
3250000000000,5564672,F,2016/04/29,9,Oscoda,0,0,0,0,0,1,No,"2016-04-11 07:56:14",18
57200000000000,5507592,F,2016/04/29,13,Princeton,0,0,0,0,0,1,Yes,"2016-03-23 12:04:30",37
435000000000000,5641808,M,2016/04/29,37,Gardena,0,0,0,0,0,0,No,"2016-04-29 14:24:52",0
335000000000000,5564656,M,2016/04/29,13,Woodland,0,0,0,0,0,1,No,"2016-04-11 07:54:46",18
61700000000000,5627582,F,2016/04/29,59,Woodland,0,0,0,0,0,0,No,"2016-04-27 09:40:24",2
913000000000000,5596174,F,2016/04/29,70,Hampton,0,0,0,0,0,1,No,"2016-04-18 14:05:23",11
113000000000000,5627499,M,2016/04/29,33,"Miles City",0,1,0,0,0,0,No,"2016-04-27 09:34:30",2
4970000000000,5513929,F,2016/04/29,57,"Castle Rock",0,0,0,0,0,0,Yes,"2016-03-28 10:29:13",32
24200000000000,5587252,F,2016/04/29,77,Lamar,0,0,0,0,0,0,No,"2016-04-15 08:28:04",14
427000000000000,5639206,F,2016/04/29,17,Albany,0,0,0,0,0,0,No,"2016-04-29 08:48:17",0
22900000000000,5565532,M,2016/04/29,17,Roanoke,0,0,0,0,0,0,No,"2016-04-11 09:02:48",18
539000000000000,5511875,M,2016/04/29,41,"Cripple Creek",0,1,0,0,0,1,No,"2016-03-28 08:18:45",32
45800000000000,5586680,F,2016/04/29,57,Billings,0,0,0,0,0,1,Yes,"2016-04-15 07:50:55",14
999000000000000,5593038,M,2016/04/29,47,Billings,0,0,0,0,0,0,No,"2016-04-18 08:45:27",11
6630000000000,5501708,F,2016/04/29,73,Gretna,0,1,0,0,0,0,No,"2016-03-22 13:28:58",38
5360000000000,5573497,F,2016/04/29,34,Boone,0,0,0,0,0,1,No,"2016-04-12 12:54:10",17
22900000000000,5639643,F,2016/04/29,10,Columbia,0,0,0,0,0,0,No,"2016-04-29 09:21:03",0
12000000000000,5639423,M,2016/04/29,0,Eugene,0,0,0,0,0,0,No,"2016-04-29 09:04:44",0
92700000000000,5638715,F,2016/04/29,11,"Battle Creek",0,0,0,0,0,0,No,"2016-04-29 08:20:10",0
477000000000000,5639295,F,2016/04/29,2,Cambridge,0,0,0,0,0,0,No,"2016-04-29 08:55:50",0
23954772686,5629428,F,2016/04/29,14,Cambridge,0,0,0,0,1,0,Yes,"2016-04-27 13:29:34",2
85400000000000,5638358,F,2016/04/29,8,Roanoke,0,0,0,0,0,0,No,"2016-04-29 07:57:16",0
95800000000000,5634160,F,2016/04/29,14,"Cripple Creek",0,0,0,0,0,0,No,"2016-04-28 10:27:09",1
99000000000000,5632317,F,2016/04/29,7,"Cripple Creek",0,0,0,0,0,0,Yes,"2016-04-28 07:52:32",1
29000000000000,5632845,F,2016/04/29,59,Albuquerque,0,1,0,0,0,0,No,"2016-04-28 08:30:11",1
427000000000000,5641850,F,2016/04/29,24,Cary,0,0,0,0,1,0,No,"2016-04-29 14:30:54",0
4370000000000,5623834,F,2016/04/29,17,"Max Meadows",0,0,0,0,0,1,No,"2016-04-26 14:43:09",3
155000000000,5642250,M,2016/04/29,45,"Clinton Township",0,0,0,0,0,0,No,"2016-04-29 15:25:57",0
58800000000000,5539343,F,2016/04/29,18,Huntingdon,0,0,0,0,0,1,No,"2016-04-01 14:46:23",28
178000000000,5499423,F,2016/04/29,20,Billings,1,0,0,0,0,1,No,"2016-03-22 08:41:43",38
249000000000,5633839,F,2016/04/29,20,Bryant,0,0,0,0,0,0,No,"2016-04-28 09:55:46",1
4720000000000,5623726,M,2016/04/29,71,Tyler,0,0,0,0,0,0,No,"2016-04-26 14:32:35",3
900000000000,5640895,F,2016/04/29,39,Joplin,0,1,0,0,0,0,No,"2016-04-29 11:40:59",0
713000000000000,5626178,M,2016/04/29,63,Woodstock,0,0,0,0,0,0,No,"2016-04-27 07:56:29",2
1490000000000,5640898,M,2016/04/29,12,Albany,0,0,0,0,0,0,No,"2016-04-29 11:41:13",0
61900000000000,5640212,F,2016/04/29,36,"Twin Mountain",0,0,0,0,0,0,No,"2016-04-29 10:15:46",0
69700000000000,5623000,F,2016/04/29,19,Raleigh,0,0,0,0,0,1,No,"2016-04-26 13:23:52",3
1430000000000,5615000,F,2016/04/29,18,Pittsburgh,0,0,0,0,0,1,Yes,"2016-04-25 11:24:36",4
3660000000000,5640072,M,2016/04/29,6,Vandalia,1,0,0,0,0,0,No,"2016-04-29 10:04:40",0
61900000000000,5612469,F,2016/04/29,36,Gardena,0,0,0,0,0,0,Yes,"2016-04-25 08:18:52",4
982000000000000,5639771,F,2016/04/29,26,Gardena,1,0,0,0,0,0,No,"2016-04-29 09:33:45",0
2180000000000,5638902,F,2016/04/29,52,Albuquerque,0,1,0,0,0,0,No,"2016-04-29 08:34:05",0
3190000000000,5592539,F,2016/04/29,28,"Fort Collins",0,0,0,0,0,1,Yes,"2016-04-18 08:08:12",11
8370000000000,5605608,F,2016/04/29,37,"Max Meadows",0,0,0,0,0,1,No,"2016-04-20 09:14:05",9
42100000000000,5638565,M,2016/04/29,63,Eugene,0,0,0,0,0,0,No,"2016-04-29 08:09:47",0
3860000000000,5589516,M,2016/04/29,59,"Lenoir City",0,1,1,0,0,1,Yes,"2016-04-15 12:01:50",14
18513678411,5641341,M,2016/04/29,3,"Lenoir City",0,0,0,0,0,0,No,"2016-04-29 13:21:54",0
7960000000000,5641325,F,2016/04/29,40,Oscoda,0,0,0,0,0,0,No,"2016-04-29 13:19:43",0
28600000000000,5638352,F,2016/04/29,85,Boone,0,1,0,0,0,0,No,"2016-04-29 07:56:44",0
65200000000000,5638314,M,2016/04/29,45,"Lenoir City",0,0,0,0,0,0,No,"2016-04-29 07:54:25",0
41195128225,5638121,F,2016/04/29,38,Valentine,0,0,0,0,0,0,No,"2016-04-29 07:43:59",0
119000000000000,5641003,F,2016/04/29,33,Albany,1,0,0,0,0,0,No,"2016-04-29 12:00:10",0
498000000000000,5571762,F,2016/04/29,54,Saginaw,0,1,1,0,0,1,No,"2016-04-12 09:34:47",17
28900000000000,5641887,F,2016/04/29,32,Spearfish,0,0,0,0,0,0,No,"2016-04-29 14:36:55",0
33900000000000,5522464,M,2016/04/29,10,Gardena,1,0,0,0,0,1,Yes,"2016-03-29 14:24:01",31
8940000000000,5638064,F,2016/04/29,40,"Castle Rock",0,0,0,0,0,0,No,"2016-04-29 07:41:11",0
5342623392,5571781,M,2016/04/29,39,Dublin,0,0,0,0,0,1,Yes,"2016-04-12 09:36:04",17
723000000000000,5522443,F,2016/04/29,38,Raton,1,0,0,0,0,1,No,"2016-03-29 14:21:06",31
26900000000000,5640167,F,2016/04/29,79,"Lenoir City",0,1,0,0,0,0,No,"2016-04-29 10:12:49",0
449000000000000,5604164,F,2016/04/29,30,Raleigh,0,0,0,0,0,1,Yes,"2016-04-20 07:43:44",9
251000000000,5641440,M,2016/04/29,17,Woodstock,1,0,0,0,0,0,No,"2016-04-29 13:35:28",0
8630000000000,5618141,M,2016/04/29,75,Victorville,0,1,0,0,0,1,Yes,"2016-04-26 06:30:59",3
847000000000,5618144,F,2016/04/29,69,Walden,0,1,1,0,0,0,Yes,"2016-04-26 06:31:55",3
7380000000000,5618145,F,2016/04/29,74,Altoona,0,1,1,0,0,1,Yes,"2016-04-26 06:32:10",3
34442989657,5618132,M,2016/04/29,40,Gardena,0,1,1,0,0,0,Yes,"2016-04-26 06:27:23",3
8870000000000,5618128,F,2016/04/29,50,Columbus,0,1,1,0,0,0,Yes,"2016-04-26 06:25:26",3
9190000000000,5618135,F,2016/04/29,71,"Charles Town",0,1,0,0,0,0,Yes,"2016-04-26 06:28:18",3
8420000000000,5618140,F,2016/04/29,60,Victorville,0,1,1,0,0,1,Yes,"2016-04-26 06:30:40",3
7690000000000,5618126,M,2016/04/29,57,"Battle Creek",0,1,0,1,0,1,Yes,"2016-04-26 06:24:50",3
99100000000000,5618147,F,2016/04/29,69,"Detroit Lakes",0,1,1,0,0,1,No,"2016-04-26 06:32:37",3
9920000000000,5618127,M,2016/04/29,66,Roanoke,0,1,0,0,0,1,Yes,"2016-04-26 06:25:11",3
44800000000000,5618146,F,2016/04/29,60,Saginaw,0,1,0,0,0,1,No,"2016-04-26 06:32:24",3
2880000000000,5618143,M,2016/04/29,59,Gardena,0,1,0,1,0,1,No,"2016-04-26 06:31:37",3
479000000000000,5618125,F,2016/04/29,38,Griffin,1,1,0,0,0,1,Yes,"2016-04-26 06:24:33",3
649000000000000,5618131,F,2016/04/29,61,Boone,0,1,1,0,0,1,No,"2016-04-26 06:27:03",3
6630000000000,5618130,M,2016/04/29,85,Calhoun,0,1,1,0,0,1,No,"2016-04-26 06:26:28",3
826000000000000,5618136,F,2016/04/29,62,Raleigh,0,1,0,0,0,0,Yes,"2016-04-26 06:28:35",3
8510000000000,5618148,M,2016/04/29,63,"Forest Grove",0,1,1,0,0,1,Yes,"2016-04-26 06:32:51",3
10000000000000,5618129,F,2016/04/29,38,Albany,1,1,0,0,0,1,Yes,"2016-04-26 06:26:06",3
250000000000000,5618142,M,2016/04/29,48,Gorham,0,1,1,0,0,0,Yes,"2016-04-26 06:31:19",3
865000000000000,5618137,F,2016/04/29,63,"Oak Harbor",0,1,1,0,0,1,Yes,"2016-04-26 06:29:01",3
7390000000000,5618149,F,2016/04/29,59,"Eau Claire",1,1,1,0,0,0,Yes,"2016-04-26 06:33:10",3
52700000000000,5618138,F,2016/04/29,75,Jasper,0,1,0,0,0,1,Yes,"2016-04-26 06:29:40",3
359000000000000,5618139,F,2016/04/29,68,Bryant,0,1,1,0,0,1,Yes,"2016-04-26 06:30:13",3
14400000000000,5618134,F,2016/04/29,78,"Fort Worth",0,1,0,0,1,1,Yes,"2016-04-26 06:28:02",3
5440000000000,5618133,F,2016/04/29,65,Columbia,0,1,0,0,0,0,No,"2016-04-26 06:27:41",3
95400000000000,5638120,F,2016/04/29,16,Columbia,0,0,0,0,0,0,No,"2016-04-29 07:43:59",0
7570000000000,5637983,M,2016/04/29,0,Mercer,0,0,0,0,0,0,No,"2016-04-29 07:35:38",0
345000000000000,5579087,F,2016/04/29,27,Enterprise,1,1,0,0,0,1,Yes,"2016-04-13 14:15:23",16
52700000000000,5592296,M,2016/04/29,46,"Osage Beach",0,0,0,0,0,1,No,"2016-04-18 07:51:39",11
9160000000000,5637816,F,2016/04/29,51,Gorham,0,0,0,0,0,0,No,"2016-04-29 07:25:00",0
747000000000000,5637867,F,2016/04/29,40,"Saint Mary",1,0,0,0,0,0,No,"2016-04-29 07:27:44",0
97400000000000,5577440,M,2016/04/29,10,Albuquerque,0,0,0,0,0,1,No,"2016-04-13 10:04:38",16
45700000000000,5560417,F,2016/04/29,22,Gretna,0,0,0,0,0,1,No,"2016-04-08 08:56:43",21
95295827342,5560893,M,2016/04/29,2,Bryant,0,0,0,0,0,1,Yes,"2016-04-08 09:45:40",21
31600000000000,5539569,F,2016/04/29,6,Calhoun,1,0,0,0,0,1,Yes,"2016-04-01 15:18:05",28
7460000000000,5554616,M,2016/04/29,32,Raton,0,0,0,1,0,1,No,"2016-04-07 08:44:44",22
8850000000000,5549515,F,2016/04/29,81,"Forest Grove",0,0,0,0,0,0,No,"2016-04-06 09:59:03",23
8850000000000,5549514,F,2016/04/29,81,"Forest Grove",0,0,0,0,0,0,No,"2016-04-06 09:59:03",23
567000000000000,5525501,F,2016/04/29,6,"Saint Mary",0,0,0,0,0,0,No,"2016-03-30 09:17:19",30
9470000000000,5639121,F,2016/04/29,50,Cambridge,0,0,0,0,0,0,No,"2016-04-29 08:44:09",0
17500000000000,5491534,F,2016/04/29,60,"Williams Bay",0,0,0,0,0,1,No,"2016-03-19 10:37:45",41
12400000000000,5525497,M,2016/04/29,64,Roanoke,0,1,0,1,2,1,No,"2016-03-30 09:16:41",30
12400000000000,5525498,M,2016/04/29,64,Carlsbad,0,1,0,1,2,0,No,"2016-03-30 09:16:41",30
567000000000000,5525500,F,2016/04/29,6,Gretna,0,0,0,0,0,1,No,"2016-03-30 09:17:19",30
625000000000000,5587796,F,2016/04/29,6,Bloomington,0,0,0,0,0,1,No,"2016-04-15 09:06:53",14
625000000000000,5587797,F,2016/04/29,6,Dublin,0,0,0,0,0,0,No,"2016-04-15 09:06:53",14
8220000000000,5637517,M,2016/04/29,48,Raton,0,0,0,0,0,0,No,"2016-04-29 07:04:15",0
4690000000000,5637767,F,2016/04/29,22,"Forest Grove",0,0,0,0,0,0,No,"2016-04-29 07:22:13",0
8720000000000,5524307,F,2016/04/29,25,"Forest Grove",0,0,0,0,0,1,No,"2016-03-30 07:38:48",30
3183716914,5521208,F,2016/04/29,29,Woodstock,0,0,0,0,0,0,No,"2016-03-29 11:05:25",31
4460000000000,5639966,F,2016/04/29,71,Aspen,0,0,0,0,0,0,No,"2016-04-29 09:54:08",0
96200000000000,5526548,M,2016/04/29,68,Aspen,0,1,0,0,0,1,No,"2016-03-30 10:56:49",30
3183716914,5521207,F,2016/04/29,29,"Cripple Creek",0,0,0,0,0,1,No,"2016-03-29 11:05:25",31
66900000000000,5578196,M,2016/04/29,7,Gretna,0,0,0,0,0,1,Yes,"2016-04-13 11:35:56",16
35300000000000,5638876,M,2016/04/29,34,"Fort Worth",0,0,0,0,0,0,No,"2016-04-29 08:32:30",0
76400000000000,5583869,F,2016/04/29,17,"Forest Grove",1,0,0,0,0,1,No,"2016-04-14 12:01:51",15
81300000000000,5636607,F,2016/04/29,51,Roanoke,0,0,0,0,0,0,No,"2016-04-28 15:42:34",1
198000000000000,5637547,F,2016/04/29,45,Albuquerque,1,1,0,0,0,0,No,"2016-04-29 07:07:10",0
3550000000000,5642570,M,2016/04/29,34,Gretna,0,0,0,0,0,0,No,"2016-04-29 16:22:31",0
420000000000000,5640259,F,2016/04/29,35,Griffin,1,0,0,0,0,0,No,"2016-04-29 10:24:35",0
548000000000,5641959,F,2016/04/29,7,"Max Meadows",0,0,0,0,0,0,No,"2016-04-29 14:49:26",0
773000000000000,5641927,M,2016/04/29,12,Harrison,0,0,0,0,0,0,No,"2016-04-29 14:43:54",0
3670000000000,5641603,M,2016/04/29,5,Albany,0,0,0,0,0,0,No,"2016-04-29 14:01:00",0
34300000000000,5641925,F,2016/04/29,10,Hampton,0,0,0,0,0,0,No,"2016-04-29 14:43:37",0
567000000000,5640991,F,2016/04/29,19,"Cedar Rapids",0,0,0,0,0,0,No,"2016-04-29 11:57:02",0
889000000000000,5641233,M,2016/04/29,31,"Detroit Lakes",0,0,0,0,0,0,No,"2016-04-29 13:01:16",0
77700000000000,5641574,F,2016/04/29,29,"Eau Claire",1,0,0,0,0,0,No,"2016-04-29 13:57:57",0
7480000000000,5641043,F,2016/04/29,63,Albuquerque,0,1,0,0,0,0,No,"2016-04-29 12:06:52",0
515000000000,5638745,F,2016/04/29,17,"Fort Collins",0,0,0,0,0,0,No,"2016-04-29 08:22:43",0
9300000000000,5637997,F,2016/04/29,17,"Osage Beach",0,0,0,0,0,0,No,"2016-04-29 07:36:42",0
529000000000000,5637469,M,2016/04/29,41,Calhoun,0,0,0,0,0,0,No,"2016-04-29 06:59:31",0
674000000000000,5637533,M,2016/04/29,49,"Fort Worth",0,0,0,0,0,0,No,"2016-04-29 07:06:20",0
14700000000000,5601729,F,2016/04/29,58,Columbus,0,0,0,0,0,1,No,"2016-04-19 13:35:07",10
87800000000000,5597613,M,2016/04/29,68,Victorville,0,0,0,0,0,1,No,"2016-04-18 17:22:53",11
221000000000000,5601594,F,2016/04/29,40,Victorville,0,0,0,0,0,1,No,"2016-04-19 13:17:44",10
86600000000000,5630365,F,2016/04/29,30,Indianapolis,0,0,0,0,0,0,No,"2016-04-27 15:13:11",2
95900000000000,5598223,F,2016/04/29,31,Vandalia,0,0,0,0,0,0,No,"2016-04-19 07:22:11",10
224000000000000,5637657,M,2016/04/29,50,Altoona,0,0,0,0,0,0,No,"2016-04-29 07:14:46",0
1690000000000,5637513,M,2016/04/29,56,Albuquerque,0,0,0,0,0,0,No,"2016-04-29 07:03:49",0
346000000000000,5623910,F,2016/04/29,23,Jasper,0,0,0,0,0,1,Yes,"2016-04-26 14:50:14",3
47400000000000,5628661,F,2016/04/29,34,"Fort Collins",0,0,0,0,0,0,No,"2016-04-27 11:23:07",2
51300000000000,5617321,F,2016/04/29,24,"Max Meadows",0,0,0,0,0,1,No,"2016-04-25 15:54:58",4
2830000000000,5617194,F,2016/04/29,62,Columbus,0,1,1,0,0,1,No,"2016-04-25 15:34:22",4
692000000000000,5572823,F,2016/04/29,34,Enterprise,0,0,0,0,0,1,No,"2016-04-12 11:21:34",17
13621981994,5562486,F,2016/04/29,27,"Forest Grove",0,0,0,0,0,1,No,"2016-04-08 13:38:03",21
189000000000000,5628585,F,2016/04/29,17,Walden,0,0,0,0,0,0,Yes,"2016-04-27 11:15:24",2
331000000000,5617313,F,2016/04/29,51,Roanoke,0,0,0,0,0,1,No,"2016-04-25 15:53:36",4
8460000000000,5560703,F,2016/04/29,27,Roanoke,0,0,0,0,0,1,No,"2016-04-08 09:25:57",21
724000000000,5560124,F,2016/04/29,18,Columbus,0,0,0,0,0,1,No,"2016-04-08 08:31:07",21
7730000000000,5628558,F,2016/04/29,21,Woodland,0,0,0,0,0,0,Yes,"2016-04-27 11:12:29",2
235000000000000,5620488,F,2016/04/29,24,"Fort Collins",0,0,0,0,0,1,Yes,"2016-04-26 09:06:00",3
434000000000000,5522735,F,2016/04/29,41,"Bowling Green",0,0,0,0,0,1,No,"2016-03-29 14:59:56",31
5930000000000,5523120,F,2016/04/29,27,"Twin Mountain",0,0,0,0,0,1,No,"2016-03-29 16:03:28",31
99800000000000,5555215,F,2016/04/29,19,Tyler,0,0,0,0,0,1,No,"2016-04-07 09:41:43",22
138000000000,5523287,F,2016/04/29,44,Enterprise,1,0,0,0,0,1,No,"2016-03-29 16:34:58",31
2668728544,5522825,M,2016/04/29,41,"Forest Grove",0,0,0,0,0,1,No,"2016-03-29 15:13:36",31
529000000000000,5637001,M,2016/04/29,41,Shreveport,0,0,0,0,0,0,Yes,"2016-04-28 16:50:55",1
78600000000000,5522184,M,2016/04/29,27,Victorville,0,0,0,0,0,1,No,"2016-03-29 13:50:08",31
37300000000000,5640994,F,2016/04/29,30,Victorville,0,0,0,0,0,0,No,"2016-04-29 11:58:45",0
233000000000000,5642423,M,2016/04/29,5,Oscoda,0,0,0,0,0,0,No,"2016-04-29 15:52:32",0
82200000000000,5641821,F,2016/04/29,66,Albuquerque,1,0,0,0,0,0,No,"2016-04-29 14:26:16",0
28000000000000,5641358,F,2016/04/29,42,"Bowling Green",0,0,0,0,0,0,No,"2016-04-29 13:23:33",0
3370000000000,5641357,M,2016/04/29,37,"Bowling Green",0,0,0,0,0,0,No,"2016-04-29 13:23:17",0
5670000000000,5640354,F,2016/04/29,54,Calhoun,0,0,0,0,0,0,No,"2016-04-29 10:33:51",0
5670000000000,5639963,F,2016/04/29,54,"Fort Worth",0,0,0,0,0,0,No,"2016-04-29 09:53:55",0
576000000000000,5639057,F,2016/04/29,46,Dublin,1,0,0,0,0,0,No,"2016-04-29 08:40:58",0
396000000000000,5639298,F,2016/04/29,76,Columbia,0,0,0,0,0,0,No,"2016-04-29 08:56:06",0
51100000000000,5590876,F,2016/04/29,36,"Lenoir City",0,0,0,0,0,0,Yes,"2016-04-15 15:14:08",14
59200000000000,5582292,F,2016/04/29,3,"Lenoir City",0,0,0,0,0,1,No,"2016-04-14 09:12:45",15
5740000000000,5558031,F,2016/04/29,32,Victorville,1,0,0,0,0,0,No,"2016-04-07 15:51:54",22
179000000000000,5560563,M,2016/04/29,31,Roanoke,0,1,0,0,0,1,No,"2016-04-08 09:12:08",21
5740000000000,5558030,F,2016/04/29,32,Roanoke,1,0,0,0,0,1,No,"2016-04-07 15:51:54",22
19300000000000,5638779,M,2016/04/29,10,Mobile,0,0,0,0,0,0,Yes,"2016-04-29 08:24:34",0
42700000000000,5557685,F,2016/04/29,47,Woodland,0,0,0,0,0,1,No,"2016-04-07 14:55:52",22
94900000000000,5579138,F,2016/04/29,14,Woodland,0,0,0,0,0,1,No,"2016-04-13 14:22:19",16
737000000000000,5566118,F,2016/04/29,41,Kuttawa,0,0,0,0,0,1,No,"2016-04-11 09:55:31",18
28800000000000,5555285,M,2016/04/29,32,"Fort Worth",0,0,0,0,0,0,Yes,"2016-04-07 09:50:19",22
28800000000000,5555284,M,2016/04/29,32,"Fort Worth",0,0,0,0,0,1,Yes,"2016-04-07 09:50:19",22
21900000000000,5592280,F,2016/04/29,55,Dublin,0,0,0,0,0,1,No,"2016-04-18 07:49:56",11
9450000000000,5520464,M,2016/04/29,0,Dublin,0,0,0,0,0,1,No,"2016-03-29 10:01:53",31
63400000000000,5611256,M,2016/04/29,2,Troy,0,0,0,0,0,1,No,"2016-04-25 06:55:27",4
18200000000000,5500593,F,2016/04/29,0,Columbia,0,0,0,0,0,1,Yes,"2016-03-22 10:33:06",38
3260000000000,5471731,F,2016/04/29,2,Dahlonega,0,0,0,0,0,1,No,"2016-03-15 13:14:38",45
468000000000000,5471732,M,2016/04/29,14,"Forest Grove",0,0,0,0,0,1,No,"2016-03-15 13:14:55",45
456000000000,5621865,F,2016/04/29,2,Gorham,0,0,0,0,0,1,No,"2016-04-26 10:56:44",3
18600000000000,5637485,F,2016/04/29,13,Midway,0,0,0,0,0,0,Yes,"2016-04-29 07:01:10",0
6760000000000,5583683,M,2016/04/29,0,Winthrop,0,0,0,0,0,1,No,"2016-04-14 11:34:00",15
654000000000000,5633813,M,2016/04/29,16,"Fort Wayne",0,0,0,0,0,0,No,"2016-04-28 09:53:09",1
23200000000000,5621874,F,2016/04/29,10,Chicago,0,0,0,0,0,1,No,"2016-04-26 10:57:40",3
529000000000000,5642095,M,2016/04/29,63,Bryant,0,1,0,0,0,0,Yes,"2016-04-29 15:03:35",0
47500000000000,5640291,F,2016/04/29,38,"Max Meadows",1,0,0,1,0,0,No,"2016-04-29 10:27:36",0
867000000000,5640256,M,2016/04/29,3,Newport,0,0,0,0,0,0,No,"2016-04-29 10:24:18",0
169000000000000,5640028,M,2016/04/29,5,Lubbock,1,0,0,0,0,0,No,"2016-04-29 10:00:31",0
748000000000,5640067,F,2016/04/29,5,"Bella Vista",0,0,0,0,0,0,No,"2016-04-29 10:04:19",0
37243727216,5639979,F,2016/04/29,21,Joplin,1,0,0,0,0,0,No,"2016-04-29 09:55:48",0
99700000000000,5639204,F,2016/04/29,7,Victorville,1,0,0,0,0,0,No,"2016-04-29 08:48:09",0
299000000000,5638759,M,2016/04/29,57,Albany,0,0,0,0,0,0,No,"2016-04-29 08:23:20",0
239000000000000,5638727,F,2016/04/29,32,"Saint Mary",1,0,0,0,0,0,No,"2016-04-29 08:21:15",0
7310000000000,5638712,F,2016/04/29,12,Coralville,0,0,0,0,0,0,No,"2016-04-29 08:19:59",0
8700000000000,5638337,F,2016/04/29,14,Oscoda,0,0,0,0,0,0,No,"2016-04-29 07:55:27",0
16612293298,5638631,F,2016/04/29,17,"Cripple Creek",1,0,0,0,0,0,No,"2016-04-29 08:14:28",0
3990000000000,5637828,M,2016/04/29,57,"Cripple Creek",0,1,0,0,0,0,No,"2016-04-29 07:25:30",0
339000000000000,5642212,F,2016/04/29,13,"Castle Rock",0,0,0,0,0,0,No,"2016-04-29 15:20:59",0
5760000000000,5641884,M,2016/04/29,35,Kuttawa,0,0,0,0,0,0,No,"2016-04-29 14:36:24",0
15200000000000,5641931,F,2016/04/29,40,Bryant,0,0,0,0,0,0,No,"2016-04-29 14:44:35",0
93700000000000,5641832,M,2016/04/29,5,Dublin,1,0,0,0,0,0,No,"2016-04-29 14:27:35",0
940000000000000,5641344,F,2016/04/29,15,"Max Meadows",0,0,0,0,0,0,No,"2016-04-29 13:22:04",0
474000000000,5641282,F,2016/04/29,21,Raton,0,0,0,0,0,0,No,"2016-04-29 13:12:07",0
9160000000000,5595635,F,2016/04/29,14,Troy,0,0,0,0,0,1,No,"2016-04-18 13:16:47",11
4920000000000,5521774,M,2016/04/29,40,Columbus,0,0,0,0,0,0,Yes,"2016-03-29 12:41:06",31
2790000000000,5641564,F,2016/04/29,35,Owasso,0,0,0,0,0,0,No,"2016-04-29 13:57:05",0
4920000000000,5521773,M,2016/04/29,40,"Cripple Creek",0,0,0,0,0,0,Yes,"2016-03-29 12:41:06",31
2790000000000,5641443,F,2016/04/29,35,Saginaw,0,0,0,0,0,0,No,"2016-04-29 13:36:53",0
75500000000000,5607762,F,2016/04/29,2,Griffin,0,0,0,0,0,1,No,"2016-04-20 12:21:25",9
3650000000000,5536651,F,2016/04/29,60,"Castle Rock",1,1,1,1,0,1,Yes,"2016-04-01 08:55:20",28
6430000000000,5589673,F,2016/04/29,6,"Bowling Green",0,0,0,0,0,1,No,"2016-04-15 12:38:43",14
736000000000000,5608828,M,2016/04/29,12,"El Reno",1,0,0,0,0,0,No,"2016-04-20 14:31:30",9
4470000000000,5539339,M,2016/04/29,7,"Twin Mountain",0,0,0,0,0,1,No,"2016-04-01 14:46:11",28
989000000000000,5538540,F,2016/04/29,10,Dublin,0,0,0,0,0,1,No,"2016-04-01 12:41:37",28
5160000000000,5638055,F,2016/04/29,56,Victorville,0,0,0,0,0,0,No,"2016-04-29 07:40:39",0
8670000000000,5536357,F,2016/04/29,11,Oscoda,1,0,0,0,0,1,No,"2016-04-01 08:32:43",28
626000000000000,5532843,M,2016/04/29,16,Albuquerque,0,0,0,0,0,0,No,"2016-03-31 12:22:34",29
626000000000000,5532842,M,2016/04/29,16,"Fort Collins",0,0,0,0,0,1,No,"2016-03-31 12:22:24",29
77100000000000,5563279,F,2016/04/29,78,"Fort Collins",0,1,1,0,0,1,No,"2016-04-08 15:36:14",21
318000000000000,5583725,F,2016/04/29,36,"Fort Collins",0,0,0,0,0,1,No,"2016-04-14 11:39:37",15
555000000000000,5567996,F,2016/04/29,47,Dublin,0,0,0,0,0,0,No,"2016-04-11 13:42:39",18
31436859172,5583721,F,2016/04/29,16,Harrison,0,0,0,0,0,1,Yes,"2016-04-14 11:39:10",15
48200000000000,5642171,F,2016/04/29,25,Huntingdon,0,0,0,0,0,0,No,"2016-04-29 15:13:57",0
253866521,5563137,M,2016/04/29,53,Albany,0,1,0,0,0,1,No,"2016-04-08 15:13:35",21
7720000000000,5516633,M,2016/04/29,81,Cambridge,0,0,0,0,0,1,No,"2016-03-28 14:53:30",32
5640000000000,5583166,F,2016/04/29,27,Roanoke,0,0,0,0,0,0,Yes,"2016-04-14 10:33:31",15
1960000000000,5640710,F,2016/04/29,68,Woodland,0,1,0,0,0,0,No,"2016-04-29 11:15:43",0
257000000000,5590418,M,2016/04/29,27,Winthrop,0,0,0,0,0,1,No,"2016-04-15 14:11:11",14
9170000000000,5521216,F,2016/04/29,34,Kuttawa,0,0,0,0,0,1,No,"2016-03-29 11:06:36",31
7650000000000,5638464,F,2016/04/29,31,Bryant,0,0,0,0,0,0,No,"2016-04-29 08:03:25",0
1570000000000,5560854,F,2016/04/29,19,"Max Meadows",0,0,0,0,0,1,No,"2016-04-08 09:40:44",21
3160000000000,5516605,F,2016/04/29,69,Dahlonega,0,0,0,0,0,1,No,"2016-03-28 14:50:44",32
698000000000,5640436,F,2016/04/29,42,"Saint Louis",0,0,0,0,0,0,No,"2016-04-29 10:43:28",0
13500000000000,5637565,F,2016/04/29,41,Pittsburgh,0,0,0,0,0,0,No,"2016-04-29 07:08:26",0
13500000000000,5637566,F,2016/04/29,41,Coralville,0,0,0,0,0,0,No,"2016-04-29 07:08:26",0
9920000000000,5602413,M,2016/04/29,50,Appleton,0,0,0,0,0,1,No,"2016-04-19 14:52:08",10
3650000000000,5637645,M,2016/04/29,19,Appleton,0,0,0,0,0,0,No,"2016-04-29 07:13:32",0
543000000000,5637582,M,2016/04/29,29,Saginaw,0,0,0,0,0,0,No,"2016-04-29 07:09:51",0
14800000000000,5637468,F,2016/04/29,73,Cary,0,0,0,0,0,0,No,"2016-04-29 06:59:29",0
7430000000000,5637431,M,2016/04/29,34,Bradenton,0,0,0,0,0,0,No,"2016-04-29 06:53:10",0
178000000000,5593357,M,2016/04/29,29,Boone,0,0,0,0,0,0,Yes,"2016-04-18 09:11:50",11
81300000000000,5561450,M,2016/04/29,40,Bryant,0,0,0,0,0,0,No,"2016-04-08 10:39:52",21
588000000000000,5537066,M,2016/04/29,47,Bryant,0,0,1,0,0,1,No,"2016-04-01 09:30:27",28
2540000000000,5637621,F,2016/04/29,49,"Max Meadows",0,0,0,0,0,0,No,"2016-04-29 07:12:14",0
36400000000000,5641859,M,2016/04/29,1,Eugene,0,0,0,0,0,0,No,"2016-04-29 14:32:30",0
7960000000000,5611754,M,2016/04/29,26,Mercer,0,0,0,0,0,1,No,"2016-04-25 07:34:15",4
23500000000000,5611919,F,2016/04/29,43,Raleigh,0,0,0,0,0,1,No,"2016-04-25 07:44:48",4
64666919787,5640468,F,2016/04/29,51,"Bella Vista",0,0,0,0,0,0,No,"2016-04-29 10:46:38",0
46600000000000,5611904,F,2016/04/29,45,Orlando,0,1,0,0,0,1,No,"2016-04-25 07:44:10",4
2910000000000,5641006,F,2016/04/29,38,Boone,1,0,0,0,0,0,No,"2016-04-29 12:00:43",0
32900000000000,5611897,M,2016/04/29,69,Bryant,0,1,0,0,0,1,Yes,"2016-04-25 07:43:38",4
38800000000000,5640651,M,2016/04/29,33,"Saint Louis",0,0,0,0,0,0,No,"2016-04-29 11:08:20",0
632000000000,5640754,F,2016/04/29,33,"Saint Louis",0,0,0,0,0,0,No,"2016-04-29 11:21:52",0
25500000000000,5597345,F,2016/04/29,50,Albany,0,1,0,0,0,1,No,"2016-04-18 16:16:12",11
96500000000000,5526549,M,2016/04/29,0,Albany,0,0,0,0,0,1,No,"2016-03-30 10:56:55",30
236000000000000,5640249,F,2016/04/29,30,Gorham,0,0,0,0,0,0,No,"2016-04-29 10:22:45",0
44262765913,5619076,F,2016/04/29,18,Roanoke,0,0,0,0,0,1,No,"2016-04-26 07:39:56",3
55500000000000,5611889,M,2016/04/29,57,Mobile,0,1,1,0,0,1,No,"2016-04-25 07:43:06",4
885000000000,5638958,M,2016/04/29,8,Plainfield,0,0,0,0,0,0,No,"2016-04-29 08:37:14",0
3650000000000,5638449,M,2016/04/29,26,Plainfield,0,0,0,0,0,0,No,"2016-04-29 08:02:32",0
272000000000000,5637951,M,2016/04/29,36,"Fort Collins",0,0,0,0,0,0,No,"2016-04-29 07:33:38",0
83600000000000,5611825,F,2016/04/29,56,Kuttawa,0,1,0,0,0,1,No,"2016-04-25 07:38:52",4
422861257,5638450,F,2016/04/29,30,"Lenoir City",1,0,0,0,0,0,No,"2016-04-29 08:02:33",0
6460000000000,5626352,F,2016/04/29,53,"Saint Louis",0,0,0,0,0,0,Yes,"2016-04-27 08:08:14",2
64300000000000,5611768,F,2016/04/29,46,"Forest Grove",0,0,0,0,0,1,No,"2016-04-25 07:35:16",4
8470000000000,5611745,F,2016/04/29,50,Corbin,1,1,1,0,0,1,No,"2016-04-25 07:33:41",4
6890000000000,5611514,M,2016/04/29,46,"Cripple Creek",0,0,0,0,0,1,No,"2016-04-25 07:17:54",4
5110000000000,5638406,M,2016/04/29,57,Chattanooga,0,0,0,0,0,0,No,"2016-04-29 08:00:27",0
51700000000000,5639813,M,2016/04/29,11,Plainfield,0,0,0,0,0,0,No,"2016-04-29 09:38:48",0
41600000000000,5605870,F,2016/04/29,6,Plainfield,0,0,0,0,0,1,Yes,"2016-04-20 09:34:16",9
816000000000000,5604792,F,2016/04/29,57,"Bowling Green",0,0,0,0,0,1,No,"2016-04-20 08:19:47",9
75600000000000,5605461,M,2016/04/29,6,Bryant,0,0,0,0,0,1,No,"2016-04-20 09:02:23",9
62900000000000,5582263,F,2016/04/29,6,Dublin,0,0,0,0,0,1,No,"2016-04-14 09:10:39",15
31700000000000,5582255,F,2016/04/29,3,Troy,0,0,0,0,0,1,No,"2016-04-14 09:10:01",15
14300000000000,5637518,M,2016/04/29,48,"Bay City",0,0,0,0,0,0,No,"2016-04-29 07:04:18",0
7280000000000,5637510,M,2016/04/29,66,Owasso,0,0,0,0,0,0,No,"2016-04-29 07:03:46",0
373000000000000,5520889,F,2016/04/29,54,"Forest Grove",0,0,0,0,0,1,No,"2016-03-29 10:39:53",31
923000000000000,5505954,F,2016/04/29,22,Valentine,0,0,0,0,0,1,No,"2016-03-23 10:04:28",37
84700000000000,5517077,F,2016/04/29,49,"Battle Creek",1,0,0,0,0,1,Yes,"2016-03-28 15:43:13",32
7850000000000,5603126,M,2016/04/29,27,Coralville,0,0,0,0,0,1,Yes,"2016-04-19 16:52:28",10
479000000000000,5517066,F,2016/04/29,37,Cambridge,0,1,0,0,0,1,Yes,"2016-03-28 15:42:09",32
9660000000000,5642648,F,2016/04/29,48,Vandalia,0,0,0,0,0,0,No,"2016-04-29 16:37:12",0
15800000000000,5502121,F,2016/04/29,19,Roanoke,0,0,0,0,0,1,No,"2016-03-22 14:13:13",38
4110000000000,5495897,F,2016/04/29,28,Burlington,0,0,0,0,0,1,No,"2016-03-21 13:12:06",39
61600000000000,5493345,F,2016/04/29,30,Batesville,0,0,0,0,0,1,No,"2016-03-21 08:30:09",39
7110000000000,5588235,F,2016/04/29,50,"Fort Collins",0,1,0,0,0,0,No,"2016-04-15 09:44:35",14
841000000000,5587998,F,2016/04/29,17,Dublin,0,0,0,0,0,1,No,"2016-04-15 09:24:21",14
838000000000,5566277,F,2016/04/29,36,Tyler,1,0,0,0,0,0,No,"2016-04-11 10:09:42",18
964000000000000,5587970,F,2016/04/29,49,Newport,0,0,0,0,0,1,No,"2016-04-15 09:22:09",14
83400000000000,5521688,F,2016/04/29,20,Mobile,0,0,0,0,0,0,No,"2016-03-29 12:17:02",31
837000000000000,5640972,F,2016/04/29,61,"Fort Collins",0,0,0,0,0,0,No,"2016-04-29 11:51:14",0
489000000000,5520645,F,2016/04/29,36,"Fort Collins",0,0,0,0,0,1,No,"2016-03-29 10:19:29",31
999000000000,5539987,F,2016/04/29,24,Chicago,0,0,0,0,0,1,No,"2016-04-01 16:31:32",28
712000000000000,5502125,F,2016/04/29,56,Dublin,0,1,1,0,0,1,No,"2016-03-22 14:13:21",38
48956634469,5504588,F,2016/04/29,50,Douglasville,0,0,0,0,0,1,No,"2016-03-23 08:06:54",37
866000000000000,5560825,F,2016/04/29,16,"Fort Worth",0,0,0,0,0,1,No,"2016-04-08 09:37:16",21
66400000000000,5555110,F,2016/04/29,23,Dublin,0,0,0,0,0,1,No,"2016-04-07 09:30:34",22
42600000000000,5491017,F,2016/04/29,31,Raton,0,0,0,0,0,1,No,"2016-03-18 16:31:03",42
98400000000000,5499492,F,2016/04/29,39,"Charles Town",0,0,0,0,0,1,Yes,"2016-03-22 08:48:19",38
244000000000000,5490851,F,2016/04/29,28,Moore,0,0,0,0,0,1,No,"2016-03-18 15:56:51",42
1820000000000,5490545,F,2016/04/29,19,"Battle Creek",0,0,0,0,0,1,No,"2016-03-18 15:09:02",42
6840000000000,5479053,M,2016/04/29,3,Columbus,0,0,0,0,0,1,No,"2016-03-16 16:07:21",44
838000000000000,5464601,F,2016/04/29,0,Corbin,0,0,0,0,0,1,No,"2016-03-14 11:58:37",46
6170000000000,5537025,M,2016/04/29,0,Mobile,0,0,0,0,0,0,No,"2016-04-01 09:26:55",28
63300000000000,5638228,F,2016/04/29,68,"Miles City",0,1,0,0,0,0,No,"2016-04-29 07:49:59",0
174000000000000,5639783,F,2016/04/29,0,"Bowling Green",0,0,0,0,0,0,No,"2016-04-29 09:35:23",0
81100000000000,5457705,M,2016/04/29,0,Raton,0,0,0,0,0,1,Yes,"2016-03-11 10:02:51",49
5940000000000,5639380,F,2016/04/29,48,Eugene,0,0,0,0,0,0,No,"2016-04-29 09:01:33",0
193000000000000,5470106,M,2016/04/29,1,Huntingdon,0,0,0,0,0,1,Yes,"2016-03-15 10:11:17",45
5590000000000,5479944,M,2016/04/29,3,Shreveport,0,0,0,0,0,0,No,"2016-03-17 07:16:34",43
389000000000,5638185,M,2016/04/29,2,Cambridge,0,0,0,0,0,0,No,"2016-04-29 07:47:35",0
634000000000000,5637962,F,2016/04/29,39,Roanoke,0,1,0,0,0,0,No,"2016-04-29 07:34:23",0
5480000000000,5481913,F,2016/04/29,3,"Fort Collins",0,0,0,0,0,1,Yes,"2016-03-17 09:08:58",43
79900000000000,5642454,F,2016/04/29,48,Columbia,0,0,0,0,0,0,No,"2016-04-29 16:00:30",0
891000000000000,5537935,M,2016/04/29,33,Tyler,0,0,0,0,0,1,No,"2016-04-01 10:53:45",28
687000000000000,5613148,M,2016/04/29,12,Newport,0,1,0,0,0,1,Yes,"2016-04-25 09:04:01",4
687000000000000,5613149,M,2016/04/29,12,Oconomowoc,0,1,0,0,0,0,Yes,"2016-04-25 09:04:01",4
4760000000000,5579313,F,2016/04/29,22,"Oak Harbor",1,0,0,0,0,1,No,"2016-04-13 14:46:51",16
818000000000000,5579258,F,2016/04/29,21,Appleton,0,0,0,0,0,1,No,"2016-04-13 14:37:28",16
62400000000000,5578737,F,2016/04/29,38,Walden,1,0,0,0,0,1,No,"2016-04-13 13:28:17",16
91500000000000,5577204,F,2016/04/29,21,Roanoke,0,0,0,0,0,1,No,"2016-04-13 09:38:33",16
3930000000000,5577577,F,2016/04/29,30,Corbin,0,0,0,0,0,1,Yes,"2016-04-13 10:17:30",16
533000000000000,5537870,F,2016/04/29,30,Chattanooga,0,0,0,0,0,1,Yes,"2016-04-01 10:44:39",28
533000000000000,5537871,F,2016/04/29,30,Plainfield,0,0,0,0,0,0,Yes,"2016-04-01 10:44:39",28
5580000000000,5602845,F,2016/04/29,18,Woodland,0,0,0,0,0,1,Yes,"2016-04-19 15:53:05",10
275000000000000,5604145,F,2016/04/29,34,"Castle Rock",0,0,0,0,0,1,Yes,"2016-04-20 07:42:55",9
3920000000000,5601185,F,2016/04/29,20,Bryant,0,0,0,0,0,1,No,"2016-04-19 12:15:35",10
956000000000,5602528,F,2016/04/29,35,"Bay City",0,0,0,0,0,1,No,"2016-04-19 15:06:22",10
13400000000000,5604295,F,2016/04/29,21,"Saint Louis",0,0,0,0,0,1,No,"2016-04-20 07:51:01",9
951000000000000,5577053,F,2016/04/29,41,"Saint Louis",0,0,0,0,0,1,Yes,"2016-04-13 09:24:48",16
24800000000000,5640002,F,2016/04/29,18,"Saint Louis",0,0,0,0,0,0,No,"2016-04-29 09:57:51",0
52700000000000,5589713,M,2016/04/29,39,"Saint Louis",0,1,0,0,0,1,No,"2016-04-15 12:47:10",14
425000000000000,5589488,F,2016/04/29,31,"Forest Grove",0,0,0,0,0,1,No,"2016-04-15 11:57:49",14
32200000000000,5577039,M,2016/04/29,33,Chicago,0,0,0,0,0,1,Yes,"2016-04-13 09:23:55",16
33300000000000,5576888,M,2016/04/29,16,"Max Meadows",0,0,0,0,0,0,Yes,"2016-04-13 09:08:18",16
36900000000000,5576913,F,2016/04/29,57,Dahlonega,0,1,0,0,0,1,No,"2016-04-13 09:10:41",16
32800000000000,5639990,M,2016/04/29,58,"Saint Louis",0,1,0,0,0,0,No,"2016-04-29 09:56:48",0
78500000000000,5563071,M,2016/04/29,20,Enterprise,0,0,0,0,0,1,No,"2016-04-08 15:04:09",21
6370000000000,5563082,F,2016/04/29,75,Lexington,0,0,0,0,0,1,No,"2016-04-08 15:05:48",21
72658625567,5608932,F,2016/04/29,16,Winthrop,0,0,0,0,0,1,No,"2016-04-20 14:47:30",9
975000000000,5575673,M,2016/04/29,53,Dublin,0,1,0,1,0,1,No,"2016-04-13 07:24:46",16
58600000000000,5639976,F,2016/04/29,79,Mercer,0,1,0,0,0,0,No,"2016-04-29 09:55:38",0
27700000000000,5575637,F,2016/04/29,46,"Saint Louis",0,0,0,0,0,1,No,"2016-04-13 07:22:13",16
534000000000000,5575654,M,2016/04/29,8,Hartford,0,0,0,0,0,1,Yes,"2016-04-13 07:23:27",16
21200000000000,5575635,F,2016/04/29,53,Leesburg,0,1,1,0,0,1,No,"2016-04-13 07:22:02",16
586000000000,5575608,M,2016/04/29,43,Huntingdon,0,0,0,0,0,1,Yes,"2016-04-13 07:20:09",16
41800000000000,5633350,F,2016/04/29,43,Lexington,0,0,0,0,0,0,Yes,"2016-04-28 09:21:23",1
8490000000000,5635632,F,2016/04/29,25,"Mount Arlington",0,0,0,0,0,0,Yes,"2016-04-28 13:52:07",1
177000000000000,5639315,M,2016/04/29,22,Chattanooga,0,0,0,0,0,0,Yes,"2016-04-29 08:56:57",0
2480000000000,5641171,M,2016/04/29,0,Gretna,0,0,0,0,0,0,No,"2016-04-29 12:43:07",0
631000000000,5623015,M,2016/04/29,0,"Castle Rock",0,0,0,0,0,1,Yes,"2016-04-26 13:25:12",3
6990000000000,5601123,F,2016/04/29,35,Bryant,0,0,0,0,0,1,No,"2016-04-19 12:04:27",10
1250000000000,5619059,F,2016/04/29,72,Dublin,0,1,0,0,0,1,No,"2016-04-26 07:39:10",3
71400000000000,5619222,F,2016/04/29,79,Dublin,0,1,1,0,0,1,No,"2016-04-26 07:48:56",3
66700000000000,5619332,F,2016/04/29,52,Raton,0,1,1,0,0,1,No,"2016-04-26 07:54:34",3
95622993624,5619187,F,2016/04/29,81,"Forest Grove",0,1,0,0,0,0,No,"2016-04-26 07:46:58",3
5210000000000,5620809,F,2016/04/29,40,Mobile,1,1,0,0,0,1,No,"2016-04-26 09:28:27",3
74617182468,5590978,M,2016/04/29,5,Gardena,0,0,0,0,0,1,No,"2016-04-15 15:31:48",14
19700000000000,5591012,M,2016/04/29,11,Billings,0,0,0,0,0,1,No,"2016-04-15 15:36:20",14
856000000000000,5627993,M,2016/04/29,4,"Bowling Green",0,0,0,0,0,0,Yes,"2016-04-27 10:18:21",2
9943728829,5591000,F,2016/04/29,11,Lubbock,0,0,0,0,0,1,No,"2016-04-15 15:35:05",14
887000000000000,5590998,F,2016/04/29,6,"Saint Louis",0,0,0,0,0,1,No,"2016-04-15 15:34:47",14
32400000000000,5588887,M,2016/04/29,4,Woodstock,0,0,0,0,0,0,Yes,"2016-04-15 10:43:37",14
7690000000000,5639768,M,2016/04/29,16,Coralville,0,0,0,0,0,0,No,"2016-04-29 09:33:27",0
7790000000000,5590997,F,2016/04/29,3,Vandalia,0,0,0,0,0,1,No,"2016-04-15 15:34:25",14
44800000000000,5641165,M,2016/04/29,9,Corbin,0,0,0,0,0,0,No,"2016-04-29 12:41:27",0
43700000000000,5560560,M,2016/04/29,3,Batesville,0,0,0,0,0,1,No,"2016-04-08 09:11:13",21
358000000000000,5560813,M,2016/04/29,3,Dublin,0,0,0,0,0,1,No,"2016-04-08 09:36:20",21
751000000000,5630428,F,2016/04/29,38,Columbia,0,0,0,0,0,0,Yes,"2016-04-27 15:21:55",2
358000000000,5640195,F,2016/04/29,39,Dahlonega,0,0,0,0,0,0,No,"2016-04-29 10:14:29",0
850000000000000,5490133,M,2016/04/29,44,Mercer,0,1,0,1,0,0,Yes,"2016-03-18 14:15:58",42
850000000000000,5490132,M,2016/04/29,44,Raleigh,0,1,0,1,0,1,Yes,"2016-03-18 14:15:57",42
513000000000,5483054,M,2016/04/29,11,Raleigh,0,0,0,0,0,0,No,"2016-03-17 10:44:39",43
513000000000,5483053,M,2016/04/29,11,Oscoda,0,0,0,0,0,1,No,"2016-03-17 10:44:39",43
99200000000000,5483046,M,2016/04/29,6,Plainfield,0,0,0,0,0,0,No,"2016-03-17 10:44:14",43
99200000000000,5483045,M,2016/04/29,6,"Twin Mountain",0,0,0,0,0,1,No,"2016-03-17 10:44:14",43
718000000000,5487143,F,2016/04/29,34,Dublin,0,0,0,0,0,1,Yes,"2016-03-18 08:16:59",42
5740000000000,5486636,M,2016/04/29,20,"Max Meadows",1,0,0,0,0,1,Yes,"2016-03-18 07:42:26",42
95600000000000,5604979,F,2016/04/29,0,"Little River",0,0,0,0,0,0,No,"2016-04-20 08:30:50",9
3920000000000,5636849,F,2016/04/29,36,"Delray Beach",1,0,0,0,0,0,No,"2016-04-28 16:16:28",1
6850000000000,5523434,F,2016/04/29,55,Lagrange,0,0,0,0,0,1,No,"2016-03-29 17:22:58",31
4950000000000,5525973,F,2016/04/29,73,Lagrange,0,0,0,0,0,1,Yes,"2016-03-30 10:06:54",30
23500000000000,5528687,F,2016/04/29,53,Boone,0,0,0,0,0,1,No,"2016-03-30 16:09:59",30
594000000000000,5606025,F,2016/04/29,27,"Fort Worth",1,0,0,0,0,1,No,"2016-04-20 09:44:14",9
567000000000,5602052,M,2016/04/29,47,"Saint Louis",0,0,0,0,0,1,No,"2016-04-19 14:12:48",10
456000000000,5602056,M,2016/04/29,25,Enterprise,0,0,0,0,0,1,No,"2016-04-19 14:13:16",10
21400000000000,5606015,F,2016/04/29,24,"Forest Grove",0,0,0,0,0,1,Yes,"2016-04-20 09:43:52",9
59700000000000,5606011,F,2016/04/29,27,"Bella Vista",1,0,0,0,0,1,Yes,"2016-04-20 09:43:25",9
58265189621,5605995,M,2016/04/29,15,Lexington,0,0,0,0,0,1,No,"2016-04-20 09:42:22",9
1610000000000,5628407,F,2016/04/29,50,Lagrange,0,0,0,0,0,0,No,"2016-04-27 10:58:24",2
396000000000000,5628413,M,2016/04/29,25,Lagrange,0,0,0,0,0,0,No,"2016-04-27 10:58:58",2
976000000000000,5628416,M,2016/04/29,17,"Castle Rock",0,0,0,0,0,0,Yes,"2016-04-27 10:59:08",2
2360000000000,5628420,F,2016/04/29,45,Bloomington,0,0,0,0,0,0,No,"2016-04-27 10:59:18",2
45323163235,5628425,F,2016/04/29,52,"Fort Worth",0,0,0,0,0,0,No,"2016-04-27 10:59:32",2
19100000000000,5628432,F,2016/04/29,31,Raton,0,0,0,0,0,0,No,"2016-04-27 10:59:50",2
91400000000000,5628438,F,2016/04/29,42,"Saint Louis",0,1,0,0,0,0,No,"2016-04-27 11:00:10",2
66400000000000,5628434,F,2016/04/29,48,"Oak Harbor",0,0,0,0,0,0,No,"2016-04-27 10:59:59",2
290000000000000,5628442,F,2016/04/29,25,"Eau Claire",0,0,0,0,0,0,No,"2016-04-27 11:00:22",2
116000000000,5628457,F,2016/04/29,82,Gardena,0,0,0,0,0,0,No,"2016-04-27 11:01:22",2
89000000000000,5628453,F,2016/04/29,35,Valentine,0,0,0,0,0,0,No,"2016-04-27 11:00:53",2
793000000000000,5628447,F,2016/04/29,54,Indianapolis,0,1,0,0,0,0,No,"2016-04-27 11:00:35",2
723000000000000,5628402,F,2016/04/29,46,Lagrange,0,0,0,0,0,0,No,"2016-04-27 10:57:56",2
92200000000000,5628396,M,2016/04/29,61,"Max Meadows",0,0,0,0,0,0,No,"2016-04-27 10:57:31",2
59600000000000,5628403,M,2016/04/29,30,Columbus,0,0,0,0,0,0,No,"2016-04-27 10:58:05",2
64926864451,5596046,F,2016/04/29,89,"Saint Louis",0,1,0,0,0,1,No,"2016-04-18 13:51:23",11
56800000000000,5595996,F,2016/04/29,58,Bryant,0,1,0,0,0,1,No,"2016-04-18 13:47:01",11
96200000000000,5596027,F,2016/04/29,59,Columbus,0,1,0,0,0,1,No,"2016-04-18 13:49:48",11
787000000000000,5595962,F,2016/04/29,39,Hartford,0,1,0,0,0,1,No,"2016-04-18 13:44:20",11
125000000000000,5485460,F,2016/04/29,63,Pittsburgh,0,0,0,0,0,0,No,"2016-03-17 16:42:21",43
333000000000000,5489915,M,2016/04/29,65,Walden,0,1,1,0,0,1,No,"2016-03-18 13:46:42",42
245000000000000,5596079,F,2016/04/29,46,Roanoke,0,0,0,0,0,1,Yes,"2016-04-18 13:54:12",11
14300000000000,5637564,M,2016/04/29,14,Roanoke,0,0,0,0,0,0,No,"2016-04-29 07:08:19",0
943000000000000,5637703,F,2016/04/29,59,Calhoun,0,0,0,0,0,0,No,"2016-04-29 07:18:14",0
224000000000000,5637887,M,2016/04/29,1,"Max Meadows",0,0,0,0,0,0,No,"2016-04-29 07:29:33",0
73900000000000,5601891,F,2016/04/29,19,Hartford,1,0,0,0,0,1,No,"2016-04-19 13:53:37",10
47300000000000,5601894,M,2016/04/29,56,Oconomowoc,0,0,0,0,0,1,No,"2016-04-19 13:53:58",10
414000000000000,5601890,F,2016/04/29,21,Albuquerque,0,0,0,0,0,1,Yes,"2016-04-19 13:53:16",10
488000000000000,5629728,M,2016/04/29,9,Dublin,0,0,0,0,0,0,No,"2016-04-27 14:01:10",2
28800000000000,5642625,F,2016/04/29,37,Calhoun,0,0,0,0,0,0,No,"2016-04-29 16:31:00",0
25300000000000,5641882,F,2016/04/29,56,"Fort Worth",0,1,0,0,0,0,No,"2016-04-29 14:35:50",0
3190000000000,5641878,M,2016/04/29,7,"Max Meadows",0,0,0,0,0,0,No,"2016-04-29 14:34:56",0
139000000000,5641736,M,2016/04/29,29,Raton,0,0,0,0,0,0,No,"2016-04-29 14:14:34",0
27989988316,5641779,M,2016/04/29,38,"Charles Town",0,0,0,1,0,0,No,"2016-04-29 14:19:11",0
4000000000000,5641837,F,2016/04/29,20,Corbin,0,0,0,0,0,0,No,"2016-04-29 14:28:32",0
82500000000000,5641286,F,2016/04/29,28,"Fort Collins",0,0,0,0,0,0,No,"2016-04-29 13:13:03",0
94200000000000,5641184,F,2016/04/29,66,Bloomington,0,1,0,0,0,0,No,"2016-04-29 12:45:45",0
92000000000000,5620208,F,2016/04/29,54,"Bowling Green",0,1,0,0,0,1,No,"2016-04-26 08:47:32",3
256000000000000,5584467,F,2016/04/29,14,Auburn,1,0,0,0,0,1,Yes,"2016-04-14 14:02:21",15
26400000000000,5582979,F,2016/04/29,37,Calhoun,1,0,0,1,0,1,Yes,"2016-04-14 10:13:30",15
56800000000000,5614356,M,2016/04/29,58,Calhoun,0,0,0,0,0,1,No,"2016-04-25 10:23:15",4
43300000000000,5351222,F,2016/04/29,55,"Fort Worth",0,1,1,0,0,1,Yes,"2016-02-16 07:48:05",73
5720000000000,5613480,F,2016/04/29,59,Raleigh,0,1,0,0,0,1,No,"2016-04-25 09:21:13",4
378000000000000,5351207,F,2016/04/29,27,Columbus,0,0,0,0,0,1,Yes,"2016-02-16 07:47:29",73
41600000000000,5624017,F,2016/04/29,23,Gardena,0,0,0,0,0,1,Yes,"2016-04-26 15:03:56",3
85400000000000,5351216,F,2016/04/29,20,Billings,0,0,0,0,0,1,Yes,"2016-02-16 07:47:52",73
68900000000000,5599781,F,2016/04/29,43,Newport,0,0,0,0,0,1,No,"2016-04-19 09:27:13",10
79800000000000,5632939,F,2016/04/29,38,"Saint Louis",0,0,0,0,0,0,No,"2016-04-28 08:36:59",1
354000000000000,5351190,F,2016/04/29,45,Huntingdon,0,0,0,0,0,1,No,"2016-02-16 07:46:51",73
49500000000000,5599767,F,2016/04/29,45,Mullins,1,0,0,0,0,1,Yes,"2016-04-19 09:26:37",10
3120000000000,5351199,F,2016/04/29,30,Mullins,0,0,0,0,0,1,No,"2016-02-16 07:47:15",73
41700000000000,5620901,M,2016/04/29,13,"Miles City",0,0,0,0,0,1,Yes,"2016-04-26 09:34:57",3
45400000000000,5623248,F,2016/04/29,9,Dublin,0,0,0,0,0,1,No,"2016-04-26 13:45:31",3
34100000000000,5590830,F,2016/04/29,28,"Fort Worth",0,0,0,0,0,1,No,"2016-04-15 15:06:01",14
478000000000,5630616,M,2016/04/29,11,"Saint Louis",0,0,0,0,0,0,No,"2016-04-27 15:47:48",2
294000000000,5590793,M,2016/04/29,34,Hartford,0,0,0,0,0,1,Yes,"2016-04-15 15:01:13",14
53800000000000,5601706,M,2016/04/29,9,Lexington,1,0,0,0,0,1,Yes,"2016-04-19 13:32:02",10
69500000000000,5608677,F,2016/04/29,16,Dublin,0,0,0,0,0,1,No,"2016-04-20 14:12:28",9
87300000000000,5616050,M,2016/04/29,7,Columbia,0,0,0,0,0,1,No,"2016-04-25 13:25:49",4
75000000000000,5589578,M,2016/04/29,5,Victorville,0,0,0,0,0,1,Yes,"2016-04-15 12:23:28",14
8990000000000,5614367,F,2016/04/29,48,"Battle Creek",1,0,0,0,0,1,No,"2016-04-25 10:24:36",4
631000000000,5608413,F,2016/04/29,32,Woodland,0,1,0,0,0,1,No,"2016-04-20 13:46:43",9
11600000000000,5601904,F,2016/04/29,28,Burlington,1,0,0,0,0,1,No,"2016-04-19 13:55:21",10
6220000000000,5596076,F,2016/04/29,20,"Bay City",0,0,0,0,0,1,Yes,"2016-04-18 13:53:57",11
478000000000,5630609,M,2016/04/29,11,Enterprise,0,0,0,0,0,0,No,"2016-04-27 15:46:48",2
5360000000000,5629817,F,2016/04/29,35,Roanoke,1,0,0,0,0,0,No,"2016-04-27 14:09:13",2
5450000000000,5607753,M,2016/04/29,12,Gardena,1,0,0,0,0,1,No,"2016-04-20 12:19:07",9
7160000000000,5642809,M,2016/04/29,55,Albuquerque,0,0,0,0,1,0,No,"2016-04-29 17:22:39",0
67900000000000,5642235,F,2016/04/29,51,Batesville,0,0,0,0,0,0,No,"2016-04-29 15:24:18",0
369000000000000,5626935,F,2016/04/29,82,"Miles City",0,1,1,0,0,0,No,"2016-04-27 08:50:29",2
957000000000,5624367,F,2016/04/29,71,Dublin,0,1,1,0,0,1,No,"2016-04-26 15:50:05",3
3370000000000,5601230,M,2016/04/29,91,"Fort Worth",0,0,1,0,0,0,No,"2016-04-19 12:24:23",10
75600000000000,5616872,F,2016/04/29,18,Eugene,0,0,0,0,0,1,No,"2016-04-25 14:55:44",4
949000000000,5629273,F,2016/04/29,64,Mercer,0,1,1,0,0,0,No,"2016-04-27 13:12:35",2
94500000000000,5638726,M,2016/04/29,78,Mercer,0,1,1,0,0,0,No,"2016-04-29 08:21:09",0
68500000000000,5634894,F,2016/04/29,21,Lubbock,0,0,0,0,0,0,Yes,"2016-04-28 12:01:54",1
967387793,5621688,M,2016/04/29,38,Hartford,0,0,0,0,0,0,No,"2016-04-26 10:39:41",3
91500000000000,5633041,F,2016/04/29,69,Oconomowoc,0,1,1,0,0,0,No,"2016-04-28 08:44:41",1
85800000000000,5628766,M,2016/04/29,44,"Charles Town",0,1,0,0,0,0,No,"2016-04-27 11:36:50",2
6960000000000,5628759,M,2016/04/29,70,Lexington,0,1,0,0,0,0,No,"2016-04-27 11:35:45",2
9770000000000,5414074,M,2016/04/29,22,Saginaw,0,0,0,0,0,1,No,"2016-03-01 10:32:56",59
980000000000000,5414069,F,2016/04/29,20,Plainfield,0,0,0,0,0,1,No,"2016-03-01 10:32:29",59
967387793,5621683,M,2016/04/29,38,Billings,0,0,0,0,0,1,No,"2016-04-26 10:39:14",3
1320000000000,5490246,F,2016/04/29,30,Burlington,0,0,0,0,0,0,No,"2016-03-18 14:27:01",42
919000000000000,5512091,F,2016/04/29,19,Auburn,0,0,0,0,0,1,No,"2016-03-28 08:32:44",32
1320000000000,5490245,F,2016/04/29,30,Dublin,0,0,0,0,0,1,No,"2016-03-18 14:27:01",42
7980000000000,5514931,F,2016/04/29,18,Columbia,0,0,0,0,0,0,No,"2016-03-28 11:55:54",32
7980000000000,5514930,F,2016/04/29,18,Mercer,0,0,0,0,0,0,No,"2016-03-28 11:55:54",32
4480000000000,5539470,F,2016/04/29,15,"Saint Louis",0,0,0,0,0,0,No,"2016-04-01 15:01:22",28
7980000000000,5514929,F,2016/04/29,18,"Saint Louis",0,0,0,0,0,1,No,"2016-03-28 11:55:54",32
4480000000000,5539469,F,2016/04/29,15,Shakopee,0,0,0,0,0,0,No,"2016-04-01 15:01:22",28
4480000000000,5539468,F,2016/04/29,15,Victorville,0,0,0,0,0,1,No,"2016-04-01 15:01:22",28
337000000000,5633767,M,2016/04/29,18,Mullins,0,0,0,0,0,0,No,"2016-04-28 09:47:59",1
70000000000000,5638557,F,2016/04/29,28,Saginaw,0,1,0,0,0,0,No,"2016-04-29 08:09:10",0
85700000000000,5638522,M,2016/04/29,56,Bloomington,0,0,0,1,0,0,No,"2016-04-29 08:07:02",0
734000000000000,5638430,F,2016/04/29,19,"Fort Worth",0,0,0,0,0,0,No,"2016-04-29 08:01:29",0
3750000000000,5638365,F,2016/04/29,3,Dublin,1,0,0,0,0,0,No,"2016-04-29 07:57:48",0
677000000000,5638360,F,2016/04/29,38,"Forest Grove",1,0,0,0,0,0,No,"2016-04-29 07:57:25",0
28800000000000,5637978,M,2016/04/29,41,Roanoke,0,0,0,0,0,0,No,"2016-04-29 07:35:24",0
27600000000000,5638038,M,2016/04/29,1,Charlotte,0,0,0,0,0,0,No,"2016-04-29 07:39:31",0
54000000000000,5637760,F,2016/04/29,50,Lagrange,0,1,1,0,0,0,No,"2016-04-29 07:21:56",0
52500000000000,5638579,F,2016/04/29,62,"Castle Rock",1,1,0,0,0,0,No,"2016-04-29 08:11:01",0
93500000000000,5642501,F,2016/04/29,26,Dublin,0,0,0,0,0,0,No,"2016-04-29 16:08:03",0
28200000000000,5642498,F,2016/04/29,80,Dublin,0,0,0,0,0,0,No,"2016-04-29 16:07:48",0
4810000000000,5451768,F,2016/04/29,49,"Max Meadows",0,1,0,0,0,0,No,"2016-03-10 08:36:26",50
49600000000000,5451280,F,2016/04/29,37,Charlotte,1,0,0,0,0,1,No,"2016-03-10 08:02:18",50
157000000000000,5451655,M,2016/04/29,45,Plainfield,0,0,0,0,0,1,No,"2016-03-10 08:29:08",50
733000000000000,5451245,F,2016/04/29,9,Griffin,0,0,0,0,0,1,No,"2016-03-10 08:00:23",50
3850000000000,5639825,F,2016/04/29,37,"Bowling Green",1,1,1,0,0,0,No,"2016-04-29 09:40:13",0
5300000000000,5451239,M,2016/04/29,12,Albany,0,0,0,0,0,0,No,"2016-03-10 08:00:10",50
934000000000,5451595,F,2016/04/29,73,Gorham,0,0,0,0,0,1,No,"2016-03-10 08:23:46",50
49700000000000,5451408,M,2016/04/29,48,Charlotte,0,1,0,1,0,1,No,"2016-03-10 08:10:04",50
81700000000000,5449304,F,2016/04/29,42,Albuquerque,0,1,1,0,0,1,No,"2016-03-09 14:52:03",51
12400000000000,5640120,M,2016/04/29,64,Dublin,0,1,0,1,2,0,No,"2016-04-29 10:08:48",0
137000000000000,5639818,F,2016/04/29,42,Newport,0,0,0,0,0,0,No,"2016-04-29 09:39:47",0
677000000000000,5640082,F,2016/04/29,7,Roanoke,0,0,0,0,0,0,No,"2016-04-29 10:05:34",0
7720000000000,5639656,F,2016/04/29,35,"Little River",0,0,0,0,0,0,No,"2016-04-29 09:21:45",0
796000000000,5639646,M,2016/04/29,38,Dahlonega,0,0,0,0,0,0,No,"2016-04-29 09:21:16",0
3850000000000,5638872,F,2016/04/29,37,Mercer,1,1,1,0,0,0,No,"2016-04-29 08:31:31",0
426000000000,5639596,M,2016/04/29,44,Lexington,0,1,0,1,0,0,No,"2016-04-29 09:16:48",0
46300000000000,5639494,F,2016/04/29,65,Roanoke,0,1,0,0,0,0,No,"2016-04-29 09:09:54",0
69700000000000,5639448,F,2016/04/29,53,Jasper,0,0,0,0,0,0,No,"2016-04-29 09:06:42",0
5120000000000,5639441,F,2016/04/29,58,"Saint Louis",0,1,0,0,0,0,No,"2016-04-29 09:06:06",0
2240000000000,5638861,F,2016/04/29,68,Owasso,0,1,0,0,0,0,No,"2016-04-29 08:30:04",0
7395483193,5638837,F,2016/04/29,71,Roanoke,0,1,0,0,0,0,No,"2016-04-29 08:28:44",0
494000000000000,5638561,M,2016/04/29,33,Lagrange,0,1,0,0,0,0,No,"2016-04-29 08:09:37",0
55379236939,5638542,F,2016/04/29,63,Bryant,0,1,0,0,0,0,No,"2016-04-29 08:08:20",0
335000000000000,5638510,F,2016/04/29,30,"Saint Louis",0,1,0,0,0,0,No,"2016-04-29 08:06:18",0
5590000000000,5638469,F,2016/04/29,18,Columbus,0,0,0,0,0,0,No,"2016-04-29 08:03:55",0
5350000000000,5638471,M,2016/04/29,0,Chattanooga,0,0,0,0,0,0,No,"2016-04-29 08:04:12",0
27300000000000,5632450,F,2016/04/29,73,Albuquerque,0,1,1,0,0,0,No,"2016-04-28 08:02:12",1
977000000000,5638489,F,2016/04/29,16,"Bowling Green",0,0,0,0,0,0,No,"2016-04-29 08:05:29",0
19700000000000,5638498,F,2016/04/29,21,"Max Meadows",0,0,0,0,0,0,No,"2016-04-29 08:05:51",0
14900000000000,5638626,F,2016/04/29,11,Columbia,0,0,0,0,2,0,No,"2016-04-29 08:13:59",0
154000000000,5638633,F,2016/04/29,73,Vandalia,0,1,1,0,0,0,No,"2016-04-29 08:14:37",0
813000000000000,5578395,F,2016/04/29,3,"Delray Beach",0,0,0,0,0,1,Yes,"2016-04-13 12:06:12",16
68400000000000,5562264,M,2016/04/29,7,Plainfield,0,0,0,0,0,1,No,"2016-04-08 13:06:11",21
54500000000000,5624273,F,2016/04/29,0,Boone,0,0,0,0,0,0,Yes,"2016-04-26 15:36:22",3
54500000000000,5624272,F,2016/04/29,0,"Fort Worth",0,0,0,0,0,0,Yes,"2016-04-26 15:36:21",3
2890000000000,5600689,F,2016/04/29,31,Dublin,1,0,0,0,0,0,No,"2016-04-19 11:04:06",10
1960000000000,5640347,F,2016/04/29,27,Deerfield,1,0,0,0,0,0,No,"2016-04-29 10:33:08",0
944000000000,5621402,F,2016/04/29,30,"Saint Louis",0,0,0,0,0,0,No,"2016-04-26 10:14:04",3
56548277857,5599183,F,2016/04/29,40,Aspen,0,0,0,0,0,1,Yes,"2016-04-19 08:34:46",10
9490000000000,5600511,F,2016/04/29,33,Plainfield,0,0,0,0,1,0,Yes,"2016-04-19 10:46:27",10
340000000000000,5621952,F,2016/04/29,21,Bryant,0,0,0,0,0,1,Yes,"2016-04-26 11:06:39",3
5560000000000,5628034,F,2016/04/29,39,Tyler,1,0,0,0,0,0,No,"2016-04-27 10:21:02",2
589000000000,5560794,F,2016/04/29,6,"Saint Louis",0,0,0,0,0,1,No,"2016-04-08 09:34:40",21
11600000000000,5578379,F,2016/04/29,6,Leesburg,0,0,0,0,0,1,Yes,"2016-04-13 12:04:22",16
6360000000000,5578355,M,2016/04/29,5,Columbus,0,0,0,0,0,1,No,"2016-04-13 12:00:20",16
674000000000000,5613411,M,2016/04/29,4,"Castle Rock",0,0,0,0,0,1,No,"2016-04-25 09:17:31",4
260000000000,5607093,F,2016/04/29,6,"Max Meadows",1,0,0,0,0,0,Yes,"2016-04-20 11:04:38",9
2860000000000,5612960,M,2016/04/29,6,Columbia,0,0,0,0,0,1,No,"2016-04-25 08:51:43",4
260000000000,5607092,F,2016/04/29,6,Lexington,1,0,0,0,0,1,Yes,"2016-04-20 11:04:38",9
2190000000000,5591397,F,2016/04/29,18,Roanoke,0,0,0,0,1,1,No,"2016-04-15 17:04:07",14
564000000000,5608351,M,2016/04/29,3,Corbin,0,0,0,0,0,0,No,"2016-04-20 13:40:34",9
75400000000000,5601817,F,2016/04/29,3,Owasso,0,0,0,0,0,0,No,"2016-04-19 13:45:15",10
339000000000,5466619,F,2016/04/29,47,Pittsburgh,0,0,0,0,0,1,Yes,"2016-03-14 17:48:26",46
3330000000000,5472821,F,2016/04/29,39,Corbin,0,0,0,0,0,1,No,"2016-03-15 15:19:40",45
957000000000000,5642253,F,2016/04/29,19,Saginaw,0,0,0,0,0,0,No,"2016-04-29 15:26:37",0
9250000000000,5545271,F,2016/04/29,31,Calhoun,0,0,0,0,0,1,No,"2016-04-05 13:44:23",24
3330000000000,5642393,F,2016/04/29,39,Columbia,0,0,0,0,0,0,Yes,"2016-04-29 15:46:55",0
343000000000000,5545253,F,2016/04/29,69,Lexington,0,0,0,0,0,1,No,"2016-04-05 13:42:53",24
985000000000000,5465779,F,2016/04/29,71,Oscoda,0,0,0,0,0,1,No,"2016-03-14 14:51:37",46
934000000000,5627629,F,2016/04/29,48,Charlotte,0,0,0,0,0,0,Yes,"2016-04-27 09:43:31",2
428000000000000,5641662,F,2016/04/29,47,Winthrop,0,0,0,0,0,0,No,"2016-04-29 14:06:26",0
2170000000000,5641503,F,2016/04/29,19,"Fort Worth",0,0,0,0,0,0,No,"2016-04-29 13:47:57",0
428000000000000,5464566,F,2016/04/29,47,Eugene,0,0,0,0,0,1,Yes,"2016-03-14 11:55:37",46
78200000000000,5465753,F,2016/04/29,53,"Saint Louis",0,0,0,0,0,0,No,"2016-03-14 14:48:36",46
23600000000000,5465751,F,2016/04/29,64,"Saint Louis",0,1,0,1,1,0,No,"2016-03-14 14:47:56",46
9480000000000,5640529,F,2016/04/29,10,"Saint Louis",0,0,0,0,0,0,No,"2016-04-29 10:53:42",0
33700000000000,5639569,M,2016/04/29,47,"Saint Louis",0,0,0,0,0,0,No,"2016-04-29 09:14:40",0
4280000000000,5551151,F,2016/04/29,42,Enterprise,1,1,0,1,0,1,No,"2016-04-06 13:26:38",23
2620000000000,5556707,F,2016/04/29,62,"Forest Grove",0,1,0,1,0,0,Yes,"2016-04-07 12:54:15",22
15500000000000,5556889,F,2016/04/29,25,Oconomowoc,0,0,0,0,0,1,Yes,"2016-04-07 13:20:12",22
46800000000000,5641042,F,2016/04/29,49,"Saint Mary",0,0,0,0,0,0,No,"2016-04-29 12:06:25",0
6370000000000,5554636,F,2016/04/29,14,Charlotte,0,0,0,0,0,0,No,"2016-04-07 08:46:45",22
9710000000000,5551241,F,2016/04/29,21,Winthrop,0,0,0,0,0,1,Yes,"2016-04-06 13:37:45",23
9200000000000,5551068,F,2016/04/29,13,Bryant,0,0,0,0,0,1,No,"2016-04-06 13:15:10",23
977000000000,5638756,F,2016/04/29,42,Dublin,0,0,0,0,0,0,No,"2016-04-29 08:23:14",0
536000000000000,5637779,F,2016/04/29,10,Raleigh,0,0,0,0,0,0,No,"2016-04-29 07:22:54",0
174000000000000,5551045,M,2016/04/29,37,"Saint Louis",0,0,0,0,0,0,Yes,"2016-04-06 13:12:28",23
963000000000,5551055,F,2016/04/29,28,"Forest Grove",0,0,0,0,0,1,Yes,"2016-04-06 13:13:54",23
5840000000000,5548954,M,2016/04/29,63,"Forest Grove",0,0,0,0,0,0,No,"2016-04-06 09:13:02",23
5840000000000,5548957,M,2016/04/29,63,Roanoke,0,0,0,0,0,0,No,"2016-04-06 09:13:10",23
833000000000000,5559424,F,2016/04/29,13,Chattanooga,0,0,0,0,0,1,No,"2016-04-08 07:43:35",21
219000000000000,5386101,F,2016/04/29,32,"Joshua Tree",1,0,0,0,0,1,Yes,"2016-02-23 16:42:15",66
888000000000,5397342,F,2016/04/29,17,"Fort Collins",0,0,0,0,0,1,Yes,"2016-02-25 14:42:58",64
295000000000000,5395703,F,2016/04/29,23,Columbus,0,0,0,0,0,1,Yes,"2016-02-25 10:25:27",64
514000000000000,5500713,F,2016/04/29,53,Gorham,0,1,0,0,0,1,Yes,"2016-03-22 10:46:05",38
2870000000000,5595974,F,2016/04/29,79,Roanoke,0,1,0,0,0,0,No,"2016-04-18 13:45:03",11
67300000000000,5642909,M,2016/04/29,64,Charlotte,0,0,0,0,0,0,No,"2016-04-29 18:57:10",0
17100000000000,5521211,M,2016/04/29,32,Spearfish,0,0,0,0,0,1,Yes,"2016-03-29 11:05:45",31
897000000000000,5520723,F,2016/04/29,40,Plainfield,0,0,0,0,0,1,Yes,"2016-03-29 10:27:12",31
726000000000,5521232,M,2016/04/29,33,"Max Meadows",0,0,0,0,0,1,No,"2016-03-29 11:09:08",31
94800000000000,5521230,F,2016/04/29,50,Deerfield,0,0,0,0,0,0,No,"2016-03-29 11:08:52",31
35400000000000,5523393,F,2016/04/29,69,"Saint Louis",0,0,0,0,0,1,No,"2016-03-29 17:04:40",31
732000000000000,5642808,F,2016/04/29,65,Victorville,0,0,0,0,0,0,No,"2016-04-29 17:21:24",0
63500000000000,5523249,F,2016/04/29,25,Charlotte,0,0,0,0,0,1,Yes,"2016-03-29 16:26:40",31
68300000000000,5637098,F,2016/04/29,49,Lagrange,0,0,0,0,0,0,No,"2016-04-28 17:13:10",1
422000000000000,5521829,F,2016/04/29,19,Albuquerque,0,0,0,0,0,1,No,"2016-03-29 12:53:34",31
721000000000000,5523302,M,2016/04/29,61,Plainfield,0,0,0,0,0,1,No,"2016-03-29 16:38:24",31
275000000000000,5521003,F,2016/04/29,58,"Bowling Green",0,0,0,0,0,1,No,"2016-03-29 10:46:23",31
158000000000000,5642660,F,2016/04/29,50,"Fort Wayne",0,0,0,0,0,0,No,"2016-04-29 16:41:41",0
49600000000000,5521955,F,2016/04/29,47,Kuttawa,0,0,0,0,0,0,Yes,"2016-03-29 13:20:51",31
8660000000000,5520916,M,2016/04/29,23,Kuttawa,0,0,0,0,0,1,No,"2016-03-29 10:41:45",31
8520000000000,5642301,M,2016/04/29,41,"Battle Creek",0,0,0,0,0,0,No,"2016-04-29 15:32:32",0
24400000000000,5570735,F,2016/04/29,16,Lagrange,0,0,0,0,0,1,No,"2016-04-12 08:12:14",17
75400000000000,5574384,F,2016/04/29,37,"Castle Rock",0,0,0,0,0,1,No,"2016-04-12 14:49:02",17
59400000000000,5641771,M,2016/04/29,65,"Castle Rock",0,1,1,1,0,0,No,"2016-04-29 14:18:12",0
8740000000000,5598360,M,2016/04/29,11,Auburn,0,0,0,0,0,0,No,"2016-04-19 07:30:37",10
8440000000000,5640282,F,2016/04/29,33,Dublin,0,0,0,0,0,0,No,"2016-04-29 10:26:45",0
9170000000000,5574548,F,2016/04/29,17,Macon,0,0,0,0,0,1,No,"2016-04-12 15:13:06",17
26700000000000,5587569,M,2016/04/29,3,Columbus,0,0,0,0,0,1,No,"2016-04-15 08:49:39",14
3230000000000,5587475,F,2016/04/29,26,"Battle Creek",0,0,0,0,0,0,No,"2016-04-15 08:42:46",14
44400000000000,5583377,F,2016/04/29,3,Aspen,0,0,0,0,0,1,No,"2016-04-14 10:56:37",15
913000000000000,5583581,F,2016/04/29,29,Lagrange,0,0,0,0,0,1,No,"2016-04-14 11:18:35",15
61500000000000,5637434,M,2016/04/29,18,Gardena,0,0,0,0,0,0,No,"2016-04-29 06:54:18",0
713000000000000,5598427,M,2016/04/29,36,Columbia,0,0,0,0,0,0,No,"2016-04-19 07:34:01",10
68500000000000,5637406,M,2016/04/29,46,"Saint Louis",0,0,0,0,0,0,No,"2016-04-29 06:48:50",0
3640000000000,5598365,M,2016/04/29,7,Joplin,0,0,0,0,0,1,No,"2016-04-19 07:30:53",10
239000000000000,5577532,F,2016/04/29,17,"Cripple Creek",0,0,0,0,0,1,Yes,"2016-04-13 10:12:45",16
427000000000,5507840,M,2016/04/29,8,Lagrange,0,0,0,0,0,1,Yes,"2016-03-23 12:51:54",37
32900000000000,5506650,M,2016/04/29,47,Lagrange,0,0,0,0,0,1,No,"2016-03-23 10:48:44",37
4360000000000,5637641,F,2016/04/29,46,Lagrange,0,0,0,0,0,0,No,"2016-04-29 07:13:15",0
83800000000000,5507060,M,2016/04/29,31,Cary,0,0,0,0,0,1,No,"2016-03-23 11:16:32",37
3650000000000,5635866,M,2016/04/29,62,Cary,0,0,0,0,0,0,No,"2016-04-28 14:13:29",1
625000000000000,5603619,M,2016/04/29,25,Jasper,0,0,0,0,0,1,No,"2016-04-20 07:13:17",9
214000000000,5603614,F,2016/04/29,17,Jasper,0,0,0,0,0,1,No,"2016-04-20 07:12:51",9
6630000000000,5498507,F,2016/04/29,55,"Castle Rock",0,0,0,0,0,1,No,"2016-03-22 07:39:34",38
38962632722,5578517,F,2016/04/29,8,Auburn,0,0,0,0,0,0,Yes,"2016-04-13 12:41:35",16
38962632722,5578518,F,2016/04/29,8,Calhoun,0,0,0,0,0,0,Yes,"2016-04-13 12:41:35",16
3940000000000,5564718,F,2016/04/29,43,Calhoun,0,0,0,0,0,0,Yes,"2016-04-11 07:59:48",18
4410000000000,5637572,M,2016/04/29,23,"Fort Worth",0,0,0,0,0,0,No,"2016-04-29 07:08:42",0
98300000000000,5550127,M,2016/04/29,41,"Max Meadows",0,0,0,0,0,0,No,"2016-04-06 10:54:02",23
35900000000000,5537355,F,2016/04/29,8,"Saint Louis",0,0,0,0,0,0,No,"2016-04-01 09:58:26",28
345000000000000,5548541,M,2016/04/29,18,Enterprise,0,0,0,0,0,0,Yes,"2016-04-06 08:40:27",23
234000000000000,5549873,F,2016/04/29,72,Leesburg,0,1,0,0,0,0,No,"2016-04-06 10:33:07",23
6560000000000,5567889,M,2016/04/29,27,Oconomowoc,1,0,0,0,0,0,No,"2016-04-11 13:32:06",18
94800000000000,5563187,M,2016/04/29,45,Olathe,0,0,0,0,1,0,No,"2016-04-08 15:20:59",21
66200000000000,5571959,M,2016/04/29,26,Cary,1,0,0,1,0,0,Yes,"2016-04-12 09:50:11",17
57600000000000,5639292,F,2016/04/29,75,Georgetown,1,1,0,0,0,0,No,"2016-04-29 08:55:30",0
872000000000,5571428,F,2016/04/29,18,"Max Meadows",1,0,0,0,1,0,No,"2016-04-12 09:04:43",17
74700000000000,5566599,F,2016/04/29,13,"Saint Louis",1,0,0,0,0,0,Yes,"2016-04-11 10:43:14",18
388000000000000,5639438,M,2016/04/29,30,"Cripple Creek",0,0,0,0,0,0,No,"2016-04-29 09:05:46",0
227000000000,5599889,M,2016/04/29,63,"Cripple Creek",0,1,0,0,0,1,No,"2016-04-19 09:36:07",10
9440000000000,5413334,F,2016/04/29,53,Madisonville,1,1,0,0,0,1,No,"2016-03-01 09:30:47",59
2430000000000,5641336,F,2016/04/29,49,Columbus,0,1,0,0,0,0,No,"2016-04-29 13:21:00",0
228000000000000,5413193,F,2016/04/29,36,"Saint Louis",0,0,0,0,0,0,No,"2016-03-01 09:22:19",59
328000000000000,5412693,F,2016/04/29,66,"Saint Louis",0,0,0,0,0,1,No,"2016-03-01 08:51:31",59
235000000000,5413185,F,2016/04/29,56,Lexington,0,1,0,0,0,1,No,"2016-03-01 09:21:27",59
95400000000000,5641584,F,2016/04/29,47,"Fort Worth",0,0,0,0,0,0,No,"2016-04-29 13:58:52",0
1930000000000,5641129,F,2016/04/29,44,Columbia,0,0,0,0,0,0,No,"2016-04-29 12:32:26",0
74800000000000,5590203,F,2016/04/29,34,Columbus,0,0,0,0,0,1,No,"2016-04-15 13:49:03",14
768000000000000,5640882,M,2016/04/29,45,"Saint Louis",0,0,0,0,0,0,No,"2016-04-29 11:39:06",0
75400000000000,5636838,F,2016/04/29,56,Coralville,0,1,0,0,0,0,No,"2016-04-28 16:15:55",1
3423831496,5640766,F,2016/04/29,29,Coralville,0,0,0,0,2,0,No,"2016-04-29 11:22:50",0
2750000000000,5640760,M,2016/04/29,55,Irmo,0,0,0,0,3,0,No,"2016-04-29 11:22:20",0
93500000000000,5641984,M,2016/04/29,0,Calhoun,0,0,0,0,0,0,No,"2016-04-29 14:53:56",0
570000000000000,5641814,M,2016/04/29,12,"Max Meadows",1,0,0,0,0,0,No,"2016-04-29 14:25:31",0
46500000000000,5642782,F,2016/04/29,0,"Saint Louis",0,0,0,0,0,0,No,"2016-04-29 17:11:49",0
560000000000,5634532,M,2016/04/29,48,Mullins,0,0,0,0,0,0,No,"2016-04-28 11:08:30",1
3480000000000,5627098,M,2016/04/29,63,Coralville,0,0,0,0,0,0,Yes,"2016-04-27 09:02:35",2
4790000000000,5642687,M,2016/04/29,4,Mobile,0,0,0,0,0,0,No,"2016-04-29 16:46:56",0
597000000000000,5615071,F,2016/04/29,80,Lagrange,0,1,1,0,0,0,No,"2016-04-25 11:35:04",4
75300000000000,5625848,M,2016/04/29,37,Gardena,0,1,1,0,0,0,No,"2016-04-27 07:38:04",2
563000000000000,5642488,F,2016/04/29,20,Irmo,1,0,0,0,0,0,No,"2016-04-29 16:06:07",0
2750000000000,5641747,F,2016/04/29,42,"Castle Rock",0,0,0,0,0,0,No,"2016-04-29 14:16:07",0
61800000000000,5642194,M,2016/04/29,61,"Fort Worth",0,0,1,1,0,0,No,"2016-04-29 15:18:16",0
957000000000,5632759,M,2016/04/29,35,Lubbock,0,1,0,0,0,0,No,"2016-04-28 08:24:38",1
8560000000000,5608114,F,2016/04/29,38,Mullins,1,0,0,0,0,0,No,"2016-04-20 13:16:33",9
45900000000000,5622122,M,2016/04/29,57,Oscoda,0,1,0,1,0,1,No,"2016-04-26 11:21:01",3
396000000000000,5641075,M,2016/04/29,1,Plainfield,1,0,0,0,0,0,No,"2016-04-29 12:20:48",0
9490000000000,5596400,M,2016/04/29,55,"Fort Collins",0,1,0,0,0,1,No,"2016-04-18 14:33:02",11
44900000000000,5623982,M,2016/04/29,50,Columbia,0,0,0,0,0,1,No,"2016-04-26 14:59:21",3
4520000000000,5594560,F,2016/04/29,60,"Saint Louis",1,1,0,0,0,1,No,"2016-04-18 10:54:10",11
186000000000000,5604857,F,2016/04/29,60,Pittsburgh,0,1,0,1,0,0,No,"2016-04-20 08:23:50",9
577000000000000,5640611,M,2016/04/29,57,"Charles Town",0,0,0,0,0,0,No,"2016-04-29 11:03:29",0
7250000000000,5554959,F,2016/04/29,61,Lexington,0,1,0,0,0,1,Yes,"2016-04-07 09:17:02",22
426000000000000,5640339,F,2016/04/29,20,Albuquerque,1,0,0,0,0,0,No,"2016-04-29 10:32:16",0
58500000000000,5639869,F,2016/04/29,72,"Little River",0,1,0,0,0,0,No,"2016-04-29 09:43:52",0
7960000000000,5639581,F,2016/04/29,59,"Saint Louis",0,0,0,0,0,0,No,"2016-04-29 09:15:14",0
686000000000000,5639329,F,2016/04/29,46,Roanoke,1,0,0,0,0,0,No,"2016-04-29 08:57:40",0
387000000000,5639394,F,2016/04/29,37,Batesville,1,1,0,0,0,0,No,"2016-04-29 09:02:24",0
68300000000000,5638874,F,2016/04/29,81,Gretna,0,0,1,0,0,0,No,"2016-04-29 08:31:48",0
878000000000000,5638814,F,2016/04/29,2,Kuttawa,0,0,0,0,0,0,No,"2016-04-29 08:27:19",0
314000000000,5638776,F,2016/04/29,2,Raton,0,0,0,0,0,0,No,"2016-04-29 08:24:32",0
969000000000000,5638764,F,2016/04/29,2,Columbia,0,0,0,0,0,0,No,"2016-04-29 08:23:44",0
5280000000000,5614546,F,2016/04/29,32,"Saint Louis",0,0,0,0,0,0,No,"2016-04-25 10:42:16",4
5280000000000,5614545,F,2016/04/29,32,Valentine,0,0,0,0,0,1,No,"2016-04-25 10:41:55",4
4780000000000,5614551,F,2016/04/29,14,Oconomowoc,1,0,0,0,0,1,No,"2016-04-25 10:42:42",4
4780000000000,5614557,F,2016/04/29,14,Mullins,1,0,0,0,0,0,No,"2016-04-25 10:43:16",4
23200000000000,5614561,F,2016/04/29,30,Roanoke,0,0,0,0,0,0,Yes,"2016-04-25 10:43:35",4
23200000000000,5614567,F,2016/04/29,30,Roanoke,0,0,0,0,0,0,Yes,"2016-04-25 10:43:52",4
83200000000000,5545052,F,2016/04/29,5,Mobile,1,0,0,0,0,1,Yes,"2016-04-05 13:22:23",24
27900000000000,5641362,M,2016/04/29,26,Lagrange,0,0,0,0,0,0,No,"2016-04-29 13:24:27",0
3730000000000,5641491,F,2016/04/29,49,Lagrange,0,1,0,0,0,0,No,"2016-04-29 13:45:21",0
73200000000000,5545056,F,2016/04/29,8,Lagrange,1,0,0,0,0,1,Yes,"2016-04-05 13:22:40",24
59400000000000,5451793,F,2016/04/29,49,Plainfield,1,1,1,0,0,1,Yes,"2016-03-10 08:38:02",50
199000000000000,5641276,F,2016/04/29,11,Plainfield,0,0,0,0,0,0,No,"2016-04-29 13:09:48",0
1290000000000,5639285,F,2016/04/29,19,Boone,0,0,0,0,0,0,No,"2016-04-29 08:54:57",0
6130000000000,5451790,F,2016/04/29,28,Auburn,0,0,0,0,0,1,No,"2016-03-10 08:37:53",50
73700000000000,5639240,M,2016/04/29,8,Dublin,0,0,0,0,0,0,No,"2016-04-29 08:50:28",0
5540000000000,5451779,F,2016/04/29,77,Shakopee,0,1,0,0,0,1,No,"2016-03-10 08:37:26",50
49500000000000,5451753,M,2016/04/29,11,Mullins,0,0,0,0,0,1,Yes,"2016-03-10 08:35:42",50
73200000000000,5640298,M,2016/04/29,3,Albuquerque,1,0,0,0,0,0,No,"2016-04-29 10:28:06",0
714000000000,5640081,F,2016/04/29,79,Bryant,0,1,1,0,0,0,No,"2016-04-29 10:05:26",0
4520000000000,5451745,F,2016/04/29,32,Dublin,1,1,0,0,0,0,Yes,"2016-03-10 08:35:17",50
998000000000000,5451635,F,2016/04/29,56,"Fort Worth",0,0,0,0,0,1,No,"2016-03-10 08:27:04",50
174000000000,5451632,F,2016/04/29,24,"Saint Louis",0,0,0,0,0,0,No,"2016-03-10 08:26:47",50
422000000000,5638431,F,2016/04/29,18,Moore,1,0,0,0,0,0,No,"2016-04-29 08:01:35",0
42300000000000,5638274,F,2016/04/29,32,Saginaw,1,0,0,0,0,0,No,"2016-04-29 07:52:16",0
1440000000000,5638188,F,2016/04/29,16,Woodland,0,0,0,0,0,0,No,"2016-04-29 07:47:45",0
727000000000000,5637926,F,2016/04/29,63,Eugene,0,1,1,0,0,0,No,"2016-04-29 07:31:45",0
22200000000000,5638030,F,2016/04/29,52,Oconomowoc,0,0,0,0,0,0,No,"2016-04-29 07:38:49",0
59533349681,5637872,M,2016/04/29,20,"Battle Creek",0,0,0,0,0,0,No,"2016-04-29 07:28:18",0
5960000000000,5637758,M,2016/04/29,33,Auburn,0,0,0,0,0,0,No,"2016-04-29 07:21:51",0
8390000000000,5492518,F,2016/04/29,28,Columbia,0,0,0,0,0,1,No,"2016-03-21 07:39:20",39
14844682413,5641298,F,2016/04/29,24,Macon,0,0,0,0,0,0,No,"2016-04-29 13:14:48",0
93700000000000,5495844,F,2016/04/29,55,Tyler,0,0,0,0,0,1,Yes,"2016-03-21 13:06:12",39
4960000000000,5493845,M,2016/04/29,40,"Saint Louis",0,0,0,0,0,1,Yes,"2016-03-21 09:11:37",39
83300000000000,5581287,M,2016/04/29,4,Joplin,0,0,0,0,0,0,No,"2016-04-14 07:54:04",15
3180000000000,5492883,F,2016/04/29,37,Victorville,0,1,0,0,0,1,No,"2016-03-21 08:01:45",39
1720000000000,5495128,M,2016/04/29,15,Altoona,0,0,0,0,0,0,Yes,"2016-03-21 11:23:52",39
1150000000000,5493384,F,2016/04/29,39,Mobile,0,0,0,0,0,1,No,"2016-03-21 08:33:23",39
5290000000000,5637725,F,2016/04/29,12,"Castle Rock",0,0,0,0,0,0,No,"2016-04-29 07:19:37",0
81300000000000,5629040,F,2016/04/29,37,Auburn,0,0,0,0,0,0,No,"2016-04-27 12:35:29",2
9130000000000,5639377,F,2016/04/29,53,Coralville,0,0,0,0,0,0,No,"2016-04-29 09:01:16",0
412000000000000,5491952,M,2016/04/29,36,Roanoke,0,0,0,0,0,1,Yes,"2016-03-21 07:10:20",39
391000000000000,5581284,F,2016/04/29,17,Auburn,0,0,0,0,0,1,No,"2016-04-14 07:53:36",15
17800000000000,5493497,M,2016/04/29,13,"Saint Louis",0,0,0,0,0,1,No,"2016-03-21 08:41:42",39
68100000000000,5494549,F,2016/04/29,16,Shreveport,0,0,0,0,0,1,No,"2016-03-21 10:15:10",39
8610000000000,5493135,F,2016/04/29,43,Oconomowoc,0,0,0,0,0,1,Yes,"2016-03-21 08:17:53",39
8610000000000,5640818,F,2016/04/29,43,Coralville,0,0,0,0,0,0,No,"2016-04-29 11:28:18",0
822000000000000,5609432,F,2016/04/29,5,Appleton,0,0,0,0,0,1,No,"2016-04-20 15:50:59",9
727000000000,5628614,M,2016/04/29,73,"Delray Beach",0,0,0,0,0,0,No,"2016-04-27 11:19:21",2
835000000000,5628613,M,2016/04/29,49,Lagrange,0,1,0,0,0,0,No,"2016-04-27 11:19:09",2
3370000000000,5628612,F,2016/04/29,26,"Castle Rock",0,0,0,0,0,0,No,"2016-04-27 11:18:56",2
26600000000000,5628611,M,2016/04/29,68,Calhoun,0,1,0,0,0,0,No,"2016-04-27 11:18:42",2
579000000000,5628609,F,2016/04/29,54,Billings,0,0,0,0,0,0,No,"2016-04-27 11:18:29",2
997000000000000,5628606,F,2016/04/29,46,Eugene,1,0,0,0,0,0,Yes,"2016-04-27 11:18:16",2
82400000000000,5628603,F,2016/04/29,74,"Saint Louis",0,1,1,0,0,0,No,"2016-04-27 11:18:03",2
6860000000000,5637408,M,2016/04/29,52,Oconomowoc,0,1,0,0,0,0,No,"2016-04-29 06:49:01",0
157000000000000,5628622,F,2016/04/29,68,Victorville,0,1,1,0,0,0,No,"2016-04-27 11:20:10",2
4950000000000,5573143,F,2016/04/29,68,Albany,0,0,0,0,0,1,No,"2016-04-12 11:57:47",17
66700000000000,5573144,M,2016/04/29,40,"Cedar Rapids",0,1,1,0,0,1,No,"2016-04-12 11:57:58",17
6330000000000,5573127,F,2016/04/29,64,Roanoke,0,0,0,0,0,0,No,"2016-04-12 11:56:43",17
1480000000000,5573128,F,2016/04/29,56,Lagrange,0,1,0,0,0,1,No,"2016-04-12 11:56:51",17
2650000000000,5573130,F,2016/04/29,68,Lagrange,0,1,1,0,0,1,No,"2016-04-12 11:56:59",17
9810000000000,5573133,M,2016/04/29,66,"Bowling Green",0,0,0,0,0,1,No,"2016-04-12 11:57:08",17
553000000000,5573136,F,2016/04/29,59,Eugene,0,1,0,0,0,1,Yes,"2016-04-12 11:57:15",17
16000000000000,5573138,M,2016/04/29,39,Hartford,0,0,0,0,0,1,No,"2016-04-12 11:57:22",17
3140000000000,5573140,F,2016/04/29,63,Victorville,0,1,0,1,0,1,No,"2016-04-12 11:57:30",17
28500000000000,5625178,F,2016/04/29,61,Vandalia,0,1,0,0,0,0,No,"2016-04-27 07:01:09",2
24200000000000,5625182,M,2016/04/29,24,Roanoke,0,0,0,0,0,0,No,"2016-04-27 07:01:18",2
17800000000000,5625177,F,2016/04/29,39,Corbin,0,0,0,0,0,0,No,"2016-04-27 07:00:57",2
338000000000000,5625176,M,2016/04/29,32,Orlando,0,0,0,0,0,0,No,"2016-04-27 07:00:46",2
143000000000000,5625170,M,2016/04/29,41,Auburn,0,0,0,0,0,0,No,"2016-04-27 07:00:24",2
85600000000000,5625169,F,2016/04/29,63,Dublin,0,1,0,0,1,0,No,"2016-04-27 07:00:11",2
234000000000000,5625206,F,2016/04/29,76,"Fort Worth",0,0,0,0,0,0,No,"2016-04-27 07:03:09",2
31400000000000,5625212,F,2016/04/29,48,"Delray Beach",0,0,0,0,0,0,No,"2016-04-27 07:03:18",2
1490000000000,5642885,F,2016/04/29,52,Billings,0,0,0,0,0,0,No,"2016-04-29 18:09:17",0
99600000000000,5642795,F,2016/04/29,67,Jasper,0,1,0,0,0,0,No,"2016-04-29 17:15:06",0
62700000000000,5642763,F,2016/04/29,36,Eugene,0,0,0,0,0,0,No,"2016-04-29 17:05:50",0
11100000000000,5625265,F,2016/04/29,13,"Saint Louis",0,0,0,0,0,0,No,"2016-04-27 07:05:38",2
834000000000000,5625230,F,2016/04/29,17,Chattanooga,0,0,0,0,0,0,Yes,"2016-04-27 07:04:12",2
171000000000000,5625244,F,2016/04/29,34,Kuttawa,0,0,0,0,0,0,Yes,"2016-04-27 07:04:46",2
21623883455,5625225,F,2016/04/29,16,Dublin,0,0,0,0,0,0,Yes,"2016-04-27 07:04:02",2
7320000000000,5625221,M,2016/04/29,0,Dublin,0,0,0,0,0,0,Yes,"2016-04-27 07:03:50",2
4920000000000,5625259,F,2016/04/29,4,"Max Meadows",0,0,0,0,0,0,No,"2016-04-27 07:05:29",2
256000000000,5625254,F,2016/04/29,63,Columbia,0,0,0,0,0,0,No,"2016-04-27 07:05:18",2
221000000000,5606639,M,2016/04/29,53,Macon,0,0,0,0,0,1,Yes,"2016-04-20 10:31:43",9
434000000000000,5639276,F,2016/04/29,48,Tyler,0,0,0,0,0,0,No,"2016-04-29 08:54:22",0
7340000000000,5600848,M,2016/04/29,46,"Saint Louis",0,0,0,0,0,1,No,"2016-04-19 11:18:28",10
842000000000,5604383,F,2016/04/29,58,"Bella Vista",0,0,0,0,0,1,No,"2016-04-20 07:55:35",9
818000000000,5637796,F,2016/04/29,42,Alpharetta,0,0,0,0,0,0,No,"2016-04-29 07:23:58",0
914000000000000,5637821,F,2016/04/29,21,Appleton,0,0,0,0,0,0,No,"2016-04-29 07:25:12",0
744000000000000,5599108,F,2016/04/29,41,Roanoke,0,0,0,0,0,1,No,"2016-04-19 08:28:13",10
186000000000,5603851,F,2016/04/29,35,Mobile,0,0,0,0,0,0,No,"2016-04-20 07:26:15",9
153000000000,5558626,M,2016/04/29,39,Lagrange,0,0,0,0,0,1,Yes,"2016-04-07 17:39:24",22
153000000000,5558627,M,2016/04/29,39,Lagrange,0,0,0,0,0,0,Yes,"2016-04-07 17:39:24",22
4330000000000,5618698,F,2016/04/29,57,Orlando,0,0,0,0,0,1,No,"2016-04-26 07:22:25",3
4950000000000,5618693,M,2016/04/29,60,Gretna,0,0,0,0,0,1,No,"2016-04-26 07:22:14",3
78500000000000,5642441,M,2016/04/29,20,Calhoun,0,0,0,0,0,0,No,"2016-04-29 15:57:11",0
78800000000000,5641907,M,2016/04/29,21,Eugene,0,0,0,0,0,0,No,"2016-04-29 14:41:39",0
24000000000000,5605534,F,2016/04/29,35,"Saint Louis",0,0,0,0,0,1,No,"2016-04-20 09:09:11",9
1120000000000,5629376,F,2016/04/29,25,"Saint Louis",0,0,0,0,0,0,No,"2016-04-27 13:26:07",2
3970000000000,5641441,F,2016/04/29,62,"Bella Vista",0,1,1,0,0,0,No,"2016-04-29 13:36:39",0
75400000000000,5560487,F,2016/04/29,18,Joplin,0,0,0,0,0,0,No,"2016-04-08 09:03:07",21
66700000000000,5641324,F,2016/04/29,52,Shreveport,0,1,1,0,0,0,No,"2016-04-29 13:19:26",0
614000000000000,5459048,M,2016/04/29,0,Alpharetta,0,0,0,0,0,1,No,"2016-03-11 13:42:37",49
614000000000000,5459049,M,2016/04/29,0,Alpharetta,0,0,0,0,0,0,No,"2016-03-11 13:42:37",49
8630000000000,5448675,M,2016/04/29,64,Midway,0,1,1,0,0,1,No,"2016-03-09 13:17:15",51
75600000000000,5448674,M,2016/04/29,34,Midway,0,0,0,0,0,1,No,"2016-03-09 13:17:04",51
645000000000,5448672,F,2016/04/29,61,Midway,0,1,0,0,0,1,No,"2016-03-09 13:16:53",51
68400000000000,5639820,F,2016/04/29,28,"Mount Arlington",0,0,0,0,0,0,No,"2016-04-29 09:39:54",0
42500000000000,5640692,F,2016/04/29,77,Auburn,0,1,0,0,0,0,No,"2016-04-29 11:14:20",0
83100000000000,5618641,F,2016/04/29,74,"Fort Worth",0,1,1,0,0,1,No,"2016-04-26 07:19:36",3
476000000000000,5618637,F,2016/04/29,19,Dahlonega,0,0,0,0,0,1,No,"2016-04-26 07:19:26",3
51800000000000,5639801,M,2016/04/29,8,Dahlonega,0,0,0,0,0,0,No,"2016-04-29 09:36:28",0
65500000000000,5638962,M,2016/04/29,21,Victorville,0,0,0,0,0,0,No,"2016-04-29 08:37:21",0
2510000000000,5638216,F,2016/04/29,34,Alpharetta,0,0,0,0,0,0,No,"2016-04-29 07:49:09",0
75700000000000,5430721,F,2016/04/29,25,Oscoda,1,0,0,0,0,1,No,"2016-03-04 09:24:12",56
44500000000000,5630141,F,2016/04/29,18,Oscoda,0,0,0,0,0,0,Yes,"2016-04-27 14:50:11",2
64600000000000,5639196,F,2016/04/29,56,"Joshua Tree",0,0,0,0,0,0,No,"2016-04-29 08:47:58",0
4880000000000,5638728,F,2016/04/29,5,Plainfield,0,0,0,0,0,0,No,"2016-04-29 08:21:17",0
427000000000,5617267,F,2016/04/29,0,Woodland,0,0,0,0,0,0,Yes,"2016-04-25 15:46:38",4
565000000000000,5638424,F,2016/04/29,40,Boone,0,0,0,0,0,0,No,"2016-04-29 08:01:18",0
427000000000,5617266,F,2016/04/29,0,"Castle Rock",0,0,0,0,0,0,Yes,"2016-04-25 15:46:38",4
3380000000000,5642901,M,2016/04/29,37,"Bowling Green",0,0,0,0,0,0,No,"2016-04-29 18:34:12",0
23600000000000,5642919,F,2016/04/29,10,Bryant,0,0,0,0,0,0,No,"2016-04-29 19:18:34",0
296000000000000,5642892,M,2016/04/29,24,"Fort Worth",0,0,0,0,0,0,No,"2016-04-29 18:19:07",0
517000000000,5641767,F,2016/04/29,66,Eugene,0,1,0,0,0,0,No,"2016-04-29 14:18:02",0
9480000000000,5641624,F,2016/04/29,69,Mercer,0,1,0,0,0,0,No,"2016-04-29 14:02:38",0
7750000000000,5642193,M,2016/04/29,25,"Saint Louis",0,0,0,0,0,0,No,"2016-04-29 15:17:52",0
812000000000000,5641897,F,2016/04/29,19,Victorville,0,0,0,0,0,0,No,"2016-04-29 14:39:20",0
359000000000000,5588306,F,2016/04/29,32,"Cripple Creek",0,0,0,0,0,1,No,"2016-04-15 09:49:34",14
6270000000000,5642169,M,2016/04/29,7,"El Reno",0,0,0,0,0,0,No,"2016-04-29 15:13:47",0
523000000000000,5454983,F,2016/04/29,24,Bryant,0,0,0,0,0,1,No,"2016-03-10 15:51:25",50
815000000000000,5640257,M,2016/04/29,20,Deerfield,0,0,0,0,0,0,No,"2016-04-29 10:24:18",0
1650000000000,5622303,M,2016/04/29,18,Lubbock,0,0,0,0,0,1,No,"2016-04-26 11:51:36",3
1230000000000,5635352,F,2016/04/29,15,Shreveport,1,0,0,0,0,0,Yes,"2016-04-28 13:16:00",1
62900000000000,5621543,M,2016/04/29,52,Victorville,0,1,1,0,0,1,No,"2016-04-26 10:26:59",3
88800000000000,5622850,F,2016/04/29,80,Roanoke,0,1,1,0,0,0,Yes,"2016-04-26 13:07:42",3
815000000000000,5633934,M,2016/04/29,20,"Soddy Daisy",0,0,0,0,0,0,No,"2016-04-28 10:04:20",1
145000000000000,5616424,F,2016/04/29,17,Plainfield,0,0,0,0,0,1,No,"2016-04-25 14:08:55",4
65556286469,5576805,M,2016/04/29,21,Billings,0,0,0,0,0,1,No,"2016-04-13 09:00:01",16
74700000000000,5504963,M,2016/04/29,57,Auburn,0,0,0,1,0,1,No,"2016-03-23 08:40:31",37
33600000000000,5640456,M,2016/04/29,55,Bryant,0,1,0,0,0,0,No,"2016-04-29 10:45:27",0
43800000000000,5640090,M,2016/04/29,15,"Saint Louis",0,0,0,0,0,0,No,"2016-04-29 10:06:28",0
639000000000,5640276,M,2016/04/29,32,Valentine,0,0,0,0,0,0,No,"2016-04-29 10:26:31",0
98100000000000,5639926,F,2016/04/29,36,Alpharetta,0,0,0,0,0,0,No,"2016-04-29 09:49:28",0
453000000000,5639428,F,2016/04/29,44,"Battle Creek",1,1,0,0,0,0,No,"2016-04-29 09:05:00",0
177000000000000,5638860,F,2016/04/29,74,Corbin,0,1,1,0,0,0,No,"2016-04-29 08:29:57",0
24665778627,5631834,F,2016/04/29,46,Mobile,0,1,0,0,0,0,No,"2016-04-28 07:28:13",1
484000000000000,5631800,F,2016/04/29,35,Billings,0,0,0,0,0,0,No,"2016-04-28 07:26:30",1
463000000000000,5631787,M,2016/04/29,42,Bryant,0,0,1,0,0,0,No,"2016-04-28 07:26:05",1
294000000000,5625759,F,2016/04/29,48,Calhoun,1,0,0,0,0,0,No,"2016-04-27 07:33:32",2
177000000000000,5630786,F,2016/04/29,74,"Fort Worth",0,1,1,0,0,0,Yes,"2016-04-27 16:20:14",2
72400000000000,5639599,F,2016/04/29,28,"Max Meadows",0,0,0,0,0,0,No,"2016-04-29 09:17:11",0
589000000000,5630317,M,2016/04/29,19,"Max Meadows",0,0,0,0,1,0,No,"2016-04-27 15:09:00",2
938000000000,5628960,F,2016/04/29,47,Silverton,0,1,0,0,0,0,No,"2016-04-27 12:14:54",2
575000000000000,5626765,F,2016/04/29,48,Shreveport,0,1,1,0,0,0,Yes,"2016-04-27 08:36:42",2
76600000000000,5625843,F,2016/04/29,46,Alpharetta,0,0,0,1,0,0,No,"2016-04-27 07:37:42",2
7530000000000,5577045,F,2016/04/29,44,Coralville,0,0,0,0,0,0,Yes,"2016-04-13 09:24:22",16
2230000000000,5570757,F,2016/04/29,68,Roanoke,0,1,1,0,0,1,Yes,"2016-04-12 08:13:55",17
992000000000000,5572003,F,2016/04/29,49,Roanoke,0,1,0,0,0,0,Yes,"2016-04-12 09:54:16",17
67900000000000,5576988,F,2016/04/29,50,Chattanooga,0,0,0,0,0,1,Yes,"2016-04-13 09:17:54",16
6180000000000,5574524,F,2016/04/29,62,Plainfield,0,0,0,0,0,1,Yes,"2016-04-12 15:10:32",17
177000000000000,5569107,F,2016/04/29,23,Winthrop,0,0,0,0,0,1,Yes,"2016-04-11 16:11:35",18
81900000000000,5567984,F,2016/04/29,29,Winthrop,1,0,0,0,0,0,Yes,"2016-04-11 13:41:42",18
978000000000000,5567974,F,2016/04/29,58,"Castle Rock",1,1,1,0,0,0,Yes,"2016-04-11 13:41:13",18
2620000000000,5625164,F,2016/04/29,53,Lincolnton,0,0,0,0,0,0,No,"2016-04-27 06:59:13",2
191000000000000,5625163,M,2016/04/29,34,"Max Meadows",0,0,0,0,0,0,No,"2016-04-27 06:58:56",2
863000000000000,5625162,F,2016/04/29,52,Macon,0,0,0,0,0,0,No,"2016-04-27 06:58:47",2
42500000000000,5625160,F,2016/04/29,77,Oconomowoc,0,1,0,0,0,0,No,"2016-04-27 06:58:27",2
76600000000000,5625161,F,2016/04/29,73,Albany,1,1,0,0,0,0,No,"2016-04-27 06:58:38",2
36154754384,5625157,F,2016/04/29,61,"Oak Harbor",0,0,0,0,0,0,No,"2016-04-27 06:58:07",2
62200000000000,5625159,F,2016/04/29,55,Appleton,0,0,0,0,0,0,No,"2016-04-27 06:58:17",2
27200000000000,5625166,F,2016/04/29,66,Walden,0,1,0,0,0,0,No,"2016-04-27 06:59:38",2
2900000000000,5625165,F,2016/04/29,52,Mobile,0,0,0,0,0,0,Yes,"2016-04-27 06:59:26",2
16300000000000,5591003,M,2016/04/29,8,Lagrange,0,0,0,0,0,1,No,"2016-04-15 15:35:20",14
6390000000000,5591009,M,2016/04/29,12,Lagrange,0,0,0,0,0,1,No,"2016-04-15 15:36:06",14
366000000000000,5590381,F,2016/04/29,6,"Joshua Tree",0,0,0,0,0,1,No,"2016-04-15 14:07:11",14
769000000000000,5589528,F,2016/04/29,36,Albuquerque,0,0,0,0,0,1,No,"2016-04-15 12:05:28",14
9270000000000,5635157,M,2016/04/29,51,Albuquerque,0,0,0,0,0,0,Yes,"2016-04-28 12:50:41",1
81200000000000,5590385,F,2016/04/29,9,Winthrop,0,0,0,0,0,1,No,"2016-04-15 14:07:58",14
3830000000000,5590751,M,2016/04/29,15,Mercer,0,0,0,0,0,1,No,"2016-04-15 14:54:16",14
54900000000000,5626829,F,2016/04/29,55,"Saint Louis",0,0,0,0,0,0,Yes,"2016-04-27 08:40:44",2
658000000000000,5638546,F,2016/04/29,33,"Saint Louis",0,0,0,0,0,0,No,"2016-04-29 08:08:44",0
414000000000,5560874,F,2016/04/29,36,"Saint Louis",0,0,0,0,0,1,Yes,"2016-04-08 09:43:18",21
77800000000000,5626833,F,2016/04/29,7,Leesburg,0,0,0,0,0,0,No,"2016-04-27 08:41:00",2
57700000000000,5587959,F,2016/04/29,46,Oscoda,0,0,0,0,0,1,No,"2016-04-15 09:21:04",14
13238621341,5589049,M,2016/04/29,10,Vandalia,0,0,0,0,0,1,No,"2016-04-15 10:59:54",14
228000000000000,5590589,M,2016/04/29,7,Roanoke,0,0,0,0,0,1,Yes,"2016-04-15 14:30:13",14
3670000000000,5642166,M,2016/04/29,5,Altoona,0,0,0,0,0,0,No,"2016-04-29 15:13:00",0
86200000000000,5637804,F,2016/04/29,0,Winthrop,0,0,0,0,0,0,No,"2016-04-29 07:24:22",0
3750000000000,5637895,F,2016/04/29,14,Calhoun,0,0,0,0,0,0,No,"2016-04-29 07:30:00",0
15700000000000,5641365,F,2016/04/29,0,Eugene,0,0,0,0,0,0,Yes,"2016-04-29 13:25:14",0
232000000000000,5642126,F,2016/04/29,0,"Saint Louis",0,0,0,0,0,0,Yes,"2016-04-29 15:07:20",0
86400000000000,5641512,F,2016/04/29,3,Hartford,0,0,0,0,0,0,No,"2016-04-29 13:49:16",0
47800000000000,5637577,M,2016/04/29,1,Victorville,0,0,0,0,0,0,No,"2016-04-29 07:09:04",0
637000000000,5637659,M,2016/04/29,4,Lagrange,0,0,0,0,0,0,No,"2016-04-29 07:15:06",0
15700000000000,5641544,F,2016/04/29,0,Batesville,0,0,0,0,0,0,No,"2016-04-29 13:53:39",0
86400000000000,5637663,F,2016/04/29,3,"Fort Collins",0,0,0,0,0,0,Yes,"2016-04-29 07:15:37",0
232000000000000,5642072,F,2016/04/29,0,"El Reno",0,0,0,0,0,0,No,"2016-04-29 15:01:22",0
33300000000000,5637670,M,2016/04/29,0,"Fort Wayne",0,0,0,0,0,0,No,"2016-04-29 07:16:10",0
5290000000000,5637710,F,2016/04/29,12,Georgetown,0,0,0,0,0,0,No,"2016-04-29 07:18:42",0
2230000000000,5637740,F,2016/04/29,15,Alpharetta,0,0,0,0,0,0,No,"2016-04-29 07:20:35",0
31824245816,5637750,M,2016/04/29,0,Roanoke,0,0,0,0,0,0,No,"2016-04-29 07:21:09",0
59500000000000,5483845,F,2016/04/29,25,Mobile,0,0,0,0,0,1,Yes,"2016-03-17 12:35:05",43
58484372618,5478508,F,2016/04/29,8,Madisonville,0,0,0,0,0,1,No,"2016-03-16 15:00:29",44
73100000000000,5478036,M,2016/04/29,19,Bryant,0,0,0,0,0,1,No,"2016-03-16 14:03:32",44
727000000000000,5487777,F,2016/04/29,15,Bryant,0,0,0,0,0,0,No,"2016-03-18 09:11:00",42
67756552131,5479020,F,2016/04/29,25,"Lenoir City",0,0,0,0,0,1,No,"2016-03-16 16:00:05",44
66300000000000,5486552,M,2016/04/29,35,"Saint Louis",0,0,0,0,0,1,No,"2016-03-18 07:37:47",42
442000000000000,5640787,F,2016/04/29,5,Oconomowoc,0,0,0,0,0,0,No,"2016-04-29 11:24:56",0
91200000000000,5482583,F,2016/04/29,18,Winthrop,0,0,0,0,0,1,No,"2016-03-17 10:02:00",43
77800000000000,5556543,M,2016/04/29,3,Georgetown,0,0,0,0,0,1,No,"2016-04-07 12:19:42",22
7280000000000,5483836,M,2016/04/29,50,Columbia,0,0,0,0,0,0,No,"2016-03-17 12:31:35",43
71600000000000,5469965,M,2016/04/29,5,Joplin,0,0,0,0,0,1,No,"2016-03-15 10:03:20",45
928000000000000,5636343,M,2016/04/29,19,Shreveport,0,0,0,0,0,0,No,"2016-04-28 15:06:25",1
368000000000000,5637561,F,2016/04/29,29,Victorville,0,0,0,0,0,0,No,"2016-04-29 07:08:01",0
73253585346,5637554,F,2016/04/29,29,Victorville,1,0,0,0,0,0,No,"2016-04-29 07:07:37",0
583000000000,5467880,F,2016/04/29,26,Victorville,0,0,0,0,0,1,Yes,"2016-03-15 07:46:53",45
39973353671,5521865,M,2016/04/29,9,Lagrange,0,0,0,0,0,1,No,"2016-03-29 13:01:39",31
125000000000000,5624374,F,2016/04/29,41,"Joshua Tree",0,0,0,0,0,1,No,"2016-04-26 15:51:24",3
97829695116,5641926,M,2016/04/29,8,Lincolnton,0,0,0,0,0,0,No,"2016-04-29 14:43:39",0
747000000000,5640919,M,2016/04/29,35,Calhoun,0,0,0,0,0,0,No,"2016-04-29 11:43:31",0
37700000000000,5639601,M,2016/04/29,11,Dublin,0,0,0,0,0,0,No,"2016-04-29 09:17:16",0
43600000000000,5627856,F,2016/04/29,8,Columbia,0,0,0,0,0,0,No,"2016-04-27 10:03:38",2
83600000000000,5638182,F,2016/04/29,56,Oconomowoc,0,1,0,0,0,0,No,"2016-04-29 07:47:31",0
32100000000000,5619655,M,2016/04/29,46,Princeton,0,0,0,0,0,1,No,"2016-04-26 08:12:13",3
87600000000000,5635932,F,2016/04/29,12,Gardena,0,0,0,0,0,0,Yes,"2016-04-28 14:17:27",1
185000000000000,5638817,F,2016/04/29,18,"Fort Collins",0,0,0,0,0,0,Yes,"2016-04-29 08:27:26",0
398000000000000,5606634,F,2016/04/29,27,"Fort Worth",0,0,0,0,0,1,Yes,"2016-04-20 10:31:24",9
5840000000000,5639593,F,2016/04/29,8,"Saint Louis",0,0,0,0,0,0,No,"2016-04-29 09:16:29",0
2230000000000,5613315,F,2016/04/29,62,"Castle Rock",0,0,0,0,0,1,No,"2016-04-25 09:12:41",4
82600000000000,5637569,F,2016/04/29,62,Bloomington,0,1,0,0,0,0,No,"2016-04-29 07:08:40",0
75900000000000,5637534,M,2016/04/29,16,"Twin Mountain",0,0,0,0,0,0,No,"2016-04-29 07:06:22",0
871000000000000,5605719,M,2016/04/29,16,"Fort Worth",0,0,0,0,0,1,No,"2016-04-20 09:22:46",9
39900000000000,5596480,M,2016/04/29,25,Dahlonega,0,0,0,0,0,1,No,"2016-04-18 14:41:58",11
830000000000000,5634104,F,2016/04/29,18,Alpharetta,0,0,0,0,0,0,No,"2016-04-28 10:23:16",1
1250000000000,5641857,M,2016/04/29,7,Alpharetta,0,0,0,0,0,0,No,"2016-04-29 14:32:14",0
19300000000000,5642837,F,2016/04/29,56,Alpharetta,0,0,0,0,0,0,No,"2016-04-29 17:33:35",0
19700000000000,5642590,F,2016/04/29,73,Coralville,0,0,0,0,0,0,No,"2016-04-29 16:25:37",0
787000000000,5642646,F,2016/04/29,44,Mobile,0,0,0,0,0,0,No,"2016-04-29 16:37:00",0
3200000000000,5642424,F,2016/04/29,48,"Castle Rock",0,0,0,0,0,0,No,"2016-04-29 15:52:34",0
888000000000000,5642812,M,2016/04/29,53,"Fort Wayne",0,0,0,0,0,0,No,"2016-04-29 17:24:15",0
979000000000000,5642865,F,2016/04/29,44,"Johnson City",0,0,0,0,0,0,No,"2016-04-29 17:48:32",0
4160000000000,5641355,M,2016/04/29,4,Eugene,0,0,0,0,0,0,No,"2016-04-29 13:23:01",0
18200000000000,5641537,M,2016/04/29,10,"Saint Louis",0,0,0,0,0,0,No,"2016-04-29 13:52:46",0
7000000000000,5641534,F,2016/04/29,7,Appleton,0,0,0,0,0,0,No,"2016-04-29 13:52:07",0
77543553483,5641813,F,2016/04/29,43,Roanoke,0,0,0,0,0,0,No,"2016-04-29 14:25:26",0
72800000000000,5641816,F,2016/04/29,66,Saginaw,0,0,0,0,0,0,No,"2016-04-29 14:25:39",0
15500000000000,5638515,F,2016/04/29,0,Lagrange,0,0,0,0,0,0,No,"2016-04-29 08:06:44",0
628000000000,5640638,M,2016/04/29,55,Hampton,0,0,0,0,0,0,No,"2016-04-29 11:06:44",0
25700000000000,5640728,F,2016/04/29,45,Winthrop,0,0,0,0,0,0,No,"2016-04-29 11:18:06",0
815000000000000,5640832,M,2016/04/29,73,Bryant,0,0,0,0,0,0,No,"2016-04-29 11:29:49",0
19900000000000,5640862,F,2016/04/29,26,Bryant,0,0,0,0,0,0,No,"2016-04-29 11:34:47",0
82915128241,5640633,F,2016/04/29,3,Douglasville,0,0,0,0,0,0,No,"2016-04-29 11:05:55",0
895000000000000,5641235,F,2016/04/29,46,Mercer,1,0,0,0,0,0,No,"2016-04-29 13:01:29",0
563000000000000,5641239,F,2016/04/29,55,Oconomowoc,0,0,0,0,0,0,No,"2016-04-29 13:03:04",0
559000000000000,5642211,M,2016/04/29,56,Calhoun,0,0,0,0,0,0,No,"2016-04-29 15:20:47",0
39800000000000,5638255,M,2016/04/29,53,Dublin,0,0,0,1,0,0,No,"2016-04-29 07:51:14",0
24400000000000,5641143,F,2016/04/29,38,Columbus,0,1,0,0,1,0,No,"2016-04-29 12:35:33",0
198000000000000,5641898,F,2016/04/29,55,"Saint Louis",0,0,0,0,0,0,No,"2016-04-29 14:39:47",0
15500000000000,5641540,M,2016/04/29,64,Hartford,0,1,1,0,0,0,No,"2016-04-29 13:52:54",0
1840000000000,5641269,M,2016/04/29,22,Alpharetta,0,0,0,0,0,0,No,"2016-04-29 13:08:10",0
925000000000,5638696,F,2016/04/29,4,Coralville,0,0,0,0,0,0,No,"2016-04-29 08:19:16",0
575000000000000,5638520,M,2016/04/29,30,Batesville,0,0,0,0,0,0,No,"2016-04-29 08:06:55",0
173000000000,5638480,M,2016/04/29,2,"Battle Creek",0,0,0,0,0,0,No,"2016-04-29 08:04:51",0
8430000000000,5625109,F,2016/04/29,66,Lagrange,0,0,0,0,0,0,No,"2016-04-27 06:49:58",2
216000000000,5625106,M,2016/04/29,49,Lagrange,0,0,0,0,0,0,No,"2016-04-27 06:49:43",2
88500000000000,5625108,F,2016/04/29,49,Gardena,0,0,0,0,0,0,No,"2016-04-27 06:49:50",2
548000000000000,5625105,F,2016/04/29,60,Calhoun,0,1,1,0,0,0,No,"2016-04-27 06:49:34",2
75400000000000,5625104,F,2016/04/29,56,Mobile,0,0,0,0,0,0,No,"2016-04-27 06:49:26",2
742000000000000,5625102,F,2016/04/29,60,Woodland,0,1,0,0,0,0,No,"2016-04-27 06:49:07",2
11800000000000,5625103,F,2016/04/29,54,Irmo,0,1,1,0,0,0,No,"2016-04-27 06:49:17",2
9650000000000,5625114,F,2016/04/29,78,Eugene,0,0,0,0,0,0,No,"2016-04-27 06:51:25",2
6830000000000,5625110,F,2016/04/29,60,Lubbock,0,1,1,0,0,0,Yes,"2016-04-27 06:50:20",2
64400000000000,5625138,F,2016/04/29,49,"Saint Louis",0,1,0,0,0,0,No,"2016-04-27 06:55:30",2
342000000000000,5625139,F,2016/04/29,63,Oconomowoc,0,1,0,0,0,0,No,"2016-04-27 06:55:37",2
32351482915,5625136,F,2016/04/29,64,Altoona,0,0,0,0,0,0,No,"2016-04-27 06:55:18",2
78900000000000,5625134,F,2016/04/29,59,Lagrange,0,0,0,0,0,0,No,"2016-04-27 06:54:40",2
28300000000000,5625132,F,2016/04/29,46,Alpharetta,0,1,0,0,0,0,Yes,"2016-04-27 06:54:30",2
465000000000000,5625128,F,2016/04/29,78,Coralville,0,1,0,0,0,0,No,"2016-04-27 06:54:11",2
927000000000,5625130,F,2016/04/29,52,Charlotte,0,1,0,0,0,0,Yes,"2016-04-27 06:54:21",2
83287147316,5625142,F,2016/04/29,50,Lagrange,0,0,0,0,0,0,No,"2016-04-27 06:55:55",2
656000000000,5625141,F,2016/04/29,41,Winthrop,0,0,0,0,0,0,Yes,"2016-04-27 06:55:47",2
95500000000000,5628652,F,2016/04/29,72,Winthrop,0,0,0,0,0,0,No,"2016-04-27 11:22:20",2
256000000000,5628649,M,2016/04/29,47,Bryant,0,0,0,0,0,0,Yes,"2016-04-27 11:22:06",2
1130000000000,5628643,M,2016/04/29,57,Macon,0,0,0,0,0,0,No,"2016-04-27 11:21:31",2
62379291326,5628648,F,2016/04/29,30,Newport,0,0,0,0,0,0,No,"2016-04-27 11:21:54",2
21500000000000,5628645,F,2016/04/29,22,Raleigh,1,0,0,0,0,0,Yes,"2016-04-27 11:21:43",2
26400000000000,5628637,F,2016/04/29,59,"Saint Louis",0,1,0,0,0,0,No,"2016-04-27 11:21:19",2
56600000000000,5628632,M,2016/04/29,53,"Saint Louis",0,0,0,0,0,0,Yes,"2016-04-27 11:21:07",2
949000000000,5628660,F,2016/04/29,52,Oconomowoc,0,0,0,0,0,0,No,"2016-04-27 11:23:05",2
57300000000000,5628657,F,2016/04/29,57,Oconomowoc,0,0,0,0,0,0,No,"2016-04-27 11:22:53",2
39600000000000,5612413,M,2016/04/29,31,Oconomowoc,0,0,0,0,0,1,No,"2016-04-25 08:15:33",4
58592639111,5640228,F,2016/04/29,5,Olathe,0,0,0,0,0,0,No,"2016-04-29 10:19:07",0
463000000000,5614815,F,2016/04/29,3,Appleton,0,0,0,0,0,1,No,"2016-04-25 11:02:40",4
485000000000000,5639847,F,2016/04/29,3,Charlotte,0,0,0,0,0,0,No,"2016-04-29 09:41:42",0
68875168461,5598475,F,2016/04/29,3,Plainfield,0,0,0,0,0,1,No,"2016-04-19 07:36:43",10
7260000000000,5595270,M,2016/04/29,0,Gretna,0,0,0,0,0,1,No,"2016-04-18 12:25:09",11
16300000000000,5639303,M,2016/04/29,2,Eugene,0,0,0,0,0,0,No,"2016-04-29 08:56:22",0
37900000000000,5639843,M,2016/04/29,0,"Little River",0,0,0,0,0,0,No,"2016-04-29 09:41:26",0
4490000000000,5593516,F,2016/04/29,0,Dahlonega,0,0,0,0,0,1,Yes,"2016-04-18 09:25:30",11
784000000000000,5639239,M,2016/04/29,7,"Saint Louis",0,0,0,0,0,0,No,"2016-04-29 08:50:26",0
54000000000000,5638811,M,2016/04/29,9,"Saint Louis",0,0,0,0,0,0,No,"2016-04-29 08:27:12",0
542000000000,5638652,F,2016/04/29,5,Oconomowoc,0,0,0,0,0,0,No,"2016-04-29 08:16:16",0
47400000000000,5638339,M,2016/04/29,3,Lexington,0,0,0,0,0,0,No,"2016-04-29 07:55:29",0
3620000000000,5613635,F,2016/04/29,77,Altoona,0,1,0,0,0,1,No,"2016-04-25 09:31:00",4
15000000000000,5615462,F,2016/04/29,46,Lagrange,0,1,0,0,0,1,No,"2016-04-25 12:28:53",4
233000000000,5640752,M,2016/04/29,33,Midway,0,0,0,0,0,0,Yes,"2016-04-29 11:21:42",0
31200000000000,5516224,F,2016/04/29,37,Roanoke,0,0,0,0,0,1,No,"2016-03-28 14:15:31",32
99200000000000,5623603,F,2016/04/29,13,Mobile,1,0,0,0,0,0,Yes,"2016-04-26 14:18:04",3
7190000000000,5520322,F,2016/04/29,25,Gardena,0,0,0,0,0,1,No,"2016-03-29 09:50:37",31
478000000000000,5611875,F,2016/04/29,19,Albany,0,0,0,0,0,0,No,"2016-04-25 07:41:55",4
2190000000000,5611848,M,2016/04/29,4,Lexington,1,0,0,0,0,1,No,"2016-04-25 07:39:55",4
94797911842,5605136,F,2016/04/29,11,Gardena,1,0,0,0,0,1,No,"2016-04-20 08:39:35",9
181000000000,5518216,F,2016/04/29,21,"Castle Rock",0,0,0,0,0,1,Yes,"2016-03-29 07:24:29",31
87700000000000,5638880,M,2016/04/29,14,"Saint Louis",1,0,0,0,0,0,No,"2016-04-29 08:32:44",0
26600000000000,5518897,F,2016/04/29,33,"Saint Louis",0,0,0,0,0,1,No,"2016-03-29 08:12:47",31
54300000000000,5600748,M,2016/04/29,43,Coralville,0,0,0,0,0,1,No,"2016-04-19 11:08:53",10
989000000000000,5634830,M,2016/04/29,31,Mobile,0,0,0,0,0,0,No,"2016-04-28 11:48:44",1
974000000000,5638090,F,2016/04/29,42,Lagrange,1,0,0,0,0,0,No,"2016-04-29 07:42:37",0
4620000000000,5639763,M,2016/04/29,50,"Castle Rock",0,0,1,0,0,0,No,"2016-04-29 09:32:52",0
37500000000000,5639645,F,2016/04/29,68,Calhoun,0,1,0,0,0,0,No,"2016-04-29 09:21:16",0
387000000000,5640275,F,2016/04/29,65,"Fort Worth",0,1,0,1,0,0,No,"2016-04-29 10:26:31",0
53196727171,5640269,F,2016/04/29,76,Macon,0,1,0,0,0,0,No,"2016-04-29 10:25:35",0
68700000000000,5638622,F,2016/04/29,40,"Saint Louis",0,0,0,0,0,0,No,"2016-04-29 08:13:42",0
331000000000,5638618,F,2016/04/29,68,Leesburg,0,0,0,0,0,0,No,"2016-04-29 08:13:28",0
916000000000,5638196,F,2016/04/29,45,Albany,0,0,0,0,0,0,No,"2016-04-29 07:48:03",0
948000000000000,5638459,F,2016/04/29,58,Altoona,0,1,0,0,1,0,No,"2016-04-29 08:03:09",0
155000000000,5638155,M,2016/04/29,50,Albuquerque,0,0,0,0,0,0,No,"2016-04-29 07:45:52",0
837000000000000,5637977,M,2016/04/29,14,Orlando,0,0,0,0,0,0,No,"2016-04-29 07:35:24",0
968000000000000,5637862,M,2016/04/29,54,Calhoun,0,0,0,0,0,0,No,"2016-04-29 07:27:25",0
19900000000000,5641014,F,2016/04/29,26,"Saint Louis",0,0,0,0,0,0,No,"2016-04-29 12:01:37",0
260000000000,5624843,F,2016/04/29,18,Oconomowoc,0,0,0,0,0,0,No,"2016-04-26 17:23:37",3
249000000000000,5623387,F,2016/04/29,41,Roanoke,0,0,0,0,0,1,No,"2016-04-26 13:59:25",3
26600000000000,5534654,F,2016/04/29,68,Harrison,0,0,0,0,0,1,Yes,"2016-03-31 17:09:36",29
4000000000000,5546630,F,2016/04/29,41,Alpharetta,0,0,0,0,0,1,No,"2016-04-05 16:48:24",24
14569146776,5534604,F,2016/04/29,73,Roanoke,0,0,0,0,0,1,No,"2016-03-31 16:56:41",29
2210000000000,5546620,F,2016/04/29,72,Mobile,0,0,0,0,0,1,No,"2016-04-05 16:45:39",24
939000000000000,5557963,F,2016/04/29,51,Gardena,0,0,0,0,0,1,No,"2016-04-07 15:40:49",22
788000000000000,5555004,F,2016/04/29,76,Winthrop,0,0,0,0,0,1,No,"2016-04-07 09:21:56",22
8120000000000,5523942,F,2016/04/29,27,Auburn,0,0,0,0,0,1,Yes,"2016-03-30 07:16:33",30
8110000000000,5616056,F,2016/04/29,22,Columbia,0,0,0,0,0,1,Yes,"2016-04-25 13:26:02",4
71500000000000,5621278,M,2016/04/29,24,Newport,0,0,0,0,0,1,No,"2016-04-26 10:05:33",3
17000000000000,5623695,M,2016/04/29,36,Valentine,0,0,0,0,0,1,No,"2016-04-26 14:28:45",3
6140000000000,5640840,F,2016/04/29,47,Oconomowoc,0,0,0,0,0,0,Yes,"2016-04-29 11:30:39",0
195000000000000,5633170,M,2016/04/29,26,Victorville,0,0,0,0,0,0,Yes,"2016-04-28 08:56:21",1
7530000000000,5623278,F,2016/04/29,43,Gorham,0,0,0,0,0,0,No,"2016-04-26 13:48:01",3
7530000000000,5623277,F,2016/04/29,43,Oscoda,0,0,0,0,0,1,No,"2016-04-26 13:48:01",3
6710000000000,5618779,F,2016/04/29,6,Billings,1,0,0,0,0,1,No,"2016-04-26 07:26:31",3
9534237248,5629353,M,2016/04/29,44,Calhoun,0,1,0,0,0,0,No,"2016-04-27 13:24:01",2
570000000000000,5617077,F,2016/04/29,25,"Max Meadows",0,0,0,0,0,1,No,"2016-04-25 15:21:26",4
173000000000,5586620,F,2016/04/29,6,Macon,1,0,0,0,0,1,No,"2016-04-15 07:47:46",14
51800000000000,5621219,F,2016/04/29,37,"Joshua Tree",1,0,0,0,0,0,No,"2016-04-26 09:59:54",3
892000000000000,5637332,F,2016/04/29,18,Albuquerque,0,0,0,0,0,0,No,"2016-04-28 18:38:01",1
21700000000000,5634488,F,2016/04/29,33,Albuquerque,1,0,0,0,0,0,No,"2016-04-28 11:02:43",1
8360000000000,5634951,F,2016/04/29,57,Bradenton,0,1,0,0,0,0,No,"2016-04-28 12:17:35",1
96400000000000,5566441,F,2016/04/29,42,Raleigh,0,0,0,0,0,1,No,"2016-04-11 10:26:56",18
4860000000000,5562154,M,2016/04/29,69,Enterprise,0,0,0,0,0,0,No,"2016-04-08 12:39:59",21
428000000000000,5562156,F,2016/04/29,69,Alpharetta,0,0,0,0,0,0,No,"2016-04-08 12:40:53",21
17900000000000,5561572,F,2016/04/29,20,Roanoke,0,0,0,0,0,0,No,"2016-04-08 10:51:30",21
687000000000,5562890,F,2016/04/29,50,"Cripple Creek",0,0,0,0,0,1,No,"2016-04-08 14:39:55",21
816000000000,5557877,F,2016/04/29,43,Winthrop,0,0,0,0,0,1,No,"2016-04-07 15:27:28",22
724000000000,5637515,F,2016/04/29,26,Kuttawa,1,0,0,0,0,0,No,"2016-04-29 07:03:53",0
362000000000000,5560511,F,2016/04/29,14,Lubbock,0,0,0,0,0,1,No,"2016-04-08 09:05:33",21
236000000000000,5557068,F,2016/04/29,17,Leesburg,0,0,0,0,0,1,Yes,"2016-04-07 13:44:46",22
2980000000000,5552831,F,2016/04/29,43,Oscoda,0,0,0,0,0,1,Yes,"2016-04-06 17:26:06",23
34900000000000,5557870,M,2016/04/29,18,Princeton,0,0,0,0,0,1,Yes,"2016-04-07 15:26:13",22
4860000000000,5640926,M,2016/04/29,25,Woodland,0,0,0,0,0,0,No,"2016-04-29 11:44:17",0
856000000000000,5628391,F,2016/04/29,38,"Castle Rock",0,0,0,0,0,0,No,"2016-04-27 10:57:21",2
1760000000000,5636801,F,2016/04/29,64,"Saint Louis",0,0,1,0,0,0,No,"2016-04-28 16:08:23",1
131000000000,5598004,F,2016/04/29,47,Leesburg,0,0,0,0,0,1,Yes,"2016-04-19 07:08:40",10
325000000000000,5625053,F,2016/04/29,47,Roanoke,0,0,0,0,0,0,Yes,"2016-04-26 18:58:43",3
16800000000000,5563850,F,2016/04/29,32,Mobile,0,0,0,0,0,1,No,"2016-04-09 11:50:01",20
2880000000000,5639098,F,2016/04/29,25,Mobile,1,0,0,0,0,0,No,"2016-04-29 08:43:10",0
64700000000000,5586181,F,2016/04/29,48,Eugene,0,0,0,0,0,1,Yes,"2016-04-15 07:23:38",14
754000000000000,5640408,M,2016/04/29,63,Eugene,0,0,0,0,0,0,No,"2016-04-29 10:40:39",0
795000000000000,5638706,F,2016/04/29,22,Columbus,1,0,0,0,0,0,No,"2016-04-29 08:19:38",0
14700000000000,5637106,F,2016/04/29,36,"Saint Louis",0,0,0,0,0,0,No,"2016-04-28 17:16:13",1
42900000000000,5584399,F,2016/04/29,39,"Saint Louis",0,0,0,0,0,1,Yes,"2016-04-14 13:51:00",15
2620000000000,5588225,F,2016/04/29,53,Roanoke,0,0,0,0,0,1,No,"2016-04-15 09:44:02",14
9950000000000,5587732,F,2016/04/29,41,Roanoke,0,0,0,0,0,1,No,"2016-04-15 09:02:09",14
74115928841,5572303,F,2016/04/29,62,Gardena,1,0,0,0,0,1,No,"2016-04-12 10:19:06",17
73400000000000,5572298,M,2016/04/29,62,Plainfield,0,0,0,0,0,1,Yes,"2016-04-12 10:18:51",17
2430000000000,5576137,F,2016/04/29,19,Plainfield,0,0,0,0,0,1,No,"2016-04-13 08:02:36",16
72900000000000,5633129,F,2016/04/29,22,Winthrop,0,0,0,0,0,0,No,"2016-04-28 08:52:41",1
914000000000000,5534295,F,2016/04/29,45,Bryant,1,0,0,0,1,1,No,"2016-03-31 15:41:31",29
930000000000000,5638220,F,2016/04/29,39,Georgetown,1,0,0,0,0,0,No,"2016-04-29 07:49:35",0
46800000000000,5638912,F,2016/04/29,49,"Saint Louis",0,0,0,0,0,0,No,"2016-04-29 08:34:47",0
8960000000000,5563532,F,2016/04/29,38,Lincolnton,1,0,0,0,0,1,No,"2016-04-08 16:40:41",21
418000000000,5603041,F,2016/04/29,29,Victorville,0,0,0,0,0,1,No,"2016-04-19 16:31:16",10
5140000000000,5636359,M,2016/04/29,19,Lexington,0,0,0,0,0,0,No,"2016-04-28 15:10:24",1
29800000000000,5502726,F,2016/04/29,48,Lexington,0,0,0,0,0,1,No,"2016-03-22 15:32:42",38
91500000000000,5528015,M,2016/04/29,61,Hampton,0,1,0,0,0,1,No,"2016-03-30 14:36:15",30
2530000000000,5501384,M,2016/04/29,17,"Johnson City",0,0,0,0,0,0,Yes,"2016-03-22 12:41:28",38
179000000000000,5501031,F,2016/04/29,30,Eugene,0,0,0,1,0,0,No,"2016-03-22 11:27:02",38
536000000000000,5641811,F,2016/04/29,10,Raleigh,0,0,0,0,0,0,No,"2016-04-29 14:25:13",0
968000000000000,5499133,M,2016/04/29,37,Victorville,0,0,0,0,0,0,Yes,"2016-03-22 08:20:22",38
29700000000000,5499460,F,2016/04/29,28,Roanoke,0,0,0,0,0,0,No,"2016-03-22 08:45:23",38
488000000000,5499115,F,2016/04/29,44,Saginaw,0,0,0,0,0,1,No,"2016-03-22 08:19:04",38
98200000000000,5529002,F,2016/04/29,43,Calhoun,0,0,0,0,0,1,Yes,"2016-03-30 17:42:03",30
463000000000,5640781,F,2016/04/29,19,"Fort Worth",0,0,0,0,0,0,No,"2016-04-29 11:24:25",0
2370000000000,5620484,F,2016/04/29,23,Eugene,0,0,0,0,0,1,No,"2016-04-26 09:05:37",3
52500000000000,5621941,F,2016/04/29,68,Chattanooga,0,1,1,0,0,1,No,"2016-04-26 11:05:57",3
252000000000000,5640202,M,2016/04/29,58,Plainfield,0,0,0,0,0,0,No,"2016-04-29 10:14:51",0
74100000000000,5602908,F,2016/04/29,22,Jasper,0,0,0,0,0,1,Yes,"2016-04-19 16:01:18",10
619000000000000,5638083,F,2016/04/29,51,Auburn,0,0,0,0,0,0,No,"2016-04-29 07:42:19",0
333000000000000,5639712,F,2016/04/29,23,Bryant,0,0,0,0,0,0,No,"2016-04-29 09:26:39",0
2440000000000,5494750,F,2016/04/29,20,Calhoun,0,0,0,0,0,0,Yes,"2016-03-21 10:38:06",39
46800000000000,5637630,F,2016/04/29,49,Columbia,0,0,0,0,0,0,No,"2016-04-29 07:12:40",0
560000000000000,5638930,F,2016/04/29,62,Deerfield,0,1,0,0,0,0,No,"2016-04-29 08:35:44",0
977000000000,5494451,F,2016/04/29,42,Enterprise,0,0,0,0,0,1,No,"2016-03-21 10:05:31",39
520000000000000,5637521,F,2016/04/29,50,Oconomowoc,0,0,1,0,0,0,No,"2016-04-29 07:04:48",0
94000000000000,5624727,F,2016/04/29,11,"Charles Town",0,0,0,0,0,0,No,"2016-04-26 16:49:06",3
984000000000000,5624997,F,2016/04/29,36,Coralville,0,1,0,0,0,0,Yes,"2016-04-26 18:11:38",3
39600000000000,5624995,F,2016/04/29,38,"Fort Worth",0,0,0,0,0,0,No,"2016-04-26 18:10:23",3
630000000000000,5624996,M,2016/04/29,31,Eugene,1,0,0,1,0,0,Yes,"2016-04-26 18:11:02",3
4500000000000,5639610,F,2016/04/29,56,"Saint Louis",0,0,0,0,0,0,No,"2016-04-29 09:18:19",0
78200000000000,5637886,M,2016/04/29,28,Roanoke,0,0,0,0,0,0,No,"2016-04-29 07:29:33",0
219000000000000,5642162,F,2016/04/29,32,Chattanooga,1,0,0,0,0,0,No,"2016-04-29 15:12:01",0
52200000000000,5637966,M,2016/04/29,49,Chattanooga,0,0,0,0,0,0,No,"2016-04-29 07:34:34",0
785000000000000,5639188,M,2016/04/29,62,Irmo,0,1,0,0,0,0,No,"2016-04-29 08:47:34",0
184000000000000,5639608,M,2016/04/29,41,Batesville,0,0,0,0,0,0,No,"2016-04-29 09:18:05",0
8660000000000,5525202,F,2016/04/29,5,Auburn,1,0,0,0,0,1,No,"2016-03-30 08:47:09",30
49800000000000,5640214,F,2016/04/29,7,Georgetown,0,0,0,0,0,0,No,"2016-04-29 10:15:56",0
423000000000,5525199,M,2016/04/29,12,"Fort Worth",1,0,0,0,0,1,Yes,"2016-03-30 08:46:53",30
366000000000,5530902,M,2016/04/29,0,Columbia,0,0,0,0,0,1,No,"2016-03-31 08:51:05",29
934000000000,5519243,F,2016/04/29,0,"Saint Louis",0,0,0,0,0,1,No,"2016-03-29 08:35:43",31
145000000000000,5638209,M,2016/04/29,0,Lexington,0,0,0,0,0,0,No,"2016-04-29 07:48:47",0
360000000000,5616519,M,2016/04/29,0,Lexington,0,0,0,0,0,1,No,"2016-04-25 14:21:26",4
44200000000000,5589893,M,2016/04/29,17,Mobile,0,0,0,0,2,1,No,"2016-04-15 13:06:05",14
755000000000000,5589890,M,2016/04/29,0,Griffin,0,0,0,0,0,1,Yes,"2016-04-15 13:05:47",14
95400000000000,5518496,M,2016/04/29,0,Calhoun,0,0,0,0,0,1,No,"2016-03-29 07:44:11",31
87200000000000,5518758,M,2016/04/29,0,Lexington,1,0,0,0,0,1,No,"2016-03-29 08:03:28",31
23000000000000,5519510,F,2016/04/29,0,"Cripple Creek",0,0,0,0,0,1,No,"2016-03-29 08:50:26",31
41500000000000,5559365,M,2016/04/29,0,Mobile,0,0,0,0,0,1,No,"2016-04-08 07:40:34",21
4980000000000,5640591,M,2016/04/29,2,Albuquerque,0,0,0,0,0,0,No,"2016-04-29 11:01:39",0
15700000000000,5640794,F,2016/04/29,77,Columbus,0,1,1,0,0,0,No,"2016-04-29 11:25:54",0
18500000000000,5639229,F,2016/04/29,3,"Saint Louis",0,0,0,0,0,0,No,"2016-04-29 08:49:26",0
63100000000000,5639903,F,2016/04/29,19,Shakopee,0,0,0,0,0,0,No,"2016-04-29 09:47:42",0
73400000000000,5638413,M,2016/04/29,9,Victorville,0,0,0,0,0,0,No,"2016-04-29 08:00:55",0
13300000000000,5565166,F,2016/04/29,25,"Rocky Mount",0,0,0,0,0,0,Yes,"2016-04-11 08:33:04",18
362000000000,5638363,M,2016/04/29,16,Charlotte,0,0,0,0,0,0,No,"2016-04-29 07:57:44",0
428000000000000,5633526,M,2016/04/29,8,Gardena,0,0,0,0,0,0,No,"2016-04-28 09:33:25",1
1547488338,5638605,F,2016/04/29,44,Columbia,1,0,0,0,0,0,No,"2016-04-29 08:12:30",0
48800000000000,5633522,M,2016/04/29,1,Oconomowoc,0,0,0,0,0,0,Yes,"2016-04-28 09:33:08",1
63200000000000,5529885,F,2016/04/29,50,Victorville,0,0,0,0,0,0,No,"2016-03-31 07:42:22",29
63200000000000,5529884,F,2016/04/29,50,Victorville,0,0,0,0,0,1,No,"2016-03-31 07:42:22",29
5350000000000,5544393,F,2016/04/29,59,Mullins,0,0,0,0,0,1,No,"2016-04-05 11:24:19",24
48800000000000,5639310,M,2016/04/29,1,Coralville,0,0,0,0,0,0,No,"2016-04-29 08:56:37",0
516000000000000,5528073,F,2016/04/29,4,Charlotte,0,0,0,0,0,0,No,"2016-03-30 14:42:07",30
43600000000000,5528076,F,2016/04/29,3,"Bowling Green",0,0,0,0,0,0,No,"2016-03-30 14:42:36",30
732000000000000,5534886,F,2016/04/29,66,Calhoun,0,1,0,0,0,1,No,"2016-03-31 19:02:59",29
84100000000000,5489937,F,2016/04/29,24,Gooding,0,0,0,0,0,0,Yes,"2016-03-18 13:48:34",42
6160000000000,5533666,M,2016/04/29,20,"Bay City",0,0,0,0,0,1,No,"2016-03-31 14:16:06",29
756000000000000,5632107,F,2016/04/29,57,Mercer,0,0,0,0,0,0,Yes,"2016-04-28 07:41:14",1
1410000000000,5576359,F,2016/04/29,19,"Saint Louis",1,0,0,0,0,0,No,"2016-04-13 08:23:08",16
87200000000000,5626988,F,2016/04/29,59,Garberville,0,1,0,0,0,0,No,"2016-04-27 08:54:16",2
416000000000000,5576397,F,2016/04/29,18,Victorville,0,0,0,0,0,1,Yes,"2016-04-13 08:26:03",16
33500000000000,5640600,M,2016/04/29,1,Roanoke,0,0,0,0,0,0,No,"2016-04-29 11:02:08",0
48300000000000,5576409,M,2016/04/29,59,Roanoke,0,0,0,0,0,1,No,"2016-04-13 08:27:09",16
7545571887,5638465,M,2016/04/29,35,Mobile,0,0,0,0,0,0,Yes,"2016-04-29 08:03:42",0
175000000000,5577103,M,2016/04/29,26,"Saint Louis",0,0,0,0,0,0,Yes,"2016-04-13 09:30:12",16
342000000000,5576302,F,2016/04/29,36,"Saint Louis",0,0,0,0,0,0,Yes,"2016-04-13 08:17:37",16
121000000000000,5561336,M,2016/04/29,0,"Saint Louis",0,0,0,0,0,1,Yes,"2016-04-08 10:28:08",21
15200000000000,5561338,M,2016/04/29,0,"Saint Louis",0,0,0,0,0,1,No,"2016-04-08 10:28:21",21
599000000000,5561342,F,2016/04/29,0,Leesburg,0,0,0,0,0,0,No,"2016-04-08 10:28:40",21
3750000000000,5561350,M,2016/04/29,1,Oconomowoc,0,0,0,0,0,0,No,"2016-04-08 10:28:56",21
552000000000000,5576282,M,2016/04/29,2,Mullins,0,0,0,0,0,1,No,"2016-04-13 08:15:23",16
397000000000000,5576223,F,2016/04/29,45,"Oak Harbor",0,0,0,0,0,1,Yes,"2016-04-13 08:10:13",16
83300000000000,5535632,M,2016/04/29,55,Princeton,0,0,0,1,0,1,No,"2016-04-01 07:40:45",28
88976772212,5640071,M,2016/04/29,16,Vandalia,0,0,0,0,0,0,Yes,"2016-04-29 10:04:34",0
397000000000000,5642659,F,2016/04/29,45,Roanoke,0,0,0,0,0,0,No,"2016-04-29 16:41:26",0
29000000000000,5576487,M,2016/04/29,0,Roanoke,0,0,0,0,0,1,No,"2016-04-13 08:33:08",16
693000000000000,5632102,F,2016/04/29,78,Charlotte,0,0,0,0,0,0,No,"2016-04-28 07:41:01",1
42400000000000,5632100,M,2016/04/29,47,Albuquerque,0,0,1,0,0,0,Yes,"2016-04-28 07:40:49",1
336000000000,5639619,M,2016/04/29,38,Plainfield,0,0,0,0,0,0,No,"2016-04-29 09:18:48",0
6570000000000,5640159,F,2016/04/29,40,"Fort Collins",1,0,0,0,0,0,No,"2016-04-29 10:12:13",0
8830000000000,5593230,M,2016/04/29,68,Lincolnton,0,1,0,1,0,1,No,"2016-04-18 09:01:37",11
4120000000000,5576323,M,2016/04/29,34,"Twin Mountain",0,0,0,0,0,1,No,"2016-04-13 08:19:52",16
9160000000000,5576526,M,2016/04/29,43,"Fort Worth",0,0,0,0,0,1,No,"2016-04-13 08:35:59",16
8800000000000,5580959,M,2016/04/29,38,"Fort Worth",0,0,0,0,0,1,Yes,"2016-04-14 07:30:18",15
624000000000000,5639309,M,2016/04/29,17,"Saint Louis",1,0,0,0,0,0,No,"2016-04-29 08:56:35",0
78900000000000,5638301,F,2016/04/29,27,"Saint Louis",0,0,0,0,0,0,No,"2016-04-29 07:53:29",0
822000000000,5638330,F,2016/04/29,61,"Saint Louis",1,0,0,0,0,0,No,"2016-04-29 07:54:58",0
7390000000000,5639150,F,2016/04/29,46,Garberville,0,0,0,0,0,0,No,"2016-04-29 08:45:53",0
889000000000000,5638426,F,2016/04/29,6,Pittsburgh,1,0,0,0,0,0,No,"2016-04-29 08:01:20",0
371000000000000,5626501,F,2016/04/29,48,Vandalia,1,0,0,0,0,0,No,"2016-04-27 08:17:55",2
335000000000000,5639090,F,2016/04/29,51,Columbus,0,1,0,0,0,0,No,"2016-04-29 08:42:58",0
68281618582,5636070,F,2016/04/29,78,"Rocky Mount",0,1,0,0,0,0,No,"2016-04-28 14:27:54",1
9830000000000,5568282,M,2016/04/29,57,Charlotte,0,1,0,0,0,1,No,"2016-04-11 14:13:40",18
8160000000000,5636064,F,2016/04/29,81,Gardena,0,1,1,0,0,0,No,"2016-04-28 14:27:38",1
3660000000000,5542096,M,2016/04/29,45,Albuquerque,0,1,1,0,0,1,No,"2016-04-05 08:38:04",24
43600000000000,5542119,F,2016/04/29,65,Hampton,0,1,1,0,0,1,No,"2016-04-05 08:39:23",24
6810000000000,5574829,F,2016/04/29,45,Lincolnton,0,1,0,0,0,1,No,"2016-04-12 15:56:34",17
4240000000000,5542112,M,2016/04/29,37,Harrison,0,1,1,1,0,1,No,"2016-04-05 08:39:04",24
169000000000,5632916,F,2016/04/29,58,Enterprise,1,1,0,0,0,0,No,"2016-04-28 08:35:12",1
2518486831,5636368,F,2016/04/29,74,Pittsburgh,0,1,1,0,0,0,No,"2016-04-28 15:11:07",1
322000000000,5530209,F,2016/04/29,38,Leesburg,0,1,0,0,0,1,No,"2016-03-31 08:01:01",29
434000000000000,5574773,F,2016/04/29,64,Vandalia,1,1,0,0,0,1,No,"2016-04-12 15:49:12",17
62400000000000,5636874,M,2016/04/29,73,Roanoke,0,1,0,1,1,0,No,"2016-04-28 16:24:03",1
842000000000000,5636067,F,2016/04/29,83,Bryant,0,1,1,0,0,0,No,"2016-04-28 14:27:45",1
26600000000000,5640983,F,2016/04/29,7,Bryant,0,0,0,0,0,0,No,"2016-04-29 11:55:19",0
4340000000000,5516720,M,2016/04/29,2,"Twin Mountain",0,0,0,0,0,1,Yes,"2016-03-28 15:00:39",32
47132785262,5636076,M,2016/04/29,69,"Fort Worth",0,1,0,0,0,0,No,"2016-04-28 14:28:07",1
4530000000000,5636369,F,2016/04/29,81,Sarasota,0,1,0,0,0,0,No,"2016-04-28 15:11:17",1
76800000000000,5574777,M,2016/04/29,34,Gorham,0,0,0,0,0,1,Yes,"2016-04-12 15:49:30",17
23500000000000,5542091,F,2016/04/29,52,Princeton,0,1,0,0,0,1,No,"2016-04-05 08:37:50",24
72300000000000,5632911,M,2016/04/29,75,"Delray Beach",0,1,1,0,0,0,No,"2016-04-28 08:35:00",1
6360000000000,5640981,M,2016/04/29,5,"Palm Springs",0,0,0,0,0,0,No,"2016-04-29 11:54:48",0
85600000000000,5640982,F,2016/04/29,2,Jasper,0,0,0,0,0,0,No,"2016-04-29 11:55:09",0
6600000000000,5516717,M,2016/04/29,1,"Castle Rock",0,0,0,0,0,1,Yes,"2016-03-28 15:00:18",32
69300000000000,5516705,F,2016/04/29,1,Bryant,0,0,0,0,0,1,Yes,"2016-03-28 14:59:13",32
8980000000000,5516695,M,2016/04/29,2,Eugene,0,0,0,0,0,1,No,"2016-03-28 14:58:33",32
15900000000000,5516688,M,2016/04/29,1,Eugene,0,0,0,0,0,0,No,"2016-03-28 14:57:55",32
49400000000000,5516685,F,2016/04/29,1,Garberville,0,0,0,0,0,1,No,"2016-03-28 14:57:40",32
9960000000000,5639037,F,2016/04/29,43,Garberville,1,1,0,0,0,0,No,"2016-04-29 08:40:20",0
1730000000000,5516684,F,2016/04/29,1,Victorville,0,0,0,0,0,0,Yes,"2016-03-28 14:57:27",32
53400000000000,5638438,M,2016/04/29,19,"Battle Creek",0,0,0,0,0,0,No,"2016-04-29 08:01:51",0
6960000000000,5638179,F,2016/04/29,20,"Rocky Mount",0,0,0,0,0,0,No,"2016-04-29 07:47:25",0
9960000000000,5598476,F,2016/04/29,43,Gardena,1,1,0,0,0,1,Yes,"2016-04-19 07:36:44",10
2490000000000,5637996,F,2016/04/29,65,Bloomington,0,0,0,0,0,0,No,"2016-04-29 07:36:41",0
6860000000000,5598455,F,2016/04/29,29,Chicago,1,0,0,0,0,1,Yes,"2016-04-19 07:35:29",10
936000000000,5598444,M,2016/04/29,10,Tyler,0,0,0,0,0,1,Yes,"2016-04-19 07:34:47",10
4850000000000,5628730,F,2016/04/29,68,Mullins,0,1,0,0,0,0,Yes,"2016-04-27 11:30:52",2
44600000000000,5628728,F,2016/04/29,55,"Eau Claire",0,1,1,0,0,0,Yes,"2016-04-27 11:30:38",2
55000000000000,5628727,M,2016/04/29,11,Corbin,0,0,0,0,0,0,Yes,"2016-04-27 11:30:25",2
72500000000000,5628725,M,2016/04/29,4,"Joshua Tree",0,0,0,0,0,0,No,"2016-04-27 11:30:02",2
79800000000000,5628723,M,2016/04/29,5,Kuttawa,1,0,0,0,0,0,No,"2016-04-27 11:29:49",2
940000000000000,5630862,M,2016/04/29,53,Bryant,0,1,0,0,0,0,No,"2016-04-27 16:37:08",2
17000000000000,5618073,F,2016/04/29,18,"Saint Louis",0,0,0,0,0,1,Yes,"2016-04-25 18:40:33",4
14100000000000,5642918,F,2016/04/29,6,"Saint Louis",1,0,0,0,0,0,Yes,"2016-04-29 19:12:41",0
50000000000000,5625042,F,2016/04/29,50,Coralville,0,1,0,0,0,0,Yes,"2016-04-26 18:47:06",3
8420000000000,5642924,F,2016/04/29,39,Roanoke,0,0,0,0,0,0,No,"2016-04-29 19:44:51",0
59800000000000,5636744,M,2016/04/29,19,"Max Meadows",0,0,0,0,0,0,No,"2016-04-28 15:59:19",1
38500000000000,5630801,F,2016/04/29,25,"Little River",0,0,0,0,0,0,No,"2016-04-27 16:23:44",2
8210000000000,5640337,M,2016/04/29,46,Valentine,0,0,0,0,0,0,No,"2016-04-29 10:31:20",0
96400000000000,5631255,F,2016/04/29,27,Mullins,0,0,0,0,0,0,No,"2016-04-27 19:42:57",2
4200000000000,5625147,F,2016/04/29,60,Olathe,0,0,0,0,0,0,Yes,"2016-04-27 06:56:36",2
84967383742,5625158,F,2016/04/29,71,Vandalia,0,0,0,0,0,0,Yes,"2016-04-27 06:58:11",2
112000000000,5625156,M,2016/04/29,45,"Rocky Mount",0,0,0,1,0,0,Yes,"2016-04-27 06:58:03",2
595000000000,5625155,F,2016/04/29,3,Charlotte,0,0,0,0,0,0,No,"2016-04-27 06:57:55",2
4930000000000,5625150,M,2016/04/29,11,"Cripple Creek",0,0,0,0,0,0,No,"2016-04-27 06:56:59",2
685000000000000,5497830,M,2016/04/29,42,Mobile,0,1,0,0,0,0,Yes,"2016-03-22 06:51:16",38
83900000000000,5625143,M,2016/04/29,3,Mobile,0,0,0,0,0,0,No,"2016-04-27 06:56:18",2
36400000000000,5625145,F,2016/04/29,6,Plainfield,0,0,0,0,0,0,No,"2016-04-27 06:56:25",2
3410000000000,5498089,F,2016/04/29,8,Dublin,0,0,0,0,0,1,No,"2016-03-22 07:13:03",38
5390000000000,5498050,M,2016/04/29,8,Calhoun,0,0,0,0,0,1,No,"2016-03-22 07:09:50",38
51300000000000,5498040,F,2016/04/29,10,"Little River",0,0,0,0,0,1,No,"2016-03-22 07:09:28",38
912000000000,5635592,F,2016/04/29,6,"Little River",0,0,0,0,0,0,No,"2016-04-28 13:46:33",1
523000000000000,5640821,M,2016/04/29,46,Columbus,0,0,0,0,0,0,No,"2016-04-29 11:28:46",0
36552391273,5498114,F,2016/04/29,13,Dahlonega,0,0,0,0,0,1,No,"2016-03-22 07:14:44",38
6870000000000,5612222,M,2016/04/29,17,Roanoke,0,0,0,0,1,1,No,"2016-04-25 08:03:16",4
25400000000000,5624602,M,2016/04/29,53,Charlotte,0,0,0,0,0,0,No,"2016-04-26 16:26:54",3
26900000000000,5624591,M,2016/04/29,17,Saginaw,0,0,0,0,0,0,Yes,"2016-04-26 16:26:00",3
456000000000000,5609278,F,2016/04/29,27,Irmo,0,0,0,0,0,1,No,"2016-04-20 15:30:50",9
112000000000,5590244,F,2016/04/29,7,"Saint Louis",0,0,0,0,0,1,Yes,"2016-04-15 13:52:25",14
21700000000000,5638932,F,2016/04/29,29,Shakopee,0,0,0,0,0,0,No,"2016-04-29 08:35:58",0
3820000000000,5498104,M,2016/04/29,10,Moore,0,0,0,0,0,0,No,"2016-03-22 07:13:57",38
8780000000000,5498095,F,2016/04/29,31,"Battle Creek",0,0,0,0,0,1,No,"2016-03-22 07:13:35",38
497000000000,5628714,F,2016/04/29,56,Coralville,0,0,0,0,1,0,No,"2016-04-27 11:28:35",2
76800000000000,5628706,F,2016/04/29,38,Roanoke,1,0,0,0,0,0,Yes,"2016-04-27 11:28:08",2
23800000000000,5628711,F,2016/04/29,31,Sikeston,1,0,0,0,0,0,No,"2016-04-27 11:28:20",2
817000000000,5628702,F,2016/04/29,43,Lagrange,0,0,0,0,0,0,No,"2016-04-27 11:27:45",2
38900000000000,5628704,F,2016/04/29,67,"Joshua Tree",0,1,1,0,0,0,No,"2016-04-27 11:27:57",2
69000000000000,5628700,F,2016/04/29,42,Albuquerque,0,0,0,0,0,0,No,"2016-04-27 11:27:32",2
81400000000000,5628697,F,2016/04/29,67,Calhoun,0,0,0,0,0,0,No,"2016-04-27 11:27:20",2
26356187571,5628696,F,2016/04/29,43,Sarasota,1,0,0,0,0,0,No,"2016-04-27 11:27:06",2
162000000000000,5638487,F,2016/04/29,46,Sarasota,0,0,0,0,0,0,No,"2016-04-29 08:05:21",0
546000000000000,5640669,F,2016/04/29,51,Raleigh,0,0,0,0,0,0,No,"2016-04-29 11:10:45",0
27557657588,5638743,M,2016/04/29,90,"Saint Louis",0,0,0,0,0,0,Yes,"2016-04-29 08:22:31",0
5750000000000,5640171,F,2016/04/29,27,Victorville,0,0,0,0,0,0,No,"2016-04-29 10:13:04",0
430000000000,5640608,F,2016/04/29,35,Mullins,0,0,0,0,0,0,No,"2016-04-29 11:03:01",0
88200000000000,5634795,F,2016/04/29,78,Olathe,0,0,0,0,0,0,No,"2016-04-28 11:42:37",1
6980000000000,5634797,M,2016/04/29,75,Mobile,0,0,0,0,0,0,No,"2016-04-28 11:43:00",1
7990000000000,5633503,M,2016/04/29,65,Macon,0,1,0,0,0,0,No,"2016-04-28 09:31:22",1
9250000000000,5627150,F,2016/04/29,49,"Saint Louis",0,0,0,0,0,0,Yes,"2016-04-27 09:05:43",2
538000000000000,5638473,F,2016/04/29,41,Garberville,0,0,0,0,0,0,No,"2016-04-29 08:04:16",0
183000000000,5633137,M,2016/04/29,71,Victorville,0,0,0,0,0,0,No,"2016-04-28 08:53:38",1
3830000000000,5533962,M,2016/04/29,15,Albany,0,0,0,0,0,0,No,"2016-03-31 14:58:42",29
95300000000000,5534111,F,2016/04/29,0,"Battle Creek",0,0,0,0,0,1,No,"2016-03-31 15:13:39",29
942000000000,5534098,M,2016/04/29,0,"Battle Creek",0,0,0,0,0,1,No,"2016-03-31 15:12:46",29
878000000000000,5526918,M,2016/04/29,11,Lagrange,0,0,0,0,0,0,Yes,"2016-03-30 11:46:48",30
4450000000000,5458502,M,2016/04/29,1,Boone,0,0,0,0,0,0,Yes,"2016-03-11 11:52:28",49
41800000000000,5526916,M,2016/04/29,14,Calhoun,0,0,0,0,0,0,Yes,"2016-03-30 11:45:46",30
4450000000000,5476594,M,2016/04/29,1,Sarasota,0,0,0,0,0,1,Yes,"2016-03-16 10:33:18",44
4140000000000,5473233,M,2016/04/29,2,"Bay City",0,0,0,0,0,1,Yes,"2016-03-15 16:21:10",45
928000000000000,5473228,F,2016/04/29,15,Mercer,0,0,0,0,0,0,Yes,"2016-03-15 16:20:47",45
549000000000000,5521710,M,2016/04/29,1,"Battle Creek",0,0,0,0,0,0,Yes,"2016-03-29 12:22:46",31
3380000000000,5483939,M,2016/04/29,10,Sikeston,0,0,0,0,0,0,Yes,"2016-03-17 12:59:51",43
27400000000000,5490079,M,2016/04/29,7,Gardena,0,0,0,0,0,0,Yes,"2016-03-18 14:08:26",42
39800000000000,5526961,M,2016/04/29,10,Sarasota,0,0,0,0,0,0,Yes,"2016-03-30 11:57:58",30
79300000000000,5561026,M,2016/04/29,2,Eugene,0,0,0,0,0,0,Yes,"2016-04-08 10:00:00",21
5880000000000,5639993,F,2016/04/29,81,Coralville,0,1,0,0,0,0,No,"2016-04-29 09:57:04",0
735000000000000,5640079,F,2016/04/29,63,Princeton,0,0,0,0,0,0,No,"2016-04-29 10:05:19",0
224000000000,5639962,F,2016/04/29,41,"Mount Arlington",0,0,0,0,0,0,No,"2016-04-29 09:53:54",0
52800000000000,5640216,F,2016/04/29,40,Saginaw,0,0,0,0,0,0,No,"2016-04-29 10:16:11",0
31800000000000,5562866,M,2016/04/29,43,Lagrange,0,0,0,0,0,1,No,"2016-04-08 14:37:30",21
538000000000,5640294,F,2016/04/29,63,Woodland,0,0,1,0,0,0,No,"2016-04-29 10:27:50",0
85300000000000,5466331,F,2016/04/29,37,"Osage Beach",0,0,0,0,0,1,No,"2016-03-14 16:17:39",46
15100000000000,5465174,F,2016/04/29,32,Troy,0,0,0,0,0,1,Yes,"2016-03-14 13:39:24",46
21800000000000,5466327,F,2016/04/29,18,Tyler,0,0,0,0,0,1,No,"2016-03-14 16:17:08",46
37100000000000,5468664,F,2016/04/29,65,"Saint Louis",0,0,0,0,0,1,No,"2016-03-15 08:35:29",45
28400000000000,5463192,F,2016/04/29,59,"Saint Louis",0,0,0,0,0,1,No,"2016-03-14 09:34:50",46
9840000000000,5639463,F,2016/04/29,72,Enterprise,0,0,0,0,0,0,No,"2016-04-29 09:08:14",0
25500000000000,5464587,F,2016/04/29,47,Oconomowoc,0,0,0,0,0,1,Yes,"2016-03-14 11:57:15",46
81300000000000,5467185,F,2016/04/29,59,Roanoke,0,0,0,0,0,0,Yes,"2016-03-15 07:10:00",45
61600000000000,5468655,F,2016/04/29,46,Charlotte,0,0,0,0,0,1,No,"2016-03-15 08:34:41",45
22400000000000,5638853,F,2016/04/29,47,Altoona,0,1,0,0,0,0,No,"2016-04-29 08:29:34",0
23600000000000,5458058,F,2016/04/29,34,"Joshua Tree",0,0,0,0,0,1,No,"2016-03-11 10:45:48",49
31800000000000,5638846,F,2016/04/29,81,Plainfield,0,1,0,0,1,0,No,"2016-04-29 08:29:02",0
976000000000000,5462955,F,2016/04/29,49,Jasper,0,0,0,0,0,1,No,"2016-03-14 09:14:47",46
87700000000000,5459165,F,2016/04/29,22,"Miles City",0,0,0,0,0,1,No,"2016-03-11 14:00:18",49
59900000000000,5459149,F,2016/04/29,52,"Castle Rock",0,0,0,0,0,1,No,"2016-03-11 13:57:19",49
4500000000000,5639553,F,2016/04/29,56,"Bowling Green",0,0,0,0,0,0,No,"2016-04-29 09:13:38",0
597000000000,5639141,M,2016/04/29,40,Auburn,0,0,0,0,0,0,No,"2016-04-29 08:45:18",0
7550000000000,5640784,M,2016/04/29,48,Auburn,0,0,0,0,0,0,No,"2016-04-29 11:24:41",0
1350000000000,5640283,M,2016/04/29,24,Mercer,0,0,0,0,0,0,No,"2016-04-29 10:26:51",0
184000000000000,5639080,M,2016/04/29,41,Hartford,0,0,0,0,0,0,No,"2016-04-29 08:42:15",0
66314344693,5640641,F,2016/04/29,34,Mullins,0,0,0,0,0,0,No,"2016-04-29 11:07:05",0
8430000000000,5640644,F,2016/04/29,72,"Oak Harbor",0,0,0,0,0,0,No,"2016-04-29 11:07:31",0
657000000000,5640654,F,2016/04/29,0,"Battle Creek",0,0,0,0,0,0,No,"2016-04-29 11:08:50",0
842000000000000,5640686,M,2016/04/29,37,"Castle Rock",0,0,1,0,0,0,No,"2016-04-29 11:13:05",0
352000000000000,5640932,F,2016/04/29,44,Calhoun,0,0,0,0,0,0,No,"2016-04-29 11:44:40",0
736000000000000,5640976,M,2016/04/29,84,Troy,0,0,0,0,0,0,No,"2016-04-29 11:52:55",0
99612996974,5637524,M,2016/04/29,82,Sarasota,0,0,0,0,0,0,No,"2016-04-29 07:05:17",0
52200000000000,5637812,M,2016/04/29,49,Macon,0,0,0,0,0,0,No,"2016-04-29 07:24:46",0
66200000000000,5637846,F,2016/04/29,28,Columbus,0,0,0,0,0,0,No,"2016-04-29 07:26:22",0
343000000000000,5637851,M,2016/04/29,26,Huntingdon,0,0,0,0,0,0,No,"2016-04-29 07:26:48",0
35900000000000,5638203,F,2016/04/29,52,"Battle Creek",0,0,0,0,0,0,No,"2016-04-29 07:48:25",0
24700000000000,5638387,F,2016/04/29,45,"Battle Creek",0,0,0,0,0,0,No,"2016-04-29 07:59:11",0
497000000000000,5638215,M,2016/04/29,56,Roanoke,0,0,0,0,0,0,No,"2016-04-29 07:49:03",0
31700000000000,5638519,F,2016/04/29,0,Gardena,0,0,0,0,0,0,No,"2016-04-29 08:06:53",0
336000000000,5640036,M,2016/04/29,38,Jasper,0,0,0,0,0,0,No,"2016-04-29 10:01:00",0
52300000000000,5616464,M,2016/04/29,47,Winthrop,0,1,0,0,0,1,No,"2016-04-25 14:13:43",4
2650000000000,5609941,M,2016/04/29,22,"El Reno",0,0,0,0,0,1,Yes,"2016-04-20 17:58:14",9
9140000000000,5609945,F,2016/04/29,56,Eugene,0,0,0,0,0,1,Yes,"2016-04-20 18:03:21",9
9880000000000,5590743,F,2016/04/29,50,Newport,0,0,0,0,0,1,No,"2016-04-15 14:52:25",14
756000000000000,5609936,F,2016/04/29,33,Columbus,0,0,0,0,0,1,Yes,"2016-04-20 17:52:20",9
78800000000000,5589719,F,2016/04/29,34,Oconomowoc,0,0,0,0,0,0,No,"2016-04-15 12:48:30",14
622000000000000,5640989,F,2016/04/29,53,Oconomowoc,0,0,0,0,0,0,No,"2016-04-29 11:56:50",0
44374447177,5624177,F,2016/04/29,66,Oconomowoc,0,1,0,0,0,1,No,"2016-04-26 15:23:38",3
592000000000000,5639975,F,2016/04/29,18,Coralville,0,0,0,0,0,0,No,"2016-04-29 09:55:34",0
133000000000,5640107,M,2016/04/29,13,Lagrange,0,0,0,0,0,0,No,"2016-04-29 10:07:54",0
91200000000000,5624121,F,2016/04/29,54,Lagrange,1,0,0,0,0,1,No,"2016-04-26 15:16:22",3
15700000000000,5636322,F,2016/04/29,72,Lagrange,0,1,1,0,0,0,No,"2016-04-28 15:03:07",1
322000000000,5624102,F,2016/04/29,19,Bradenton,0,0,0,0,0,1,No,"2016-04-26 15:13:33",3
25127764435,5575088,F,2016/04/29,43,Pittsburgh,0,0,0,0,0,0,Yes,"2016-04-12 16:55:22",17
98400000000000,5624040,F,2016/04/29,20,Coralville,0,0,0,0,0,1,No,"2016-04-26 15:07:05",3
54000000000000,5546049,F,2016/04/29,16,Columbus,0,0,0,0,0,0,No,"2016-04-05 15:15:33",24
42200000000000,5641665,M,2016/04/29,24,Batesville,0,0,0,0,0,0,No,"2016-04-29 14:06:38",0
72500000000000,5641145,M,2016/04/29,36,Boone,1,0,0,0,0,0,No,"2016-04-29 12:35:57",0
97700000000000,5641156,M,2016/04/29,27,Eugene,0,0,0,0,0,0,No,"2016-04-29 12:37:34",0
9250000000000,5532979,M,2016/04/29,0,Charlotte,0,0,0,0,0,1,No,"2016-03-31 13:02:47",29
580000000000000,5547828,F,2016/04/29,13,"Cripple Creek",0,0,0,0,0,1,Yes,"2016-04-06 07:44:09",23
828000000000,5532934,F,2016/04/29,0,Gardena,0,0,0,0,0,1,No,"2016-03-31 12:48:30",29
782000000000000,5629547,M,2016/04/29,79,"Joshua Tree",0,0,0,0,0,0,No,"2016-04-27 13:40:22",2
991000000000000,5629543,F,2016/04/29,80,"Palm Springs",0,1,0,0,0,0,Yes,"2016-04-27 13:40:04",2
8590000000000,5629546,F,2016/04/29,63,"Palm Springs",0,0,0,0,0,0,No,"2016-04-27 13:40:14",2
952000000000000,5642355,F,2016/04/29,50,Batesville,1,1,0,0,0,0,No,"2016-04-29 15:43:30",0
2270000000000,5627562,M,2016/04/29,30,"Castle Rock",0,0,0,0,0,0,No,"2016-04-27 09:38:38",2
368000000000000,5626732,F,2016/04/29,58,Columbus,0,0,0,0,0,0,No,"2016-04-27 08:33:45",2
8740000000000,5632865,F,2016/04/29,66,Dahlonega,1,1,1,0,0,0,No,"2016-04-28 08:31:57",1
17500000000000,5631747,M,2016/04/29,68,Shreveport,0,0,0,0,0,0,No,"2016-04-28 07:23:58",1
34500000000000,5631029,F,2016/04/29,30,"Battle Creek",0,0,0,0,0,0,No,"2016-04-27 17:25:01",2
19700000000000,5631735,M,2016/04/29,36,Coralville,0,0,0,0,0,0,No,"2016-04-28 07:23:18",1
1470000000000,5641791,F,2016/04/29,23,Coralville,0,0,0,0,0,0,No,"2016-04-29 14:20:48",0
7680000000000,5626513,M,2016/04/29,65,Princeton,0,1,0,0,0,0,No,"2016-04-27 08:18:33",2
93700000000000,5625850,F,2016/04/29,50,"Mount Arlington",0,1,0,0,0,0,No,"2016-04-27 07:38:08",2
9528227943,5625832,M,2016/04/29,56,Saginaw,0,1,1,1,0,0,No,"2016-04-27 07:37:00",2
93100000000000,5642458,F,2016/04/29,52,Albuquerque,0,1,0,0,0,0,No,"2016-04-29 16:01:01",0
7660000000000,5641410,M,2016/04/29,61,Jasper,0,1,0,0,0,0,No,"2016-04-29 13:31:46",0
9590000000000,5523063,F,2016/04/29,25,Boone,0,0,0,0,0,1,Yes,"2016-03-29 15:54:23",31
7728476877,5507119,M,2016/04/29,32,Winthrop,0,0,0,0,0,1,No,"2016-03-23 11:21:05",37
76200000000000,5396953,M,2016/04/29,5,Dublin,0,0,0,0,0,1,Yes,"2016-02-25 13:51:48",64
76200000000000,5396954,M,2016/04/29,5,"Saint Louis",0,0,0,0,0,0,Yes,"2016-02-25 13:51:48",64
9950000000000,5466232,M,2016/04/29,10,Leesburg,0,0,0,0,0,1,No,"2016-03-14 15:58:09",46
4620000000000,5638015,M,2016/04/29,39,Roanoke,0,0,0,0,0,0,Yes,"2016-04-29 07:37:37",0
56600000000000,5596428,F,2016/04/29,20,"Mount Arlington",0,0,0,0,0,1,No,"2016-04-18 14:35:43",11
5500000000000,5489408,M,2016/04/29,33,Mobile,0,0,0,0,0,1,Yes,"2016-03-18 12:54:28",42
95292445811,5489053,M,2016/04/29,32,Lagrange,0,0,0,0,0,1,No,"2016-03-18 11:21:54",42
72600000000000,5397258,M,2016/04/29,52,Winthrop,0,0,1,0,0,0,Yes,"2016-02-25 14:30:51",64
8160000000000,5486733,M,2016/04/29,23,Dublin,0,0,0,0,0,1,No,"2016-03-18 07:46:45",42
72600000000000,5397257,M,2016/04/29,52,Troy,0,0,1,0,0,0,Yes,"2016-02-25 14:30:51",64
9780000000000,5481320,F,2016/04/29,49,"Lenoir City",0,1,0,0,0,1,Yes,"2016-03-17 08:29:10",43
37000000000000,5591508,F,2016/04/29,28,Roanoke,0,0,0,0,0,0,No,"2016-04-15 17:50:02",14
83900000000000,5585723,M,2016/04/29,27,"Mount Arlington",0,0,0,0,0,1,No,"2016-04-14 17:55:53",15
460000000000000,5636922,F,2016/04/29,21,"Bowling Green",0,0,0,0,0,0,No,"2016-04-28 16:37:42",1
895000000000000,5641270,F,2016/04/29,46,Sarasota,1,0,0,0,0,0,No,"2016-04-29 13:08:24",0
85800000000000,5634279,F,2016/04/29,0,Columbus,0,0,0,0,0,0,No,"2016-04-28 10:40:16",1
522000000000000,5641550,F,2016/04/29,34,Columbus,0,0,0,0,0,0,No,"2016-04-29 13:54:35",0
43200000000000,5640984,M,2016/04/29,20,Pittsburgh,0,0,0,0,0,0,No,"2016-04-29 11:55:23",0
41200000000000,5536871,F,2016/04/29,66,Shakopee,0,1,1,0,0,0,Yes,"2016-04-01 09:14:38",28
68700000000000,5586216,F,2016/04/29,8,Coralville,1,0,0,0,0,1,No,"2016-04-15 07:25:06",14
273000000000000,5638725,F,2016/04/29,61,Coralville,0,1,1,0,1,0,No,"2016-04-29 08:21:09",0
1420000000000,5619752,M,2016/04/29,83,"Mount Arlington",0,1,0,0,0,0,Yes,"2016-04-26 08:16:54",3
9240000000000,5619746,F,2016/04/29,65,"Mount Arlington",0,1,0,0,0,1,No,"2016-04-26 08:16:44",3
227000000000,5602856,F,2016/04/29,21,Lagrange,0,0,0,0,0,1,Yes,"2016-04-19 15:54:05",10
21500000000000,5632025,M,2016/04/29,81,Billings,0,1,0,0,0,0,No,"2016-04-28 07:36:23",1
359000000000,5632022,F,2016/04/29,66,Clanton,0,1,0,0,0,0,No,"2016-04-28 07:36:11",1
85600000000000,5632019,M,2016/04/29,29,Batesville,0,0,0,0,0,0,No,"2016-04-28 07:35:58",1
77200000000000,5642830,M,2016/04/29,25,Gretna,0,0,0,0,0,0,No,"2016-04-29 17:30:18",0
24900000000000,5631372,M,2016/04/29,24,Fairmont,0,0,0,0,0,0,Yes,"2016-04-28 07:02:43",1
9657623573,5631369,M,2016/04/29,36,"Johnson City",0,0,0,0,0,0,No,"2016-04-28 07:02:29",1
35900000000000,5638290,F,2016/04/29,40,Macon,0,0,0,0,0,0,No,"2016-04-29 07:52:55",0
848000000000000,5637435,F,2016/04/29,25,"Bay City",1,0,0,0,0,0,No,"2016-04-29 06:54:22",0
47900000000000,5528199,M,2016/04/29,12,"Saint Louis",0,0,0,0,0,1,No,"2016-03-30 14:58:11",30
9470000000000,5519136,F,2016/04/29,34,Coralville,0,0,0,0,0,1,No,"2016-03-29 08:27:54",31
9470000000000,5519137,F,2016/04/29,34,Sikeston,0,0,0,0,0,0,No,"2016-03-29 08:27:54",31
7560000000000,5522956,M,2016/04/29,8,Bradenton,0,0,0,0,0,1,No,"2016-03-29 15:35:36",31
81217869379,5637543,M,2016/04/29,14,Eugene,0,0,0,0,0,0,No,"2016-04-29 07:06:55",0
58300000000000,5525967,M,2016/04/29,61,Owasso,0,1,0,0,0,1,No,"2016-03-30 10:06:12",30
9150000000000,5538538,M,2016/04/29,71,Orlando,0,1,0,0,0,1,No,"2016-04-01 12:40:35",28
45555578626,5637937,F,2016/04/29,2,"Palm Springs",0,0,0,0,0,0,No,"2016-04-29 07:32:39",0
817000000000,5593964,F,2016/04/29,15,Lincolnton,1,0,0,0,0,1,Yes,"2016-04-18 10:03:29",11
11900000000000,5517367,M,2016/04/29,42,Calhoun,0,0,0,0,0,1,No,"2016-03-28 16:24:59",32
169000000000,5637528,F,2016/04/29,20,Dublin,0,0,0,0,0,0,No,"2016-04-29 07:05:50",0
45555578626,5569865,F,2016/04/29,2,Columbia,0,0,0,0,0,1,Yes,"2016-04-12 07:11:25",17
2990000000000,5554425,F,2016/04/29,67,Columbus,0,0,0,0,0,1,No,"2016-04-07 08:28:58",22
6520000000000,5554430,M,2016/04/29,70,Enterprise,0,0,0,0,0,1,No,"2016-04-07 08:29:38",22
38352569886,5554260,F,2016/04/29,55,Garberville,0,0,0,0,0,1,No,"2016-04-07 08:17:26",22
38600000000000,5486503,F,2016/04/29,4,Huntingdon,0,0,0,0,0,0,No,"2016-03-18 07:34:52",42
74000000000000,5400331,F,2016/04/29,0,Shakopee,0,0,0,0,0,1,No,"2016-02-26 08:42:17",63
57400000000000,5634727,F,2016/04/29,1,"Charles Town",0,0,0,0,0,0,No,"2016-04-28 11:35:55",1
2290000000000,5638250,F,2016/04/29,0,Victorville,0,0,0,0,0,0,No,"2016-04-29 07:51:01",0
96500000000000,5303666,F,2016/04/29,1,Alpharetta,0,0,0,0,0,1,No,"2016-01-29 08:41:23",91
452000000000,5400525,F,2016/04/29,0,Auburn,0,0,0,0,0,1,No,"2016-02-26 08:57:01",63
4440000000000,5638256,M,2016/04/29,0,Grayling,0,0,0,0,0,0,No,"2016-04-29 07:51:16",0
823000000000,5425697,F,2016/04/29,1,"Little River",0,0,0,0,0,1,No,"2016-03-03 10:06:27",57
845000000000000,5588133,F,2016/04/29,0,Victorville,0,0,0,0,0,1,No,"2016-04-15 09:37:17",14
322000000000000,5478643,F,2016/04/29,9,"Delray Beach",0,0,0,0,0,1,No,"2016-03-16 15:11:48",44
9660000000000,5612990,M,2016/04/29,1,Roanoke,0,0,0,0,0,1,No,"2016-04-25 08:53:52",4
351000000000000,5482393,M,2016/04/29,0,Charlotte,0,0,0,0,0,1,No,"2016-03-17 09:45:47",43
83300000000000,5513185,M,2016/04/29,1,Altoona,0,0,0,0,0,1,No,"2016-03-28 09:33:17",32
42700000000000,5483734,F,2016/04/29,0,"Palm Springs",0,0,0,0,0,1,No,"2016-03-17 12:12:56",43
4700000000000,5371429,M,2016/04/29,0,Boone,0,0,0,0,0,1,No,"2016-02-19 13:20:50",70
24400000000000,5639281,F,2016/04/29,5,Auburn,0,0,0,0,0,0,No,"2016-04-29 08:54:40",0
765000000000000,5639688,F,2016/04/29,2,"Charles Town",0,0,0,0,0,0,No,"2016-04-29 09:23:57",0
5460000000000,5615688,M,2016/04/29,32,Victorville,0,0,0,0,0,1,No,"2016-04-25 12:54:19",4
158000000000000,5519577,M,2016/04/29,21,Coralville,0,0,0,0,0,1,No,"2016-03-29 08:55:57",31
750000000000000,5638004,M,2016/04/29,65,"Delray Beach",0,1,0,0,0,0,Yes,"2016-04-29 07:37:09",0
545000000000,5515433,M,2016/04/29,4,"Mount Arlington",0,0,0,0,0,1,No,"2016-03-28 12:55:19",32
74000000000000,5635810,F,2016/04/29,49,Charlotte,0,0,0,0,0,0,No,"2016-04-28 14:07:43",1
66600000000000,5640315,F,2016/04/29,67,Tyler,0,1,0,1,0,0,No,"2016-04-29 10:29:15",0
6300000000000,5621693,F,2016/04/29,20,Owasso,0,0,0,0,0,1,No,"2016-04-26 10:40:18",3
8390000000000,5635511,M,2016/04/29,43,Coralville,0,0,0,0,0,0,Yes,"2016-04-28 13:39:33",1
2850000000000,5638693,F,2016/04/29,29,Vandalia,0,0,0,0,0,0,No,"2016-04-29 08:19:10",0
11900000000000,5637584,F,2016/04/29,57,"Mount Arlington",0,1,1,0,1,0,No,"2016-04-29 07:09:57",0
3720000000000,5636920,M,2016/04/29,38,"Mount Arlington",0,1,0,0,0,0,No,"2016-04-28 16:37:29",1
36800000000000,5637545,F,2016/04/29,37,Gretna,0,0,0,0,0,0,No,"2016-04-29 07:07:01",0
3150000000000,5637557,F,2016/04/29,48,"Bowling Green",0,1,0,0,0,0,No,"2016-04-29 07:07:51",0
55000000000000,5640845,F,2016/04/29,54,Auburn,0,0,0,1,0,0,No,"2016-04-29 11:31:18",0
5990000000000,5637489,F,2016/04/29,46,Sarasota,0,1,0,0,0,0,No,"2016-04-29 07:01:38",0
88700000000000,5637502,F,2016/04/29,59,Columbus,0,1,0,0,0,0,No,"2016-04-29 07:03:08",0
3970000000000,5637529,F,2016/04/29,78,"Mount Arlington",0,1,1,0,0,0,No,"2016-04-29 07:05:51",0
5910000000000,5637532,F,2016/04/29,43,"Palm Springs",0,1,0,0,0,0,No,"2016-04-29 07:06:20",0
863000000000000,5638070,F,2016/04/29,58,"Palm Springs",0,1,0,0,0,0,No,"2016-04-29 07:41:38",0
872000000000,5638970,M,2016/04/29,40,Boone,0,0,0,0,0,0,No,"2016-04-29 08:37:41",0
188000000000000,5639002,M,2016/04/29,45,"Fort Wayne",0,0,0,0,0,0,No,"2016-04-29 08:38:56",0
4900000000000,5638987,F,2016/04/29,26,"Fort Wayne",0,0,0,0,0,0,No,"2016-04-29 08:38:21",0
13800000000000,5638974,M,2016/04/29,30,Auburn,0,0,0,1,0,0,No,"2016-04-29 08:37:53",0
81200000000000,5639006,M,2016/04/29,47,Enterprise,0,0,0,0,0,0,No,"2016-04-29 08:39:08",0
417000000000000,5638977,M,2016/04/29,33,Oconomowoc,0,0,0,0,0,0,No,"2016-04-29 08:38:03",0
822000000000000,5638995,M,2016/04/29,38,"Charles Town",0,0,0,0,0,0,No,"2016-04-29 08:38:44",0
26900000000000,5638965,M,2016/04/29,63,Corbin,0,0,0,1,0,0,No,"2016-04-29 08:37:28",0
4820000000000,5627481,M,2016/04/29,34,Sikeston,0,0,0,0,0,0,Yes,"2016-04-27 09:33:02",2
17500000000000,5585659,F,2016/04/29,39,Gardena,0,0,0,0,0,0,Yes,"2016-04-14 17:34:19",15
55800000000000,5539460,M,2016/04/29,63,Griffin,0,0,0,1,0,1,No,"2016-04-01 15:00:42",28
78200000000000,5640200,M,2016/04/29,19,Lincolnton,0,0,0,0,0,0,No,"2016-04-29 10:14:47",0
8880000000000,5634620,M,2016/04/29,38,Eugene,0,1,0,0,0,0,No,"2016-04-28 11:20:08",1
14500000000000,5633923,M,2016/04/29,36,Eugene,0,1,0,0,0,0,No,"2016-04-28 10:03:37",1
8210000000000,5615410,F,2016/04/29,30,Dahlonega,0,0,0,1,0,1,No,"2016-04-25 12:20:52",4
4900000000000,5629031,F,2016/04/29,26,Lubbock,0,0,0,0,0,0,No,"2016-04-27 12:34:01",2
597000000000000,5637062,F,2016/04/29,28,Lubbock,1,0,0,0,0,0,No,"2016-04-28 17:05:21",1
16857845516,5626149,F,2016/04/29,21,Albany,1,0,0,0,0,0,Yes,"2016-04-27 07:54:56",2
3490000000000,5629539,F,2016/04/29,55,Mullins,1,1,0,0,0,0,No,"2016-04-27 13:39:37",2
76500000000000,5629541,F,2016/04/29,59,"Rocky Mount",0,0,0,0,0,0,No,"2016-04-27 13:39:46",2
336000000000000,5629528,F,2016/04/29,54,"Palm Springs",0,0,0,0,0,0,No,"2016-04-27 13:38:30",2
25900000000000,5629507,F,2016/04/29,71,Jasper,0,0,0,0,0,0,No,"2016-04-27 13:37:14",2
7270000000000,5629512,F,2016/04/29,53,Auburn,0,0,0,0,0,0,Yes,"2016-04-27 13:37:25",2
18200000000000,5629515,F,2016/04/29,54,Eugene,0,0,0,0,0,0,No,"2016-04-27 13:37:34",2
54672661869,5629523,F,2016/04/29,55,Victorville,0,1,0,0,0,0,No,"2016-04-27 13:38:02",2
64700000000000,5629519,F,2016/04/29,60,"Delray Beach",0,1,0,0,0,0,Yes,"2016-04-27 13:37:54",2
134000000000000,5629517,M,2016/04/29,19,Charlotte,0,0,0,0,0,0,Yes,"2016-04-27 13:37:43",2
667000000000,5629503,M,2016/04/29,64,Chattanooga,0,0,0,0,0,0,No,"2016-04-27 13:37:05",2
4480000000000,5629500,F,2016/04/29,52,Albuquerque,0,0,0,0,0,0,No,"2016-04-27 13:36:55",2
59800000000000,5629497,F,2016/04/29,37,"Bowling Green",1,0,0,0,0,0,No,"2016-04-27 13:36:46",2
555000000000000,5633162,F,2016/04/29,11,Dublin,0,0,0,0,0,0,No,"2016-04-28 08:55:07",1
486000000000,5635218,F,2016/04/29,13,"Lenoir City",0,0,0,0,0,0,No,"2016-04-28 12:58:30",1
3560000000000,5632720,F,2016/04/29,1,Mercer,0,0,0,0,0,0,Yes,"2016-04-28 08:22:07",1
3770000000000,5639319,F,2016/04/29,0,Garberville,0,0,0,0,0,0,No,"2016-04-29 08:57:11",0
579000000000,5638219,F,2016/04/29,2,Oconomowoc,0,0,0,0,0,0,No,"2016-04-29 07:49:30",0
1e15,5639453,M,2016/04/29,5,Columbus,0,0,0,0,0,0,No,"2016-04-29 09:07:06",0
15600000000000,5632887,M,2016/04/29,2,"Rocky Mount",0,0,0,0,0,0,No,"2016-04-28 08:33:41",1
78200000000000,5638569,M,2016/04/29,0,Spearfish,0,0,0,0,0,0,No,"2016-04-29 08:10:18",0
671000000000000,5637855,F,2016/04/29,12,"Palm Springs",0,0,0,0,0,0,No,"2016-04-29 07:27:02",0
17700000000000,5637579,M,2016/04/29,0,Bryant,0,0,0,0,0,0,No,"2016-04-29 07:09:17",0
536000000000000,5637765,F,2016/04/29,10,Columbia,0,0,0,0,0,0,No,"2016-04-29 07:22:11",0
1830000000000,5632836,F,2016/04/29,9,Raleigh,0,0,0,0,0,0,No,"2016-04-28 08:29:20",1
2640000000000,5631512,M,2016/04/29,13,Owasso,0,0,0,0,0,0,No,"2016-04-28 07:11:34",1
865000000000000,5629300,M,2016/04/29,8,Joplin,0,0,0,0,0,0,No,"2016-04-27 13:15:40",2
26900000000000,5640314,M,2016/04/29,63,Chattanooga,0,0,0,1,0,0,No,"2016-04-29 10:29:09",0
81200000000000,5640304,M,2016/04/29,47,Mobile,0,0,0,0,0,0,No,"2016-04-29 10:28:36",0
258000000000,5640300,M,2016/04/29,49,Batesville,0,1,0,1,0,0,No,"2016-04-29 10:28:14",0
6440000000000,5640306,M,2016/04/29,43,Winthrop,0,0,0,0,0,0,No,"2016-04-29 10:28:50",0
872000000000,5640303,M,2016/04/29,40,"Bowling Green",0,0,0,0,0,0,No,"2016-04-29 10:28:24",0
88800000000000,5640309,M,2016/04/29,48,Sarasota,0,0,0,0,1,0,No,"2016-04-29 10:28:59",0
89200000000000,5639085,F,2016/04/29,45,Yellville,1,1,0,1,0,0,No,"2016-04-29 08:42:34",0
871000000000000,5639078,M,2016/04/29,63,"Little River",0,0,0,1,0,0,No,"2016-04-29 08:42:11",0
66800000000000,5639109,F,2016/04/29,52,Newport,0,0,0,0,0,0,No,"2016-04-29 08:43:27",0
258000000000,5639099,M,2016/04/29,49,Oconomowoc,0,1,0,1,0,0,No,"2016-04-29 08:43:11",0
8435223536,5639113,M,2016/04/29,52,Oconomowoc,0,0,0,1,0,0,No,"2016-04-29 08:43:38",0
65400000000000,5639092,F,2016/04/29,18,Princeton,0,0,0,0,0,0,No,"2016-04-29 08:43:02",0
88800000000000,5639086,M,2016/04/29,48,Columbus,0,0,0,0,1,0,No,"2016-04-29 08:42:46",0
33500000000000,5639084,M,2016/04/29,44,Sikeston,0,0,0,1,0,0,No,"2016-04-29 08:42:23",0
99637671331,5642880,M,2016/04/29,46,Bryant,0,0,0,0,0,0,No,"2016-04-29 18:03:27",0
65400000000000,5642881,F,2016/04/29,18,Mercer,0,0,0,0,0,0,No,"2016-04-29 18:03:45",0
822000000000000,5642878,M,2016/04/29,38,Huntingdon,0,0,0,0,0,0,No,"2016-04-29 18:02:42",0
13800000000000,5642879,M,2016/04/29,30,Victorville,0,0,0,1,0,0,No,"2016-04-29 18:03:05",0
871000000000000,5641055,M,2016/04/29,63,"Battle Creek",0,0,0,1,0,0,No,"2016-04-29 12:10:15",0
417000000000000,5641054,M,2016/04/29,33,Woodland,0,0,0,0,0,0,No,"2016-04-29 12:09:54",0
4900000000000,5641053,F,2016/04/29,26,Jasper,0,0,0,0,0,0,No,"2016-04-29 12:09:36",0
33500000000000,5641059,M,2016/04/29,44,"Johnson City",0,0,0,1,0,0,No,"2016-04-29 12:11:13",0
9740000000000,5641052,M,2016/04/29,49,"Max Meadows",0,0,0,0,0,0,No,"2016-04-29 12:09:19",0
258000000000,5641056,M,2016/04/29,49,Eugene,0,1,0,1,0,0,No,"2016-04-29 12:10:35",0
975000000000000,5624132,M,2016/04/29,46,Eugene,0,0,0,1,0,0,Yes,"2016-04-26 15:17:49",3
975000000000000,5642927,M,2016/04/29,46,"Little River",0,0,0,1,0,0,No,"2016-04-29 20:04:50",0
8435223536,5641049,M,2016/04/29,52,Harrison,0,0,0,1,0,0,No,"2016-04-29 12:08:24",0
13800000000000,5641040,M,2016/04/29,30,"Battle Creek",0,0,0,1,0,0,No,"2016-04-29 12:06:08",0
89200000000000,5641004,F,2016/04/29,45,Appleton,1,1,0,1,0,0,No,"2016-04-29 12:00:12",0
65400000000000,5641036,F,2016/04/29,18,Chattanooga,0,0,0,0,0,0,No,"2016-04-29 12:05:16",0
66800000000000,5641001,F,2016/04/29,52,Chattanooga,0,0,0,0,0,0,No,"2016-04-29 11:59:45",0
9500000000000,5640998,M,2016/04/29,35,"Palm Springs",0,0,0,0,0,0,No,"2016-04-29 11:59:30",0
95000000000000,5580928,F,2016/04/29,17,"Miles City",1,0,0,0,0,1,No,"2016-04-14 07:28:08",15
99200000000000,5589543,F,2016/04/29,50,Georgetown,0,0,0,0,0,1,No,"2016-04-15 12:13:06",14
98500000000000,5602602,M,2016/04/29,52,Owasso,0,0,0,0,0,0,No,"2016-04-19 15:19:28",10
13600000000000,5618027,M,2016/04/29,21,Enterprise,0,0,0,0,0,0,Yes,"2016-04-25 18:04:28",4
27600000000000,5583299,M,2016/04/29,44,"Battle Creek",0,0,1,0,0,1,No,"2016-04-14 10:47:45",15
219000000000,5607394,M,2016/04/29,48,Princeton,0,0,0,0,0,1,No,"2016-04-20 11:39:06",9
4900000000000,5601433,F,2016/04/29,26,Woodland,0,0,0,0,0,0,No,"2016-04-19 12:52:17",10
6440000000000,5590970,M,2016/04/29,43,Burlington,0,0,0,0,0,1,Yes,"2016-04-15 15:30:45",14
59400000000000,5597455,M,2016/04/29,23,Madisonville,0,0,0,0,0,1,Yes,"2016-04-18 16:35:31",11
857000000000000,5590701,M,2016/04/29,34,Auburn,0,0,0,0,0,1,No,"2016-04-15 14:45:18",14
9500000000000,5626309,M,2016/04/29,35,Auburn,0,0,0,0,0,0,No,"2016-04-27 08:05:15",2
9500000000000,5626304,M,2016/04/29,35,Columbia,0,0,0,0,0,0,No,"2016-04-27 08:05:02",2
21300000000000,5617978,M,2016/04/29,43,Hartford,0,0,0,0,0,0,Yes,"2016-04-25 17:37:37",4
794000000000000,5634026,M,2016/04/29,52,Garberville,0,0,0,1,0,0,No,"2016-04-28 10:15:24",1
35000000000000,5616032,F,2016/04/29,43,Leesburg,0,0,0,1,0,1,No,"2016-04-25 13:23:38",4
857000000000000,5591046,M,2016/04/29,34,"Battle Creek",0,0,0,0,0,0,No,"2016-04-15 15:40:36",14
56300000000000,5602660,F,2016/04/29,37,Princeton,0,0,0,0,0,1,No,"2016-04-19 15:28:58",10
822000000000000,5640809,M,2016/04/29,38,Sikeston,0,0,0,0,0,0,No,"2016-04-29 11:27:34",0
872000000000,5641161,M,2016/04/29,40,Saginaw,0,0,0,0,0,0,No,"2016-04-29 12:39:42",0
9740000000000,5639235,M,2016/04/29,49,Gardena,0,0,0,0,0,0,No,"2016-04-29 08:49:56",0
45776871772,5639986,M,2016/04/29,38,Troy,0,0,0,0,0,0,No,"2016-04-29 09:56:15",0
65600000000000,5625062,M,2016/04/29,30,Raleigh,0,1,0,0,0,0,No,"2016-04-26 19:29:14",3
962000000000000,5624820,M,2016/04/29,20,Valentine,0,0,0,0,0,0,Yes,"2016-04-26 17:16:48",3
975000000000000,5624144,M,2016/04/29,46,Joplin,0,0,0,1,0,1,No,"2016-04-26 15:18:52",3
188000000000000,5642792,M,2016/04/29,45,Victorville,0,0,0,0,0,0,No,"2016-04-29 17:14:19",0
4900000000000,5642800,F,2016/04/29,26,Saginaw,0,0,0,0,0,0,No,"2016-04-29 17:16:31",0
6440000000000,5642796,M,2016/04/29,43,Chattanooga,0,0,0,0,0,0,No,"2016-04-29 17:15:08",0
13800000000000,5642794,M,2016/04/29,30,Clanton,0,0,0,1,0,0,No,"2016-04-29 17:14:44",0
417000000000000,5642799,M,2016/04/29,33,"Twin Mountain",0,0,0,0,0,0,No,"2016-04-29 17:16:13",0
6260000000000,5642798,M,2016/04/29,59,"East Syracuse",1,0,0,0,0,0,No,"2016-04-29 17:15:53",0
26900000000000,5642788,M,2016/04/29,63,Grayling,0,0,0,1,0,0,No,"2016-04-29 17:12:26",0
597000000000000,5642791,M,2016/04/29,47,Columbia,0,0,0,0,0,0,No,"2016-04-29 17:14:01",0
33500000000000,5642797,M,2016/04/29,44,Charlotte,0,0,0,1,0,0,No,"2016-04-29 17:15:25",0
871000000000000,5642779,M,2016/04/29,63,Albuquerque,0,0,0,1,0,0,No,"2016-04-29 17:11:18",0
31500000000000,5642780,M,2016/04/29,55,Auburn,0,1,0,1,0,0,No,"2016-04-29 17:11:34",0
258000000000,5642783,M,2016/04/29,49,Auburn,0,1,0,1,0,0,No,"2016-04-29 17:11:54",0
8435223536,5642784,M,2016/04/29,52,"Johnson City",0,0,0,1,0,0,No,"2016-04-29 17:12:09",0
31500000000000,5642239,M,2016/04/29,55,Columbia,0,1,0,1,0,0,No,"2016-04-29 15:24:40",0
450000000000000,5627832,F,2016/04/29,23,Shakopee,0,0,0,0,0,0,Yes,"2016-04-27 10:01:30",2
3880000000000,5626145,F,2016/04/29,17,"Rocky Mount",0,0,0,0,0,0,Yes,"2016-04-27 07:54:36",2
38000000000000,5626148,F,2016/04/29,23,Georgetown,0,0,0,0,0,0,Yes,"2016-04-27 07:54:46",2
6470000000000,5637061,F,2016/04/29,29,Sarasota,1,0,0,0,0,0,No,"2016-04-28 17:05:07",1
173000000000,5626139,F,2016/04/29,25,Columbia,0,0,0,0,0,0,Yes,"2016-04-27 07:54:20",2
5730000000000,5626131,F,2016/04/29,27,Eugene,0,0,0,0,0,0,No,"2016-04-27 07:54:11",2
886000000000000,5630228,M,2016/04/29,62,Victorville,0,0,1,0,0,0,No,"2016-04-27 14:59:53",2
498000000000000,5630226,F,2016/04/29,51,Victorville,0,0,0,0,0,0,No,"2016-04-27 14:59:39",2
19400000000000,5630231,F,2016/04/29,83,Saginaw,0,0,0,0,0,0,Yes,"2016-04-27 15:00:08",2
32600000000000,5626342,M,2016/04/29,7,"Soddy Daisy",0,0,0,0,0,0,No,"2016-04-27 08:08:00",2
16600000000000,5626337,F,2016/04/29,15,Kuttawa,0,0,0,0,0,0,No,"2016-04-27 08:07:43",2
635000000000000,5626336,M,2016/04/29,12,Columbia,0,0,0,0,0,0,Yes,"2016-04-27 08:07:33",2
312000000000000,5639814,F,2016/04/29,17,Columbia,1,0,0,0,0,0,No,"2016-04-29 09:38:58",0
913000000000000,5626189,M,2016/04/29,13,Raleigh,0,0,0,0,0,0,No,"2016-04-27 07:57:09",2
375000000000000,5626200,F,2016/04/29,13,Owasso,0,0,0,0,0,0,No,"2016-04-27 07:57:52",2
22728487413,5626179,M,2016/04/29,14,Victorville,0,0,0,0,0,0,Yes,"2016-04-27 07:56:29",2
25565387374,5626225,M,2016/04/29,10,Appleton,0,0,0,0,0,0,No,"2016-04-27 07:59:32",2
773000000000,5626229,F,2016/04/29,13,Harrison,0,0,0,0,0,0,No,"2016-04-27 07:59:48",2
56200000000000,5626216,M,2016/04/29,14,Sikeston,0,0,0,0,0,0,No,"2016-04-27 07:58:45",2
24800000000000,5626160,F,2016/04/29,11,Mobile,0,0,0,0,0,0,No,"2016-04-27 07:55:33",2
53500000000000,5626172,M,2016/04/29,14,Orlando,0,0,0,0,0,0,No,"2016-04-27 07:56:12",2
651000000000000,5626170,M,2016/04/29,3,Boone,0,0,0,0,0,0,No,"2016-04-27 07:56:02",2
3520000000000,5630299,F,2016/04/29,74,Georgetown,0,1,1,0,0,0,No,"2016-04-27 15:07:20",2
572000000000,5630303,M,2016/04/29,62,"East Syracuse",0,1,0,0,0,0,No,"2016-04-27 15:07:32",2
53200000000000,5630297,F,2016/04/29,43,"Lenoir City",0,0,0,0,0,0,Yes,"2016-04-27 15:07:08",2
5720000000000,5638897,M,2016/04/29,33,Huntingdon,0,0,1,0,0,0,Yes,"2016-04-29 08:33:52",0
2780000000000,5630278,F,2016/04/29,34,Oconomowoc,0,0,0,0,0,0,No,"2016-04-27 15:05:04",2
64300000000000,5630294,F,2016/04/29,20,Victorville,0,0,0,0,0,0,Yes,"2016-04-27 15:06:50",2
683000000000000,5630275,M,2016/04/29,60,Victorville,0,0,0,0,0,0,No,"2016-04-27 15:04:26",2
74900000000000,5630253,F,2016/04/29,56,"Rocky Mount",0,1,0,0,0,0,No,"2016-04-27 15:02:55",2
4870000000000,5630249,F,2016/04/29,35,"Rocky Mount",0,0,0,0,0,0,No,"2016-04-27 15:02:18",2
43522667322,5630247,F,2016/04/29,50,Chattanooga,0,1,1,0,0,0,No,"2016-04-27 15:02:04",2
9990000000000,5630240,M,2016/04/29,84,Chattanooga,0,0,0,0,0,0,No,"2016-04-27 15:01:20",2
81400000000000,5630242,F,2016/04/29,69,Billings,0,1,0,0,0,0,No,"2016-04-27 15:01:35",2
866000000000,5630244,F,2016/04/29,54,Cary,0,0,0,0,0,0,No,"2016-04-27 15:01:50",2
5870000000000,5642476,F,2016/04/29,69,Blythewood,0,0,0,0,1,0,No,"2016-04-29 16:04:19",0
2980000000000,5642475,F,2016/04/29,49,Deerfield,0,0,0,0,0,0,No,"2016-04-29 16:04:19",0
568000000000,5619778,F,2016/04/29,11,Gardena,0,0,0,0,0,1,Yes,"2016-04-26 08:18:19",3
43300000000000,5590520,M,2016/04/29,8,"Fort Wayne",0,0,0,0,0,1,No,"2016-04-15 14:22:17",14
737000000000000,5598893,F,2016/04/29,9,Bryant,0,0,0,0,0,1,Yes,"2016-04-19 08:11:12",10
760000000000000,5590705,F,2016/04/29,35,Bryant,0,0,0,0,0,1,No,"2016-04-15 14:46:28",14
66400000000000,5629861,M,2016/04/29,60,"East Syracuse",0,0,0,0,0,0,Yes,"2016-04-27 14:13:51",2
67800000000000,5629864,M,2016/04/29,61,Hartford,0,0,0,1,0,0,No,"2016-04-27 14:14:06",2
88500000000000,5629866,M,2016/04/29,65,Victorville,0,0,0,0,0,0,No,"2016-04-27 14:14:14",2
48600000000000,5629603,M,2016/04/29,66,Lexington,0,1,0,0,0,0,No,"2016-04-27 13:45:55",2
3920000000000,5629597,M,2016/04/29,59,Aspen,0,0,1,0,0,0,No,"2016-04-27 13:45:18",2
8550000000000,5629599,M,2016/04/29,57,"Rocky Mount",0,0,0,0,0,0,Yes,"2016-04-27 13:45:30",2
41487772512,5629737,M,2016/04/29,55,Sikeston,0,1,0,0,0,0,No,"2016-04-27 14:01:48",2
25400000000000,5629858,M,2016/04/29,67,Albuquerque,0,0,0,0,0,0,Yes,"2016-04-27 14:13:38",2
27700000000000,5629742,M,2016/04/29,63,Kuttawa,1,1,0,0,0,0,No,"2016-04-27 14:02:15",2
8960000000000,5541013,M,2016/04/29,15,Lincolnton,0,0,0,0,0,1,Yes,"2016-04-05 07:36:12",24
34300000000000,5560270,F,2016/04/29,78,"Osage Beach",0,0,0,0,0,1,No,"2016-04-08 08:42:58",21
6520000000000,5569597,F,2016/04/29,38,Bryant,1,0,0,0,0,1,No,"2016-04-11 19:17:49",18
4878186365,5569598,F,2016/04/29,28,Georgetown,0,0,0,0,0,1,Yes,"2016-04-11 19:17:58",18
92600000000000,5569595,M,2016/04/29,43,Columbia,0,0,0,0,0,1,Yes,"2016-04-11 19:17:31",18
1150000000000,5569596,F,2016/04/29,54,Appleton,0,0,0,0,0,1,No,"2016-04-11 19:17:40",18
4200000000000,5569576,F,2016/04/29,78,"Rocky Mount",0,0,0,0,1,1,No,"2016-04-11 19:14:11",18
446000000000000,5569575,F,2016/04/29,49,Chattanooga,0,0,0,0,0,1,No,"2016-04-11 19:14:02",18
122000000000000,5630201,F,2016/04/29,72,Mobile,0,0,0,0,0,0,No,"2016-04-27 14:57:11",2
75200000000000,5630204,M,2016/04/29,68,Albuquerque,0,0,0,0,0,0,No,"2016-04-27 14:57:27",2
723000000000000,5630211,F,2016/04/29,83,Albuquerque,0,1,0,0,0,0,Yes,"2016-04-27 14:58:01",2
76400000000000,5630219,F,2016/04/29,57,Burlington,0,0,0,0,0,0,No,"2016-04-27 14:58:49",2
174000000000000,5630221,F,2016/04/29,43,"El Reno",1,1,0,0,0,0,No,"2016-04-27 14:59:06",2
436000000000,5629148,F,2016/04/29,71,Blythewood,0,1,0,0,0,0,No,"2016-04-27 12:52:04",2
16000000000000,5629147,F,2016/04/29,67,Auburn,0,0,0,0,0,0,No,"2016-04-27 12:51:49",2
53900000000000,5629145,F,2016/04/29,24,Bryant,0,0,0,0,0,0,No,"2016-04-27 12:51:37",2
3290000000000,5641295,F,2016/04/29,78,Appleton,0,0,0,0,0,0,No,"2016-04-29 13:14:27",0
623000000000000,5629149,F,2016/04/29,49,"Rocky Mount",1,1,0,0,0,0,Yes,"2016-04-27 12:52:18",2
339000000000,5630184,M,2016/04/29,69,Charlotte,0,1,1,0,0,0,No,"2016-04-27 14:55:25",2
7270000000000,5630198,F,2016/04/29,39,Charlotte,1,0,0,0,0,0,Yes,"2016-04-27 14:56:48",2
98700000000000,5641000,M,2016/04/29,84,Plainfield,0,1,0,0,0,0,No,"2016-04-29 11:59:41",0
39500000000000,5630195,F,2016/04/29,62,Billings,0,1,1,0,0,0,No,"2016-04-27 14:56:33",2
986000000000000,5629144,F,2016/04/29,80,"Castle Rock",0,0,0,0,0,0,No,"2016-04-27 12:51:25",2
45800000000000,5629140,F,2016/04/29,76,Lincolnton,0,1,1,0,0,0,No,"2016-04-27 12:51:00",2
81600000000000,5629142,F,2016/04/29,40,Dublin,0,0,1,0,0,0,Yes,"2016-04-27 12:51:10",2
15100000000000,5629139,F,2016/04/29,9,Georgetown,1,0,0,0,0,0,Yes,"2016-04-27 12:50:52",2
58600000000000,5629134,F,2016/04/29,65,"East Syracuse",0,1,1,0,0,0,Yes,"2016-04-27 12:50:29",2
95200000000000,5629133,M,2016/04/29,92,Eugene,0,1,0,0,0,0,Yes,"2016-04-27 12:50:21",2
28400000000000,5629135,M,2016/04/29,78,Harrison,0,1,1,0,0,0,No,"2016-04-27 12:50:39",2
6380000000000,5569533,F,2016/04/29,38,Tyler,0,0,0,0,0,1,No,"2016-04-11 18:54:28",18
3140000000000,5569532,F,2016/04/29,68,"Forest Grove",0,0,0,0,0,1,No,"2016-04-11 18:54:21",18
22800000000000,5637312,M,2016/04/29,75,Mullins,0,1,0,0,0,0,No,"2016-04-28 18:25:03",1
2320000000000,5569514,F,2016/04/29,23,Charlotte,0,0,0,0,0,1,Yes,"2016-04-11 18:51:50",18
6830000000000,5569531,F,2016/04/29,47,Charlotte,0,0,0,0,0,1,No,"2016-04-11 18:54:13",18
476000000000000,5637310,F,2016/04/29,17,Sikeston,0,0,0,0,0,0,No,"2016-04-28 18:24:14",1
43000000000000,5552852,F,2016/04/29,45,Mobile,0,0,0,0,0,1,No,"2016-04-06 17:34:15",23
85800000000000,5552868,F,2016/04/29,59,Albuquerque,0,1,0,0,0,1,Yes,"2016-04-06 17:38:39",23
37600000000000,5639931,M,2016/04/29,63,Boone,0,0,0,0,0,0,No,"2016-04-29 09:50:05",0
7310000000000,5639888,M,2016/04/29,65,Kuttawa,0,0,0,0,0,0,No,"2016-04-29 09:46:09",0
23700000000000,5638717,F,2016/04/29,31,Dublin,0,0,0,0,0,0,No,"2016-04-29 08:20:22",0
745000000000,5551694,M,2016/04/29,19,Eugene,0,0,0,0,0,1,Yes,"2016-04-06 14:32:28",23
5680000000000,5552765,M,2016/04/29,61,Tyler,0,0,0,0,0,1,Yes,"2016-04-06 17:04:55",23
997000000000000,5553334,M,2016/04/29,52,Oconomowoc,0,0,0,0,0,1,Yes,"2016-04-07 07:12:51",22
72500000000000,5552775,F,2016/04/29,62,Mullins,0,0,0,0,0,0,No,"2016-04-06 17:09:12",23
86400000000000,5639690,F,2016/04/29,62,Lexington,0,0,0,0,0,0,No,"2016-04-29 09:24:07",0
9220000000000,5550200,F,2016/04/29,61,"Battle Creek",0,0,0,0,0,1,No,"2016-04-06 10:59:17",23
5760000000000,5453021,F,2016/04/29,22,"Battle Creek",0,0,0,0,0,0,No,"2016-03-10 10:33:16",50
782000000000000,5584550,M,2016/04/29,6,Mobile,0,0,0,0,0,1,Yes,"2016-04-14 14:15:02",15
87900000000000,5584540,F,2016/04/29,58,Plainfield,0,0,0,0,0,0,No,"2016-04-14 14:13:18",15
159000000000000,5482855,F,2016/04/29,29,Plainfield,0,1,0,0,0,0,No,"2016-03-17 10:23:49",43
612000000000,5639174,M,2016/04/29,17,Boone,0,0,0,0,0,0,No,"2016-04-29 08:47:04",0
853000000000000,5577669,F,2016/04/29,15,Boone,0,0,0,0,0,1,No,"2016-04-13 10:29:32",16
77800000000000,5522488,F,2016/04/29,39,Dublin,0,0,0,0,0,1,No,"2016-03-29 14:26:25",31
7180000000000,5458198,F,2016/04/29,19,Dublin,0,0,0,0,0,1,No,"2016-03-11 11:09:14",49
6150000000000,5465311,M,2016/04/29,39,Columbia,0,0,0,0,0,1,No,"2016-03-14 13:53:51",46
255000000000000,5498807,F,2016/04/29,39,Appleton,0,0,0,0,0,1,No,"2016-03-22 07:59:37",38
765000000000,5583017,F,2016/04/29,16,Corbin,0,0,0,0,0,1,Yes,"2016-04-14 10:18:32",15
923000000000000,5584964,F,2016/04/29,42,Mobile,0,0,0,0,0,1,No,"2016-04-14 15:15:49",15
159000000000000,5482854,F,2016/04/29,29,Bloomington,0,1,0,0,0,1,No,"2016-03-17 10:23:49",43
45100000000000,5616869,F,2016/04/29,42,"Bowling Green",0,0,0,0,0,1,No,"2016-04-25 14:55:41",4
45100000000000,5616870,F,2016/04/29,42,Kuttawa,0,0,0,0,0,0,No,"2016-04-25 14:55:41",4
15100000000000,5622440,M,2016/04/29,59,Lincolnton,0,1,1,0,0,1,No,"2016-04-26 12:06:34",3
6960000000000,5642087,F,2016/04/29,32,"Bay City",0,0,0,0,0,0,No,"2016-04-29 15:02:56",0
785000000000000,5641593,F,2016/04/29,15,"Bay City",0,0,0,0,0,0,No,"2016-04-29 13:59:55",0
131000000000000,5641367,M,2016/04/29,15,Saginaw,0,0,0,0,0,0,No,"2016-04-29 13:25:30",0
791000000000000,5641543,F,2016/04/29,29,Gardena,0,0,0,0,0,0,No,"2016-04-29 13:53:28",0
8160000000000,5641294,M,2016/04/29,36,Woodland,0,0,0,0,0,0,No,"2016-04-29 13:14:21",0
4980000000000,5640390,M,2016/04/29,2,Burlington,0,0,0,0,0,0,No,"2016-04-29 10:38:39",0
7940000000000,5640393,F,2016/04/29,0,"Twin Mountain",0,0,0,0,0,0,No,"2016-04-29 10:39:09",0
46200000000000,5640372,F,2016/04/29,86,Eugene,0,1,0,0,0,0,No,"2016-04-29 10:36:21",0
7400000000000,5638536,F,2016/04/29,22,"Little River",0,0,1,0,0,0,No,"2016-04-29 08:07:43",0
49800000000000,5530556,F,2016/05/03,49,Columbus,0,0,0,0,0,1,Yes,"2016-03-31 08:25:33",33
89600000000000,5549661,F,2016/05/10,73,Lubbock,0,0,0,0,0,1,No,"2016-04-06 10:13:02",34
466000000000,5613929,F,2016/05/17,51,Shreveport,0,0,0,0,0,0,No,"2016-04-25 09:52:28",22
86800000000000,5731976,F,2016/05/24,20,Boone,0,0,0,0,0,0,No,"2016-05-24 10:48:13",0
58100000000000,5739155,F,2016/05/31,37,"Bowling Green",0,0,0,0,0,1,No,"2016-05-25 12:50:20",6
22500000000000,5530614,F,2016/05/03,24,Raton,0,0,0,0,0,1,Yes,"2016-03-31 08:29:14",33
942000000000000,5556244,F,2016/05/10,50,Enterprise,0,0,0,0,0,1,No,"2016-04-07 11:35:38",33
9140000000000,5578544,F,2016/05/17,43,Valentine,0,0,0,0,0,0,No,"2016-04-13 12:46:46",34
194000000000000,5590813,F,2016/05/24,60,Moore,0,0,0,0,0,1,No,"2016-04-15 15:03:46",39
185000000000,5621899,F,2016/05/31,51,Mobile,0,0,0,0,0,1,No,"2016-04-26 11:00:06",35
6470000000000,5532305,F,2016/05/03,73,Burlington,0,0,0,0,0,1,Yes,"2016-03-31 10:55:05",33
353000000000000,5559057,F,2016/05/10,43,"Bowling Green",0,0,0,0,0,1,No,"2016-04-08 07:19:44",32
595000000000000,5581983,F,2016/05/17,63,Lincolnton,0,0,0,0,0,0,No,"2016-04-14 08:47:46",33
13900000000000,5593569,F,2016/05/24,49,Lincolnton,0,0,0,0,0,1,No,"2016-04-18 09:30:07",36
166000000000000,5622593,F,2016/05/31,51,Lincolnton,0,0,0,0,0,1,Yes,"2016-04-26 12:27:11",35
8530000000000,5752454,F,2016/05/31,49,Dublin,0,0,0,0,0,0,No,"2016-05-31 11:47:10",0
83200000000000,5532464,F,2016/05/03,48,Troy,0,0,0,0,0,1,Yes,"2016-03-31 11:16:35",33
14600000000000,5548165,F,2016/05/10,58,Eugene,0,0,0,0,0,1,No,"2016-04-06 08:11:25",34
398000000000000,5574805,F,2016/05/17,36,Eugene,0,0,0,0,0,0,Yes,"2016-04-12 15:53:27",35
19900000000000,5708815,F,2016/05/17,26,Victorville,0,0,0,0,0,0,No,"2016-05-17 12:11:28",0
9940000000000,5597459,F,2016/05/24,40,Lexington,0,0,0,0,0,1,No,"2016-04-18 16:36:26",36
9540000000000,5632119,F,2016/05/31,36,Mobile,0,0,0,0,0,1,No,"2016-04-28 07:41:49",33
7190000000000,5536068,F,2016/05/03,41,"Fort Wayne",0,0,0,0,0,1,Yes,"2016-04-01 08:12:41",32
74000000000000,5557377,F,2016/05/10,41,Blythewood,0,0,0,0,0,1,No,"2016-04-07 14:21:56",33
815000000000000,5585779,F,2016/05/17,22,Bryant,0,0,0,0,0,0,No,"2016-04-14 18:49:47",33
983000000000000,5607276,F,2016/05/24,54,Raton,0,0,0,0,0,1,No,"2016-04-20 11:29:17",34
554000000000000,5635297,F,2016/05/31,52,Columbia,0,0,0,0,0,1,No,"2016-04-28 13:07:12",33
58500000000000,5544706,F,2016/05/03,32,Yellville,0,0,0,0,0,1,No,"2016-04-05 12:09:56",28
43000000000000,5557984,F,2016/05/10,49,"Bella Vista",0,0,0,0,0,1,No,"2016-04-07 15:43:22",33
74800000000000,5587513,F,2016/05/17,50,Moore,0,0,0,0,0,0,No,"2016-04-15 08:45:13",32
23900000000000,5608742,F,2016/05/24,41,Charlotte,0,0,0,0,0,1,No,"2016-04-20 14:20:42",34
62200000000000,5748331,F,2016/05/31,24,Corbin,0,0,0,0,0,0,No,"2016-05-30 19:25:44",1
62600000000000,5575252,F,2016/05/17,48,Mobile,0,0,0,0,0,0,No,"2016-04-12 18:12:57",35
37300000000000,5604926,F,2016/05/24,40,Gardena,0,0,0,0,0,1,No,"2016-04-20 08:27:27",34
69500000000000,5628478,F,2016/05/31,18,Cary,0,0,0,0,0,1,No,"2016-04-27 11:03:25",34
984000000000000,5543483,F,2016/05/03,61,Fairmont,0,0,0,0,0,1,No,"2016-04-05 10:12:04",28
51419337233,5552772,F,2016/05/10,62,"Twin Mountain",0,0,0,0,0,1,No,"2016-04-06 17:08:17",34
9180000000000,5581662,F,2016/05/17,27,"Max Meadows",0,0,0,0,0,0,No,"2016-04-14 08:24:32",33
3820000000000,5613944,F,2016/05/24,62,Eugene,0,0,0,0,0,1,Yes,"2016-04-25 09:53:37",29
43000000000000,5733388,F,2016/05/24,49,Eugene,0,0,0,0,0,0,No,"2016-05-24 13:47:46",0
587000000000,5631803,F,2016/05/31,50,Victorville,0,0,0,0,0,1,Yes,"2016-04-28 07:26:40",33
359000000000000,5544397,F,2016/05/03,70,Cambridge,0,0,0,0,0,1,No,"2016-04-05 11:24:36",28
57400000000000,5552768,F,2016/05/10,73,Cary,0,0,0,0,0,1,No,"2016-04-06 17:07:17",34
64200000000000,5542919,F,2016/05/03,63,"Fort Collins",0,0,0,0,0,1,Yes,"2016-04-05 09:30:43",28
34900000000000,5546909,F,2016/05/10,60,Boone,0,0,0,0,0,1,No,"2016-04-05 18:21:02",35
46300000000000,5709610,F,2016/05/17,56,"Bowling Green",0,0,0,0,0,0,No,"2016-05-17 14:05:38",0
72300000000000,5581229,F,2016/05/17,22,"Fort Wayne",0,0,0,0,0,0,Yes,"2016-04-14 07:49:12",33
85800000000000,5603356,F,2016/05/24,59,Bryant,0,1,0,0,0,1,Yes,"2016-04-19 19:19:58",35
22100000000000,5624865,F,2016/05/31,50,Georgetown,0,0,0,0,0,1,No,"2016-04-26 17:26:07",35
328000000000000,5690658,F,2016/05/24,29,Dublin,0,0,0,0,0,1,Yes,"2016-05-12 10:26:44",12
1760000000000,5717922,F,2016/05/31,20,Gooding,0,0,0,0,0,1,No,"2016-05-19 08:37:23",12
19200000000000,5678040,F,2016/05/10,36,"Forest Grove",0,0,0,0,0,0,No,"2016-05-10 07:59:33",0
43000000000000,5708243,F,2016/05/17,49,"Elk City",0,0,0,0,0,0,No,"2016-05-17 10:52:13",0
7660000000000,5629688,F,2016/05/03,34,Columbus,0,0,0,0,0,1,No,"2016-04-27 13:56:19",6
46300000000000,5680371,F,2016/05/10,38,Woodland,0,0,0,0,0,0,No,"2016-05-10 11:47:32",0
262000000000,5649165,F,2016/05/03,37,Blythewood,0,0,0,0,0,0,No,"2016-05-02 17:57:51",1
9430000000000,5678182,F,2016/05/10,46,"Twin Mountain",0,0,0,0,0,0,No,"2016-05-10 08:11:54",0
766000000000000,5708519,F,2016/05/17,65,"Max Meadows",0,0,0,0,0,0,No,"2016-05-17 11:24:42",0
549000000000,5729362,F,2016/05/24,67,Enterprise,0,0,0,0,0,0,No,"2016-05-24 07:26:47",0
74000000000000,5748831,F,2016/05/31,42,"Forest Grove",0,0,0,0,0,0,No,"2016-05-31 07:18:33",0
3160000000000,5644237,M,2016/05/02,36,Victorville,0,0,0,0,0,0,No,"2016-05-02 08:25:18",0
975000000000,5743758,F,2016/05/30,52,Princeton,0,0,0,0,0,0,No,"2016-05-30 09:23:34",0
69200000000000,5743435,F,2016/05/30,2,"Delray Beach",0,0,0,0,0,0,No,"2016-05-30 09:01:04",0
56500000000000,5743848,F,2016/05/30,1,Plainfield,0,0,0,0,0,0,No,"2016-05-30 09:30:53",0
55900000000000,5744405,M,2016/05/30,72,Billings,0,0,0,0,0,0,No,"2016-05-30 10:13:51",0
18800000000000,5744478,F,2016/05/30,1,Bryant,0,0,0,0,0,0,No,"2016-05-30 10:19:49",0
767000000000000,5744498,F,2016/05/30,19,Dublin,0,0,0,0,0,0,No,"2016-05-30 10:21:24",0
100000000000000,5647374,M,2016/05/02,11,Harrison,0,0,0,0,0,0,No,"2016-05-02 13:30:04",0
54400000000000,5702949,M,2016/05/16,50,"Lenoir City",0,0,0,0,0,0,Yes,"2016-05-16 13:18:43",0
16800000000000,5745158,F,2016/05/30,15,Columbus,0,0,0,0,0,0,No,"2016-05-30 11:21:13",0
289000000000000,5744589,M,2016/05/30,0,Mercer,0,0,0,0,0,0,No,"2016-05-30 10:29:02",0
999000000000000,5647258,F,2016/05/02,5,Raleigh,0,0,0,0,0,0,No,"2016-05-02 13:16:13",0
7460000000000,5746301,F,2016/05/30,63,Hartford,0,0,0,0,0,0,No,"2016-05-30 13:45:23",0
6250000000000,5746475,M,2016/05/30,24,"Forest Grove",0,0,0,0,0,0,No,"2016-05-30 14:03:14",0
33700000000000,5746595,F,2016/05/30,0,Oconomowoc,0,0,0,0,0,0,No,"2016-05-30 14:13:15",0
262000000000000,5657565,F,2016/05/04,32,Victorville,0,0,0,0,0,0,No,"2016-05-04 09:34:22",0
64100000000000,5657364,F,2016/05/04,63,Charlotte,0,0,0,0,0,0,No,"2016-05-04 09:16:44",0
642000000000000,5657832,F,2016/05/04,66,Albuquerque,0,0,0,0,0,0,No,"2016-05-04 10:01:09",0
7360000000000,5658238,F,2016/05/04,27,Clanton,0,0,0,0,0,0,No,"2016-05-04 10:45:34",0
66600000000000,5659663,F,2016/05/04,67,Auburn,0,0,0,0,0,0,No,"2016-05-04 14:26:21",0
92300000000000,5640488,F,2016/05/02,33,Bryant,0,0,0,0,0,0,No,"2016-04-29 10:49:03",3
84281639584,5659705,F,2016/05/04,31,Eugene,0,0,0,0,0,0,No,"2016-05-04 14:33:29",0
9400000000000,5645408,M,2016/05/02,70,Mercer,0,0,0,0,0,0,No,"2016-05-02 09:52:13",0
18600000000000,5701408,M,2016/05/16,16,Victorville,0,0,0,0,0,0,No,"2016-05-16 10:30:30",0
74335992338,5639302,F,2016/05/02,61,Chattanooga,0,1,0,0,0,0,Yes,"2016-04-29 08:56:18",3
747000000000,5645403,F,2016/05/02,40,Chattanooga,0,0,0,0,0,0,No,"2016-05-02 09:51:21",0
25400000000000,5702265,F,2016/05/16,31,Bryant,0,0,0,0,0,0,No,"2016-05-16 11:52:28",0
55600000000000,5697015,M,2016/05/16,38,Dublin,0,0,0,0,0,0,No,"2016-05-13 14:48:04",3
9830000000000,5657195,F,2016/05/10,55,Georgetown,0,0,0,0,0,0,No,"2016-05-04 09:02:36",6
23800000000000,5724095,F,2016/05/31,58,Eugene,0,0,0,0,0,0,No,"2016-05-20 08:58:42",11
74335992338,5708929,F,2016/05/17,61,"Little River",0,1,0,0,0,0,No,"2016-05-17 12:29:15",0
762000000000,5708934,F,2016/05/17,83,"Little River",0,1,1,0,0,0,No,"2016-05-17 12:29:34",0
4490000000000,5726941,M,2016/05/31,58,Tyler,0,0,0,0,0,0,Yes,"2016-05-20 14:39:09",11
4870000000000,5708234,F,2016/05/19,34,Raleigh,0,0,0,0,0,0,Yes,"2016-05-17 10:50:21",2
23800000000000,5689331,F,2016/05/12,58,Hartford,0,0,0,0,0,0,No,"2016-05-12 08:19:36",0
92300000000000,5662463,F,2016/05/06,33,Appleton,0,0,0,0,0,0,No,"2016-05-05 08:35:50",1
9890000000000,5718095,F,2016/05/20,55,Vandalia,0,0,0,0,0,0,No,"2016-05-19 08:53:58",1
3000000000000,5659826,F,2016/05/05,61,"Rocky Mount",0,0,0,0,0,0,Yes,"2016-05-04 14:49:11",1
9890000000000,5714138,F,2016/05/19,55,Mobile,0,0,0,0,0,0,Yes,"2016-05-18 11:20:31",1
5730000000000,5605391,F,2016/05/02,25,Plainfield,1,0,0,0,0,1,Yes,"2016-04-20 08:56:29",12
199000000000000,5566826,F,2016/05/16,28,Plainfield,0,0,0,0,0,0,Yes,"2016-04-11 11:10:52",35
259000000000,5594546,F,2016/05/30,40,Burlington,0,0,0,0,0,1,Yes,"2016-04-18 10:53:07",42
390000000000,5669600,F,2016/05/10,36,Calhoun,0,0,0,0,0,0,No,"2016-05-06 11:11:30",4
2630000000000,5708935,M,2016/05/17,62,Dublin,0,1,0,0,0,0,No,"2016-05-17 12:29:46",0
443000000000000,5718753,F,2016/05/31,59,Troy,0,1,0,0,0,0,No,"2016-05-19 10:04:16",12
579000000000,5599881,F,2016/05/02,40,Tyler,0,0,0,0,0,1,Yes,"2016-04-19 09:35:15",13
72700000000000,5575548,F,2016/05/16,30,Deerfield,0,0,0,0,0,0,No,"2016-04-13 07:14:21",33
798000000000,5630157,F,2016/05/30,20,Owasso,0,0,0,0,0,1,No,"2016-04-27 14:51:56",33
496000000000000,5598698,F,2016/05/02,47,Enterprise,0,0,0,0,0,1,Yes,"2016-04-19 07:54:59",13
23600000000000,5567920,F,2016/05/16,38,Oconomowoc,0,0,0,0,0,0,No,"2016-04-11 13:34:53",35
56900000000000,5626925,F,2016/05/30,60,Victorville,0,0,0,0,0,1,Yes,"2016-04-27 08:50:05",33
18900000000000,5582241,F,2016/05/02,18,Mobile,0,0,0,0,0,1,Yes,"2016-04-14 09:08:16",18
99400000000000,5574332,F,2016/05/16,60,Gardena,1,1,1,0,0,0,No,"2016-04-12 14:41:50",34
94300000000000,5608317,F,2016/05/30,38,Plainfield,0,0,0,0,0,1,No,"2016-04-20 13:36:29",40
31200000000000,5526806,F,2016/05/02,21,Cary,0,0,0,0,0,1,Yes,"2016-03-30 11:25:48",33
65700000000000,5576981,F,2016/05/16,29,Boone,0,0,0,0,0,0,Yes,"2016-04-13 09:17:21",33
92200000000000,5577982,F,2016/05/30,21,Kuttawa,0,0,0,0,0,1,Yes,"2016-04-13 11:10:44",47
6500000000000,5524352,F,2016/05/02,35,"Johnson City",1,0,0,0,0,1,Yes,"2016-03-30 07:41:13",33
9970000000000,5576999,F,2016/05/16,38,Indianapolis,1,0,0,0,0,0,Yes,"2016-04-13 09:19:11",33
544000000000000,5627066,F,2016/05/30,51,Appleton,0,0,0,0,0,1,No,"2016-04-27 09:00:15",33
6120000000000,5705958,F,2016/05/17,23,Billings,0,0,0,0,0,0,No,"2016-05-17 07:40:25",0
89400000000000,5524888,F,2016/05/02,36,Dublin,0,0,0,0,0,1,Yes,"2016-03-30 08:21:30",33
967000000000000,5571958,F,2016/05/16,50,Shakopee,0,0,0,0,0,0,Yes,"2016-04-12 09:50:07",34
4180000000000,5615976,F,2016/05/30,45,Coralville,0,0,0,0,0,1,Yes,"2016-04-25 13:19:05",35
35400000000000,5626035,F,2016/05/31,60,Coralville,0,1,0,0,0,1,No,"2016-04-27 07:49:03",34
91900000000000,5524578,F,2016/05/03,36,Mobile,0,0,0,0,0,1,No,"2016-03-30 07:57:51",34
453000000000,5706180,M,2016/05/17,12,"Joshua Tree",0,0,0,0,0,0,No,"2016-05-17 07:58:19",0
998000000000,5729609,F,2016/05/24,6,Kuttawa,0,0,0,0,0,0,No,"2016-05-24 07:40:41",0
87100000000000,5706109,F,2016/05/17,47,Auburn,1,1,0,0,0,0,No,"2016-05-17 07:52:04",0
6340000000000,5729475,F,2016/05/24,25,Bryant,0,0,0,0,0,0,No,"2016-05-24 07:32:54",0
552000000000000,5749043,F,2016/05/31,24,Dublin,0,0,0,0,0,0,Yes,"2016-05-31 07:26:09",0
2620000000000,5749718,M,2016/05/31,64,Dublin,0,1,0,0,0,0,No,"2016-05-31 08:08:50",0
819000000000000,5605084,F,2016/05/31,65,Dublin,0,1,0,0,0,0,Yes,"2016-04-20 08:36:39",41
524000000000000,5750330,F,2016/05/31,1,Eugene,0,0,0,0,0,0,No,"2016-05-31 08:44:59",0
6120000000000,5706756,F,2016/05/17,19,Columbus,0,0,0,0,0,0,No,"2016-05-17 08:47:13",0
7840000000000,5730318,M,2016/05/24,38,Columbus,0,0,0,0,1,0,No,"2016-05-24 08:27:43",0
2950000000000,5750260,F,2016/05/31,1,Gorham,0,0,0,0,0,0,No,"2016-05-31 08:40:04",0
4160000000000,5549104,F,2016/05/17,46,Charlotte,0,0,0,0,0,0,No,"2016-04-06 09:24:09",41
4260000000000,5730674,F,2016/05/24,75,Corbin,0,1,1,0,0,0,No,"2016-05-24 08:58:41",0
74400000000000,5750653,M,2016/05/31,92,Sikeston,0,1,0,0,0,0,No,"2016-05-31 09:08:10",0
9822273977,5676748,F,2016/05/17,21,Chattanooga,1,0,0,0,0,0,No,"2016-05-09 16:23:45",8
9770000000000,5730702,M,2016/05/24,11,Mobile,0,0,0,0,0,0,No,"2016-05-24 09:00:51",0
8270000000000,5750937,F,2016/05/31,26,Woodland,0,0,0,0,0,0,No,"2016-05-31 09:29:59",0
974000000000,5652024,M,2016/05/03,66,Batesville,0,1,1,0,0,0,No,"2016-05-03 09:34:55",0
7590000000000,5679423,F,2016/05/10,77,Kuttawa,0,1,0,0,0,0,No,"2016-05-10 09:55:12",0
725000000000000,5730270,F,2016/05/24,2,"Max Meadows",0,0,0,0,0,0,No,"2016-05-24 08:22:50",0
18875363788,5577656,F,2016/05/17,30,"Saint Louis",0,0,0,0,0,0,No,"2016-04-13 10:27:48",34
64500000000000,5730916,F,2016/05/24,23,"Saint Louis",0,0,0,0,0,0,No,"2016-05-24 09:18:17",0
72200000000000,5676753,F,2016/05/17,33,"Saint Louis",1,0,0,0,0,0,Yes,"2016-05-09 16:24:22",8
93600000000000,5731284,M,2016/05/24,74,Victorville,0,0,0,0,0,0,No,"2016-05-24 09:47:51",0
41500000000000,5706791,F,2016/05/17,18,Victorville,0,0,0,0,0,0,No,"2016-05-17 08:51:02",0
612000000000000,5707568,M,2016/05/17,0,Albany,0,0,0,0,0,0,No,"2016-05-17 09:48:12",0
95300000000000,5731292,F,2016/05/24,6,Indianapolis,0,0,0,0,0,0,No,"2016-05-24 09:48:39",0
92900000000000,5751663,M,2016/05/31,44,"Rocky Mount",0,0,0,0,0,0,No,"2016-05-31 10:27:26",0
673000000000,5708043,F,2016/05/19,28,"Rocky Mount",1,0,0,0,0,0,No,"2016-05-17 10:32:00",2
5730000000000,5676048,F,2016/05/12,25,Charlotte,1,0,0,0,0,0,No,"2016-05-09 14:53:53",3
31200000000000,5655403,F,2016/05/17,21,Cary,0,0,0,0,0,0,No,"2016-05-03 17:02:37",14
54500000000000,5675384,F,2016/05/17,37,"Castle Rock",0,0,0,0,0,0,No,"2016-05-09 13:39:15",8
87000000000000,5674606,F,2016/05/17,23,"Osage Beach",0,0,0,0,0,0,Yes,"2016-05-09 11:26:42",8
723000000000,5715066,F,2016/05/24,30,Bryant,0,0,0,0,0,1,No,"2016-05-18 13:35:46",6
656000000000000,5707203,F,2016/05/17,47,Dublin,0,0,0,0,0,0,No,"2016-05-17 09:19:40",0
673000000000,5707510,F,2016/05/17,28,"Max Meadows",1,0,0,0,0,0,No,"2016-05-17 09:43:08",0
2950000000000,5751951,F,2016/05/31,1,Columbia,0,0,0,0,0,0,No,"2016-05-31 10:53:19",0
223000000000000,5674562,F,2016/05/17,31,"Saint Louis",0,0,0,0,0,0,No,"2016-05-09 11:19:26",8
89400000000000,5726154,F,2016/05/31,36,"Saint Louis",0,0,0,0,0,1,No,"2016-05-20 13:11:48",11
45300000000000,5674587,F,2016/05/17,50,"Saint Louis",0,0,0,0,0,0,No,"2016-05-09 11:23:55",8
543000000000,5720741,F,2016/05/24,38,Victorville,0,0,0,0,0,1,No,"2016-05-19 14:28:49",5
592000000000,5674564,F,2016/05/17,28,Princeton,0,0,0,0,0,0,Yes,"2016-05-09 11:19:38",8
74300000000000,5667438,F,2016/05/06,31,Corbin,1,0,0,0,0,0,No,"2016-05-06 07:46:56",0
961000000000000,5723442,F,2016/05/20,36,Albuquerque,0,0,0,0,0,0,No,"2016-05-20 08:15:58",0
37600000000000,5667303,M,2016/05/06,10,Burlington,0,0,0,0,0,0,No,"2016-05-06 07:37:59",0
522000000000000,5693752,F,2016/05/13,35,"Fort Collins",0,0,0,0,0,0,No,"2016-05-13 07:38:55",0
6500000000000,5668051,F,2016/05/06,35,Winthrop,1,0,0,0,0,0,No,"2016-05-06 08:24:52",0
72700000000000,5667276,F,2016/05/06,30,Kuttawa,0,0,0,0,0,0,No,"2016-05-06 07:35:31",0
82700000000000,5548772,F,2016/05/13,28,Raleigh,0,0,0,0,0,0,Yes,"2016-04-06 08:58:18",37
579000000000,5693744,F,2016/05/13,40,"Saint Louis",0,0,0,0,0,0,No,"2016-05-13 07:38:07",0
34700000000000,5711566,F,2016/05/20,36,"Saint Louis",1,0,0,0,0,0,No,"2016-05-18 07:46:51",2
729000000000,5621133,F,2016/05/12,48,"Forest Grove",1,1,0,0,0,1,No,"2016-04-26 09:52:36",16
4130000000000,5576454,F,2016/05/12,26,Victorville,0,0,0,0,0,1,No,"2016-04-13 08:30:11",29
3620000000000,5551657,F,2016/05/12,49,Coralville,0,0,1,0,0,0,Yes,"2016-04-06 14:27:52",36
72200000000000,5681185,F,2016/05/12,33,Charlotte,1,0,0,0,0,0,No,"2016-05-10 13:47:26",2
122000000000,5549999,F,2016/05/12,58,Burlington,0,1,0,0,0,1,Yes,"2016-04-06 10:43:28",36
566000000000,5548365,F,2016/05/12,47,"Castle Rock",0,0,0,0,0,0,Yes,"2016-04-06 08:26:02",36
1800000000000,5551442,F,2016/05/12,31,"Osage Beach",1,0,0,0,0,1,No,"2016-04-06 14:03:22",36
496000000000000,5668152,F,2016/05/06,47,"Fort Worth",0,0,0,0,0,0,No,"2016-05-06 08:34:32",0
94800000000000,5694641,F,2016/05/13,36,"Max Meadows",0,0,0,0,0,0,No,"2016-05-13 08:50:16",0
653000000000000,5668164,F,2016/05/06,62,"Forest Grove",0,1,0,0,0,0,No,"2016-05-06 08:36:12",0
79100000000000,5694986,F,2016/05/13,34,Victorville,1,0,0,0,0,0,No,"2016-05-13 09:15:36",0
6730000000000,5724349,M,2016/05/20,0,Batesville,0,0,0,0,0,0,No,"2016-05-20 09:23:06",0
748000000000000,5724708,M,2016/05/20,60,"Bowling Green",0,0,0,0,0,0,No,"2016-05-20 09:56:50",0
5240000000000,5668442,M,2016/05/06,79,"Fort Wayne",0,1,1,0,0,0,No,"2016-05-06 09:05:18",0
31800000000000,5695281,F,2016/05/13,67,Kuttawa,0,1,0,0,0,0,No,"2016-05-13 09:52:59",0
254000000000,5669183,F,2016/05/06,29,Auburn,0,0,0,0,0,0,No,"2016-05-06 10:28:46",0
653000000000000,5725193,F,2016/05/20,62,"Fort Worth",0,1,0,0,0,0,No,"2016-05-20 10:41:22",0
9822273977,5668956,F,2016/05/06,21,"Max Meadows",1,0,0,0,0,0,No,"2016-05-06 10:02:56",0
88500000000000,5695408,F,2016/05/13,13,"Delray Beach",1,0,0,0,0,0,No,"2016-05-13 10:10:49",0
589000000000,5669034,F,2016/05/06,21,Mobile,0,0,0,0,0,0,No,"2016-05-06 10:14:30",0
3880000000000,5695597,F,2016/05/13,23,Orlando,0,0,0,0,0,0,No,"2016-05-13 10:33:37",0
2620000000000,5725196,M,2016/05/20,64,"Fort Collins",0,1,0,0,0,0,No,"2016-05-20 10:41:48",0
72200000000000,5670616,F,2016/05/06,33,Bryant,1,0,0,0,0,0,No,"2016-05-06 14:14:59",0
94800000000000,5696317,F,2016/05/13,36,"Fort Worth",0,0,0,0,0,0,No,"2016-05-13 12:34:40",0
24800000000000,5670646,F,2016/05/06,20,"Forest Grove",0,0,0,0,0,0,No,"2016-05-06 14:20:00",0
7351196917,5696498,F,2016/05/13,19,Princeton,0,0,0,0,0,0,No,"2016-05-13 13:23:37",0
969000000000000,5551301,F,2016/05/13,30,"Eau Claire",1,0,0,0,0,0,Yes,"2016-04-06 13:44:03",37
721000000000000,5726938,M,2016/05/20,51,"Rocky Mount",0,0,0,0,1,0,No,"2016-05-20 14:39:03",0
934000000000000,5697072,F,2016/05/13,31,"Osage Beach",0,0,0,0,1,0,No,"2016-05-13 14:53:07",0
78600000000000,5697142,M,2016/05/13,39,Auburn,0,0,0,0,1,0,No,"2016-05-13 15:02:34",0
6330000000000,5697376,M,2016/05/13,30,"Rocky Mount",0,0,0,0,0,0,No,"2016-05-13 15:40:48",0
41700000000000,5576290,F,2016/05/20,33,Mobile,0,0,0,0,0,0,Yes,"2016-04-13 08:16:41",37
662000000000000,5600706,F,2016/05/02,19,"Castle Rock",0,0,0,0,0,1,Yes,"2016-04-19 11:04:51",13
98300000000000,5626562,M,2016/05/09,36,"Castle Rock",0,0,0,0,0,0,No,"2016-04-27 08:22:59",12
81200000000000,5626010,F,2016/05/02,58,Dublin,0,1,0,0,0,1,No,"2016-04-27 07:47:46",5
25400000000000,5644189,M,2016/05/09,23,"Fort Worth",0,0,0,0,0,0,Yes,"2016-05-02 08:21:49",7
3190000000000,5680041,M,2016/05/16,6,Columbia,0,0,0,0,0,0,Yes,"2016-05-10 11:00:02",6
218000000000000,5701751,M,2016/05/30,8,Eugene,0,0,0,0,0,0,No,"2016-05-16 10:57:02",14
611000000000000,5463267,F,2016/05/02,11,Eugene,0,0,0,0,0,1,No,"2016-03-14 09:40:45",49
2180000000000,5685300,M,2016/05/16,12,Oconomowoc,0,0,0,0,0,0,Yes,"2016-05-11 10:04:57",5
17000000000000,5713577,F,2016/05/30,6,Victorville,0,0,0,0,0,1,No,"2016-05-18 10:21:03",12
6570000000000,5634557,F,2016/05/02,40,Albuquerque,1,0,0,0,0,1,Yes,"2016-04-28 11:09:47",4
3440000000000,5669020,F,2016/05/09,55,Griffin,0,0,0,0,0,0,No,"2016-05-06 10:12:27",3
1440000000000,5674155,F,2016/05/16,8,"Fort Wayne",0,0,0,0,0,0,Yes,"2016-05-09 10:30:43",7
77900000000000,5715192,F,2016/05/30,9,"Fort Wayne",0,0,0,0,0,1,Yes,"2016-05-18 13:50:20",12
34400000000000,5639919,F,2016/05/02,33,Blythewood,0,0,0,0,0,1,Yes,"2016-04-29 09:48:49",3
1440000000000,5673276,F,2016/05/09,8,"Fort Worth",0,0,0,0,0,0,No,"2016-05-09 09:06:14",0
634000000000000,5698212,F,2016/05/16,39,Dublin,0,1,0,0,0,0,No,"2016-05-16 07:22:47",0
664000000000000,5744175,F,2016/05/30,61,"Max Meadows",0,0,0,0,0,0,No,"2016-05-30 09:54:39",0
14700000000000,5603151,F,2016/05/02,31,"Lenoir City",0,0,0,0,0,1,Yes,"2016-04-19 17:00:27",13
963000000000,5744554,F,2016/05/30,32,Columbus,0,0,0,0,0,0,No,"2016-05-30 10:26:22",0
3670000000000,5598979,F,2016/05/02,12,"Saint Louis",0,0,0,0,0,1,Yes,"2016-04-19 08:17:55",13
126000000000000,5596846,F,2016/05/02,11,"Saint Louis",0,0,0,0,0,1,Yes,"2016-04-18 15:24:54",14
2950000000000,5673808,M,2016/05/30,6,Princeton,0,0,0,0,0,1,No,"2016-05-09 09:53:37",21
24100000000000,5538416,F,2016/05/02,2,Mobile,0,0,0,0,0,1,Yes,"2016-04-01 12:00:20",31
37900000000000,5674998,F,2016/05/30,45,Gardena,0,0,0,0,0,1,No,"2016-05-09 12:41:12",21
25400000000000,5562795,M,2016/05/02,23,Plainfield,0,0,0,0,0,1,Yes,"2016-04-08 14:27:11",24
126000000000000,5665587,F,2016/05/30,11,Plainfield,0,0,0,0,0,1,No,"2016-05-05 14:52:25",25
169000000000000,5549887,F,2016/05/02,61,Plainfield,0,0,0,0,0,1,Yes,"2016-04-06 10:34:54",26
866000000000000,5675004,F,2016/05/30,8,Batesville,0,0,0,0,0,1,No,"2016-05-09 12:41:53",21
71700000000000,5705379,M,2016/05/17,8,Gretna,0,0,0,0,0,0,No,"2016-05-17 07:08:55",0
17200000000000,5731576,F,2016/05/24,20,Winthrop,0,0,0,0,0,0,No,"2016-05-24 10:14:11",0
389000000000000,5732053,F,2016/05/24,51,"Bowling Green",1,1,0,0,0,0,No,"2016-05-24 10:55:55",0
5210000000000,5707823,F,2016/05/17,17,Kuttawa,0,0,0,0,0,0,Yes,"2016-05-17 10:09:42",0
8250000000000,5707689,F,2016/05/17,33,Bryant,1,1,0,0,0,0,Yes,"2016-05-17 09:57:39",0
44200000000000,5728679,F,2016/05/24,67,"Fort Worth",0,1,1,0,0,0,No,"2016-05-20 17:21:12",4
44200000000000,5728678,F,2016/05/24,67,Dublin,0,1,1,0,0,1,No,"2016-05-20 17:20:58",4
43700000000000,5655076,F,2016/05/24,17,"Max Meadows",0,0,0,0,0,1,No,"2016-05-03 15:53:27",21
43700000000000,5602421,F,2016/05/03,17,Harrison,0,0,0,0,0,1,No,"2016-04-19 14:52:46",14
180000000000,5719941,F,2016/05/24,21,"Forest Grove",0,0,0,0,0,0,Yes,"2016-05-19 12:48:57",5
963000000000,5632760,F,2016/05/04,32,Oconomowoc,0,0,0,0,0,1,Yes,"2016-04-28 08:24:41",6
69200000000000,5626585,F,2016/05/25,44,Victorville,0,0,0,0,0,1,No,"2016-04-27 08:24:38",28
89400000000000,5630480,M,2016/05/04,38,Moore,0,0,0,0,0,1,Yes,"2016-04-27 15:26:50",7
291000000000000,5604918,F,2016/05/11,12,Spearfish,0,0,0,0,0,1,No,"2016-04-20 08:27:02",21
43300000000000,5678846,F,2016/05/18,55,"Fort Wayne",0,1,1,0,0,0,No,"2016-05-10 09:09:15",8
526000000000000,5700902,F,2016/05/25,25,Dublin,0,0,0,0,0,1,No,"2016-05-16 09:53:31",9
19700000000000,5632771,M,2016/05/04,12,Tyler,1,0,0,0,0,0,Yes,"2016-04-28 08:25:01",6
557000000000000,5668258,M,2016/05/11,9,Enterprise,0,0,0,0,0,1,No,"2016-05-06 08:45:53",5
98300000000000,5672954,M,2016/05/25,36,Coralville,0,0,0,0,0,1,Yes,"2016-05-09 08:42:31",16
662000000000000,5654709,F,2016/05/04,19,"Rocky Mount",0,0,0,0,0,0,No,"2016-05-03 15:08:42",1
44600000000000,5674014,F,2016/05/11,78,Charlotte,0,1,0,0,0,0,No,"2016-05-09 10:17:02",2
2620000000000,5719131,M,2016/05/25,53,Woodland,0,0,0,0,0,1,Yes,"2016-05-19 10:38:26",6
6570000000000,5655819,F,2016/05/04,40,Cary,1,0,0,0,0,0,No,"2016-05-04 07:15:11",0
5350000000000,5606936,F,2016/05/11,38,Boone,1,0,0,0,0,1,Yes,"2016-04-20 10:53:06",21
1320000000000,5713705,F,2016/05/18,3,Auburn,0,0,0,0,0,0,No,"2016-05-18 10:33:43",0
314000000000,5715606,F,2016/05/25,24,"Fort Worth",0,0,0,0,0,1,No,"2016-05-18 14:43:49",7
3670000000000,5650609,F,2016/05/11,12,Dublin,0,0,0,0,0,1,No,"2016-05-03 07:55:12",8
4490000000000,5715079,M,2016/05/25,2,Grayling,0,0,0,0,0,1,Yes,"2016-05-18 13:37:01",7
7300000000000,5630571,M,2016/05/11,20,Eugene,0,0,0,0,0,1,Yes,"2016-04-27 15:39:21",14
9691376446,5654826,M,2016/05/25,13,Tyler,1,0,0,0,0,1,Yes,"2016-05-03 15:20:04",22
333000000000000,5608007,M,2016/05/11,15,"Joshua Tree",0,0,0,0,0,1,Yes,"2016-04-20 13:04:51",21
30000000000000,5629982,M,2016/05/25,8,Calhoun,1,0,0,0,0,1,Yes,"2016-04-27 14:27:35",28
256000000000000,5577056,M,2016/05/11,37,Calhoun,0,0,0,0,0,1,Yes,"2016-04-13 09:24:52",28
856000000000000,5644819,M,2016/05/25,6,Georgetown,0,0,0,0,0,1,No,"2016-05-02 09:08:53",23
333000000000,5577062,M,2016/05/11,8,Columbia,0,0,0,0,0,1,Yes,"2016-04-13 09:25:26",28
52600000000000,5577554,F,2016/05/25,36,Winthrop,0,0,0,0,0,1,Yes,"2016-04-13 10:14:27",42
868000000000000,5664132,F,2016/05/05,44,"Grand Junction",0,1,0,0,0,0,No,"2016-05-05 11:13:28",0
5500000000000,5691979,M,2016/05/12,33,"Bowling Green",0,0,0,0,0,0,No,"2016-05-12 14:06:55",0
865000000000000,5691876,F,2016/05/12,31,"Fort Wayne",0,0,0,0,0,0,No,"2016-05-12 13:52:59",0
2620000000000,5719388,M,2016/05/19,53,"Johnson City",0,0,0,0,0,0,No,"2016-05-19 11:09:23",0
77900000000000,5715327,F,2016/05/19,9,Eugene,0,0,0,0,0,0,No,"2016-05-18 14:06:56",1
66200000000000,5408056,M,2016/05/02,47,Albuquerque,0,0,0,0,0,1,No,"2016-02-29 13:04:24",63
51200000000000,5523386,F,2016/05/09,35,Albuquerque,1,1,0,0,0,0,No,"2016-03-29 17:00:57",41
276000000000000,5542881,F,2016/05/16,33,Billings,0,0,0,0,0,0,No,"2016-04-05 09:28:14",41
2930000000000,5574031,F,2016/05/30,41,"Castle Rock",0,0,0,0,0,1,No,"2016-04-12 14:00:24",48
66200000000000,5408057,M,2016/05/02,47,"El Reno",0,0,0,0,0,0,No,"2016-02-29 13:04:24",63
51200000000000,5523390,F,2016/05/09,35,"Fort Worth",1,1,0,0,0,0,No,"2016-03-29 17:01:20",41
276000000000000,5542882,F,2016/05/16,33,Columbia,0,0,0,0,0,0,No,"2016-04-05 09:28:14",41
5250000000000,5643105,F,2016/05/02,38,Lexington,0,0,0,0,0,0,No,"2016-05-02 07:06:53",0
921000000000000,5671764,M,2016/05/09,11,Lexington,0,0,0,0,0,0,No,"2016-05-09 07:09:00",0
68800000000000,5741609,M,2016/05/30,24,Charlotte,0,0,0,0,0,0,No,"2016-05-30 07:15:44",0
2930000000000,5574032,F,2016/05/30,41,Gardena,0,0,0,0,0,0,No,"2016-04-12 14:00:25",48
186000000000000,5454982,F,2016/05/02,5,Gardena,0,0,0,0,0,1,Yes,"2016-03-10 15:51:21",53
8140000000000,5527221,M,2016/05/09,32,"Joshua Tree",0,0,0,0,0,0,No,"2016-03-30 13:05:17",40
65900000000000,5577211,F,2016/05/16,7,Columbia,0,0,0,0,0,0,No,"2016-04-13 09:39:16",33
49300000000000,5602891,M,2016/05/30,52,Lexington,0,0,0,0,0,1,No,"2016-04-19 15:59:37",41
64100000000000,5589589,M,2016/05/16,30,Burlington,0,0,0,0,0,0,No,"2016-04-15 12:28:00",31
284000000000,5605673,F,2016/05/30,36,Winthrop,0,0,0,0,0,1,No,"2016-04-20 09:19:50",40
733000000000,5507781,F,2016/05/02,17,Winthrop,0,0,0,0,0,1,Yes,"2016-03-23 12:37:26",40
3570000000000,5564877,M,2016/05/09,10,Georgetown,0,0,0,0,0,0,No,"2016-04-11 08:12:03",28
999000000000,5540119,F,2016/05/02,24,"Fort Worth",0,0,0,0,0,1,Yes,"2016-04-01 17:02:34",31
8960000000000,5574806,M,2016/05/09,9,Yellville,0,0,0,0,0,0,No,"2016-04-12 15:53:49",27
36300000000000,5621376,M,2016/05/16,3,Cambridge,0,0,0,0,0,0,No,"2016-04-26 10:11:41",20
93600000000000,5615490,F,2016/05/30,29,Albuquerque,0,0,0,0,0,1,No,"2016-04-25 12:33:31",35
552000000000000,5551414,F,2016/05/02,24,Cary,0,0,0,0,0,1,Yes,"2016-04-06 13:58:43",26
8460000000000,5594554,F,2016/05/09,52,Batesville,0,0,0,0,0,0,No,"2016-04-18 10:53:59",21
613000000000000,5625496,F,2016/05/16,64,Griffin,0,1,1,0,0,0,Yes,"2016-04-27 07:18:04",19
35400000000000,5614873,M,2016/05/02,36,Griffin,0,0,0,0,0,1,Yes,"2016-04-25 11:08:19",7
62500000000000,5674135,M,2016/05/09,40,"Fort Wayne",0,0,0,0,0,0,No,"2016-05-09 10:28:44",0
62500000000000,5509934,M,2016/05/02,29,Calhoun,0,0,0,0,0,0,Yes,"2016-03-23 16:24:56",40
64300000000000,5622261,M,2016/05/16,32,Calhoun,0,0,0,0,0,0,No,"2016-04-26 11:43:31",20
62500000000000,5509933,M,2016/05/02,29,Raton,0,0,0,0,0,1,Yes,"2016-03-23 16:24:56",40
64300000000000,5622260,M,2016/05/16,32,Leesburg,0,0,0,0,0,0,No,"2016-04-26 11:43:31",20
3170000000000,5643062,M,2016/05/02,29,Batesville,0,0,0,0,0,0,Yes,"2016-05-02 07:03:41",0
68800000000000,5745301,M,2016/05/30,24,Bryant,0,0,0,0,0,0,No,"2016-05-30 11:40:50",0
4590000000000,5529015,M,2016/05/02,13,Bryant,0,0,0,0,0,1,Yes,"2016-03-30 17:47:59",33
623000000000,5658471,F,2016/05/16,67,Calhoun,0,1,1,0,0,0,No,"2016-05-04 11:12:31",12
3170000000000,5615375,M,2016/05/30,30,Bryant,0,0,0,0,0,1,No,"2016-04-25 12:14:57",35
5600000000000,5554805,F,2016/05/02,15,Victorville,0,0,0,0,0,1,Yes,"2016-04-07 09:03:00",25
584000000000000,5658318,F,2016/05/16,12,Lexington,0,0,0,0,0,0,No,"2016-05-04 10:52:58",12
62200000000000,5745809,F,2016/05/30,27,"Bowling Green",0,0,0,0,0,0,Yes,"2016-05-30 12:48:09",0
853000000000000,5745239,F,2016/05/30,15,"El Reno",0,0,0,0,0,0,No,"2016-05-30 11:33:25",0
623000000000,5571396,F,2016/05/02,67,"Battle Creek",0,1,1,0,0,1,Yes,"2016-04-12 09:02:56",20
297000000000000,5426086,F,2016/05/03,4,Dublin,0,0,0,0,0,1,Yes,"2016-03-03 10:51:22",61
276000000000000,5628318,F,2016/05/03,29,Columbia,1,1,0,0,0,1,No,"2016-04-27 10:48:37",6
693000000000000,5470779,M,2016/05/10,38,"Bay City",0,0,0,0,0,1,No,"2016-03-15 11:04:02",56
462000000000000,5554730,F,2016/05/17,56,Leesburg,0,1,0,0,0,0,No,"2016-04-07 08:55:14",40
276000000000000,5701729,F,2016/05/24,33,Walden,0,0,0,0,0,1,No,"2016-05-16 10:55:10",8
21800000000000,5556061,M,2016/05/24,6,Sikeston,0,0,0,0,0,1,Yes,"2016-04-07 11:07:31",47
689000000000000,5600331,M,2016/05/31,75,Orlando,0,1,0,0,0,1,No,"2016-04-19 10:25:01",42
297000000000000,5426087,F,2016/05/03,4,"Fort Wayne",0,0,0,0,0,0,Yes,"2016-03-03 10:51:22",61
693000000000000,5470780,M,2016/05/10,38,Auburn,0,0,0,0,0,0,No,"2016-03-15 11:04:02",56
68200000000000,5580115,F,2016/05/17,3,Dublin,0,0,0,0,0,0,No,"2016-04-13 16:39:28",34
21800000000000,5556062,M,2016/05/24,6,"Lake Lure",0,0,0,0,0,0,Yes,"2016-04-07 11:07:31",47
689000000000000,5600332,M,2016/05/31,75,Columbia,0,1,0,0,0,0,No,"2016-04-19 10:25:01",42
389000000000,5651184,F,2016/05/03,19,Columbia,0,0,0,0,0,0,No,"2016-05-03 08:32:20",0
43400000000000,5649635,F,2016/05/03,53,Shreveport,0,1,0,0,0,0,No,"2016-05-03 07:06:22",0
183000000000,5677392,F,2016/05/10,5,Albany,0,0,0,0,0,0,No,"2016-05-10 07:10:50",0
644000000000000,5705348,F,2016/05/17,38,"Soddy Daisy",1,0,0,0,0,0,No,"2016-05-17 07:07:00",0
41800000000000,5728950,F,2016/05/24,57,Cooperstown,0,1,0,1,0,0,No,"2016-05-24 07:02:32",0
574000000000000,5748528,F,2016/05/31,36,Boone,0,0,0,0,0,0,No,"2016-05-31 07:07:43",0
88800000000000,5485237,F,2016/05/03,57,"Grand Junction",0,0,0,0,0,1,No,"2016-03-17 15:53:07",47
41600000000000,5501753,M,2016/05/10,21,"Grand Junction",0,0,0,0,0,1,Yes,"2016-03-22 13:35:21",49
13400000000000,5580063,F,2016/05/17,10,"Grand Junction",0,0,0,0,0,0,No,"2016-04-13 16:25:22",34
885000000000000,5573598,F,2016/05/24,58,Dublin,0,0,0,0,0,1,No,"2016-04-12 13:10:22",42
6190000000000,5609287,M,2016/05/31,19,Eugene,0,0,0,0,0,1,Yes,"2016-04-20 15:31:58",41
255000000000000,5498831,F,2016/05/03,39,Dahlonega,0,0,0,0,0,1,No,"2016-03-22 08:01:31",42
224000000000000,5557868,F,2016/05/10,15,Shreveport,0,0,0,0,0,1,Yes,"2016-04-07 15:25:58",33
28800000000000,5580061,F,2016/05/17,54,Gardena,0,1,0,0,0,0,No,"2016-04-13 16:24:29",34
668000000000000,5583924,F,2016/05/24,22,"Fort Worth",0,0,0,0,0,1,Yes,"2016-04-14 12:17:26",40
9670000000000,5654002,M,2016/05/31,39,Dahlonega,0,0,0,0,0,0,No,"2016-05-03 13:39:16",28
22945132778,5490135,M,2016/05/03,62,Mercer,0,1,0,0,0,1,No,"2016-03-18 14:16:00",46
4560000000000,5527956,F,2016/05/10,51,Coralville,0,0,0,0,0,1,No,"2016-03-30 14:26:30",41
28800000000000,5580060,F,2016/05/17,54,Gardena,0,1,0,0,0,0,No,"2016-04-13 16:24:29",34
27500000000000,5576292,M,2016/05/24,55,"Joshua Tree",0,1,0,0,0,0,Yes,"2016-04-13 08:16:47",41
94300000000000,5615557,F,2016/05/31,40,"Fort Wayne",1,0,0,0,0,1,No,"2016-04-25 12:40:14",36
734000000000,5595569,M,2016/05/10,42,Kuttawa,0,1,0,0,0,1,No,"2016-04-18 13:09:12",22
18600000000000,5593896,F,2016/05/10,37,Auburn,0,0,0,0,0,1,No,"2016-04-18 09:58:56",22
838000000000,5685501,F,2016/05/17,36,Eugene,1,0,0,0,0,0,No,"2016-05-11 10:30:03",6
6580000000000,5616099,F,2016/05/24,28,Leesburg,0,0,0,0,0,1,Yes,"2016-04-25 13:29:50",29
1420000000000,5733203,F,2016/05/31,53,"Joshua Tree",0,1,1,0,0,1,No,"2016-05-24 13:32:27",7
256000000000000,5577071,M,2016/05/03,37,"Grand Junction",0,0,0,0,0,1,No,"2016-04-13 09:26:34",20
333000000000,5577078,M,2016/05/03,8,Columbia,0,0,0,0,0,1,No,"2016-04-13 09:27:07",20
492000000000,5548310,M,2016/05/24,32,Eugene,0,0,0,0,0,1,No,"2016-04-06 08:22:00",48
359000000000,5721608,M,2016/05/24,17,Dahlonega,0,0,0,0,0,1,No,"2016-05-19 17:10:40",5
39200000000000,5621574,M,2016/05/03,94,Leesburg,0,1,0,0,0,1,No,"2016-04-26 10:29:49",7
5600000000000,5449437,F,2016/05/03,15,Albany,0,0,0,0,0,1,Yes,"2016-03-09 15:07:54",55
225000000000000,5490238,F,2016/05/10,5,Indianapolis,0,0,0,0,0,1,No,"2016-03-18 14:26:04",53
16200000000000,5665055,F,2016/05/17,51,Charlotte,0,0,0,0,0,0,No,"2016-05-05 13:52:23",12
5600000000000,5449438,F,2016/05/03,15,Orlando,0,0,0,0,0,0,Yes,"2016-03-09 15:07:54",55
225000000000000,5490239,F,2016/05/10,5,Orlando,0,0,0,0,0,0,No,"2016-03-18 14:26:04",53
368000000000000,5673304,M,2016/05/17,16,"Grand Junction",0,0,0,0,0,0,No,"2016-05-09 09:09:43",8
492000000000,5548311,M,2016/05/24,32,"Fort Worth",0,0,0,0,0,0,No,"2016-04-06 08:22:00",48
47700000000000,5632685,M,2016/05/31,17,"Lake Lure",0,0,0,0,0,1,Yes,"2016-04-28 08:19:27",33
5250000000000,5650011,F,2016/05/03,38,Columbia,0,0,0,0,0,0,No,"2016-05-03 07:23:53",0
42600000000000,5709390,F,2016/05/17,29,Lexington,0,0,0,0,0,0,No,"2016-05-17 13:39:28",0
41800000000000,5732576,F,2016/05/24,57,Aspen,0,1,0,1,0,0,No,"2016-05-24 11:54:17",0
552000000000,5749338,F,2016/05/31,43,Charlotte,1,0,0,0,0,0,No,"2016-05-31 07:42:20",0
41600000000000,5501750,M,2016/05/03,21,Auburn,0,0,0,0,0,1,No,"2016-03-22 13:35:00",42
297000000000000,5523305,M,2016/05/10,8,"Fort Worth",0,0,0,0,0,1,No,"2016-03-29 16:38:41",42
62500000000000,5673817,M,2016/05/17,40,"Fort Worth",0,0,0,0,0,0,No,"2016-05-09 09:54:34",8
9430000000000,5581859,F,2016/05/24,20,"Fort Worth",0,0,0,0,0,1,No,"2016-04-14 08:39:35",40
16200000000000,5710705,F,2016/05/31,51,Shreveport,0,0,0,0,0,1,No,"2016-05-17 17:25:48",14
77800000000000,5522495,F,2016/05/03,39,Walden,0,0,0,0,0,1,No,"2016-03-29 14:26:59",35
61500000000000,5559446,F,2016/05/10,57,Fairmont,0,1,0,0,0,1,Yes,"2016-04-08 07:45:09",32
44400000000000,5693030,F,2016/05/17,17,"Bowling Green",0,0,0,0,0,0,Yes,"2016-05-12 17:14:23",5
2980000000000,5584074,M,2016/05/24,19,Dublin,0,0,0,0,0,0,Yes,"2016-04-14 13:11:07",40
16200000000000,5713817,F,2016/05/31,51,Calhoun,0,0,0,0,0,0,No,"2016-05-18 10:45:56",13
66200000000000,5573098,M,2016/05/03,44,Coralville,0,1,0,1,0,0,No,"2016-04-12 11:54:30",21
66200000000000,5573102,M,2016/05/10,44,"Bowling Green",0,1,0,1,0,0,No,"2016-04-12 11:54:47",28
44400000000000,5693031,F,2016/05/17,17,Auburn,0,0,0,0,0,0,Yes,"2016-05-12 17:14:23",5
74300000000000,5602285,M,2016/05/24,44,Griffin,0,0,0,0,0,1,Yes,"2016-04-19 14:40:24",35
782000000000000,5726215,M,2016/05/31,6,"Castle Rock",0,0,0,0,0,1,No,"2016-05-20 13:19:11",11
3330000000000,5585508,F,2016/05/03,48,"Castle Rock",0,0,0,0,0,1,Yes,"2016-04-14 16:48:32",19
459000000000000,5578348,F,2016/05/10,15,"El Reno",0,0,1,0,0,1,Yes,"2016-04-13 11:57:42",27
137000000000,5692741,F,2016/05/17,37,Auburn,0,1,0,0,0,0,No,"2016-05-12 16:08:31",5
921000000000000,5674756,M,2016/05/24,11,Calhoun,0,0,0,0,0,1,No,"2016-05-09 11:50:56",15
3000000000000,5743189,F,2016/05/31,17,"Johnson City",0,0,0,0,0,0,No,"2016-05-30 08:47:01",1
89400000000000,5546425,F,2016/05/10,42,Eugene,0,0,0,0,0,1,Yes,"2016-04-05 16:11:01",35
9880000000000,5629354,F,2016/05/17,36,Tyler,0,0,0,0,0,0,No,"2016-04-27 13:24:04",20
18600000000000,5719816,F,2016/05/31,37,Vandalia,0,0,0,0,0,0,No,"2016-05-19 12:17:59",12
5400000000000,5427026,F,2016/05/04,55,Eugene,0,0,0,0,0,1,No,"2016-03-03 13:40:40",62
98900000000000,5533555,M,2016/05/11,6,"Fort Collins",0,0,0,0,0,1,No,"2016-03-31 14:05:25",41
967000000000000,5523159,F,2016/05/03,37,"Castle Rock",0,0,0,0,0,1,No,"2016-03-29 16:09:39",35
67400000000000,5619344,M,2016/05/18,59,"Osage Beach",0,0,0,0,0,0,Yes,"2016-04-26 07:55:24",22
41800000000000,5735111,F,2016/05/25,57,Calhoun,0,1,0,1,0,0,No,"2016-05-24 17:52:42",1
5400000000000,5427027,F,2016/05/04,55,Eugene,0,0,0,0,0,0,No,"2016-03-03 13:40:40",62
98900000000000,5533559,M,2016/05/11,6,Eugene,0,0,0,0,0,0,No,"2016-03-31 14:06:06",41
6240000000000,5580121,F,2016/05/18,10,Eugene,0,0,0,0,0,0,No,"2016-04-13 16:40:43",35
41800000000000,5735106,F,2016/05/25,57,Hartford,0,1,0,1,0,0,No,"2016-05-24 17:51:04",1
271000000000000,5683012,M,2016/05/11,6,Leesburg,0,0,0,0,0,0,No,"2016-05-11 07:07:06",0
419000000000000,5711021,M,2016/05/18,9,"Elk City",1,0,0,0,0,0,Yes,"2016-05-18 07:09:30",0
3000000000000,5735428,F,2016/05/25,17,Indianapolis,0,0,0,0,0,0,No,"2016-05-25 07:08:03",0
9870000000000,5655769,F,2016/05/04,20,"Cedar Rapids",0,0,0,0,0,0,No,"2016-05-04 07:11:37",0
28700000000000,5608256,F,2016/05/11,13,Woodland,0,0,0,0,0,1,No,"2016-04-20 13:31:22",21
94400000000000,5624349,F,2016/05/18,17,Eugene,0,1,0,0,0,0,Yes,"2016-04-26 15:47:36",22
64100000000000,5589591,M,2016/05/25,30,Dahlonega,0,0,0,0,0,1,Yes,"2016-04-15 12:28:29",40
834000000000,5533039,M,2016/05/04,19,Midway,0,0,0,0,0,1,No,"2016-03-31 13:13:21",34
657000000000,5614861,M,2016/05/11,50,"Soddy Daisy",0,0,0,0,0,1,Yes,"2016-04-25 11:07:19",16
644000000000000,5708371,F,2016/05/18,38,Woodland,1,0,0,0,0,0,No,"2016-05-17 11:06:58",1
466000000000000,5589817,F,2016/05/25,20,"Fort Collins",0,0,0,0,0,1,No,"2016-04-15 13:00:38",40
584000000000000,5532810,F,2016/05/04,12,"Fort Worth",0,0,0,0,0,1,No,"2016-03-31 12:10:08",34
67200000000000,5546036,M,2016/05/04,59,"Fort Worth",0,0,0,0,0,0,No,"2016-04-05 15:13:33",29
838000000000,5640434,F,2016/05/11,36,Columbus,1,0,0,0,0,0,No,"2016-04-29 10:43:19",12
644000000000000,5708372,F,2016/05/18,38,"Elk City",1,0,0,0,0,0,No,"2016-05-17 11:06:59",1
45100000000000,5602301,F,2016/05/25,42,Appleton,0,0,0,0,0,1,No,"2016-04-19 14:42:24",36
838000000000,5726818,F,2016/05/25,36,"Detroit Lakes",1,0,0,0,0,1,No,"2016-05-20 14:26:10",5
1450000000000,5592749,M,2016/05/04,33,"Detroit Lakes",0,0,0,0,0,1,Yes,"2016-04-18 08:24:42",16
6183944955,5712384,F,2016/05/18,35,"Rocky Mount",0,0,0,0,0,0,No,"2016-05-18 08:49:21",0
999000000000,5654542,F,2016/05/04,24,Sikeston,0,0,0,0,0,0,Yes,"2016-05-03 14:40:31",1
83400000000000,5737935,F,2016/05/25,65,"Castle Rock",0,1,0,0,0,0,No,"2016-05-25 10:15:46",0
9320000000000,5532405,F,2016/05/04,33,Bloomington,0,0,0,0,0,1,Yes,"2016-03-31 11:09:45",34
1470000000000,5603210,M,2016/05/25,16,Calhoun,0,0,0,0,0,1,No,"2016-04-19 17:13:51",36
9320000000000,5532406,F,2016/05/04,33,Ogunquit,0,0,0,0,0,0,Yes,"2016-03-31 11:09:45",34
452000000000,5603211,M,2016/05/25,17,Huntingdon,0,0,0,0,0,1,No,"2016-04-19 17:14:27",36
8650000000000,5660704,F,2016/05/06,39,Appleton,0,0,0,0,0,0,No,"2016-05-04 17:48:33",2
3180000000000,5485076,F,2016/05/13,88,Sikeston,0,1,0,0,0,0,No,"2016-03-17 15:27:21",57
885000000000000,5573590,F,2016/05/20,58,"Castle Rock",0,0,0,0,0,0,No,"2016-04-12 13:09:33",38
51200000000000,5523384,F,2016/05/05,35,Calhoun,1,1,0,0,0,1,No,"2016-03-29 16:59:38",37
3950000000000,5585174,F,2016/05/12,50,"Fort Worth",0,0,0,0,0,1,No,"2016-04-14 15:54:18",28
748000000000000,5601172,M,2016/05/19,60,"Bella Vista",0,0,0,0,0,0,No,"2016-04-19 12:14:28",30
46813661897,5588131,F,2016/05/05,32,Coralville,0,0,0,0,0,1,No,"2016-04-15 09:37:16",20
7780000000000,5624333,F,2016/05/12,32,Charlotte,1,0,0,0,0,1,No,"2016-04-26 15:45:10",16
7680000000000,5697629,F,2016/05/19,45,Orlando,1,0,0,1,0,0,Yes,"2016-05-13 16:51:16",6
885000000000000,5573589,F,2016/05/20,58,Orlando,0,0,0,0,0,0,No,"2016-04-12 13:09:33",38
3180000000000,5696108,F,2016/05/20,88,Burlington,0,1,0,0,0,0,No,"2016-05-13 11:44:01",7
8650000000000,5665842,F,2016/05/06,39,Batesville,0,0,0,0,0,0,No,"2016-05-05 15:25:52",1
91200000000000,5665844,M,2016/05/06,62,"Castle Rock",0,0,0,0,0,0,No,"2016-05-05 15:26:09",1
3180000000000,5485075,F,2016/05/13,88,"Castle Rock",0,1,0,0,0,0,No,"2016-03-17 15:27:21",57
3790000000000,5690696,F,2016/05/20,39,"Castle Rock",0,1,0,0,0,0,No,"2016-05-12 10:30:21",8
24300000000000,5588107,F,2016/05/05,5,"Bowling Green",0,0,0,0,0,1,No,"2016-04-15 09:35:04",20
137000000000,5591315,F,2016/05/12,37,"Lake Lure",0,1,0,0,0,1,Yes,"2016-04-15 16:34:18",27
223000000000000,5691337,M,2016/05/19,39,Tyler,0,0,0,0,0,0,No,"2016-05-12 12:15:43",7
6880000000000,5552573,M,2016/05/05,26,Shakopee,0,0,0,0,0,1,Yes,"2016-04-06 16:19:48",29
967000000000000,5655498,F,2016/05/12,37,"Rocky Mount",0,0,0,0,0,1,Yes,"2016-05-03 17:37:27",9
2950000000000,5595993,M,2016/05/19,6,Spearfish,0,0,0,0,0,0,Yes,"2016-04-18 13:46:47",31
3360000000000,5522032,F,2016/05/05,39,"Fort Collins",1,0,0,0,0,1,Yes,"2016-03-29 13:29:58",37
3790000000000,5661024,F,2016/05/05,39,Grayling,0,1,0,0,0,0,No,"2016-05-05 07:08:41",0
44400000000000,5688208,F,2016/05/12,17,Eugene,0,0,0,0,0,0,No,"2016-05-12 07:08:11",0
87900000000000,5496846,F,2016/05/05,59,"Lenoir City",0,0,0,0,0,0,No,"2016-03-21 15:05:39",45
359000000000,5526181,M,2016/05/12,17,Albany,0,0,0,0,0,0,No,"2016-03-30 10:32:10",43
359000000000,5526185,M,2016/05/19,17,Lexington,0,0,0,0,0,0,No,"2016-03-30 10:32:42",50
38169498335,5578351,F,2016/05/12,8,Woodland,0,0,0,0,0,1,No,"2016-04-13 11:58:36",29
264000000000,5588673,M,2016/05/19,17,Hampton,0,0,0,0,0,0,No,"2016-04-15 10:22:48",34
87900000000000,5496845,F,2016/05/05,59,"Fort Collins",0,0,0,0,0,0,No,"2016-03-21 15:05:38",45
359000000000,5526180,M,2016/05/12,17,"Bowling Green",0,0,0,0,0,1,No,"2016-03-30 10:32:10",43
359000000000,5526184,M,2016/05/19,17,Dublin,0,0,0,0,0,0,No,"2016-03-30 10:32:42",50
13400000000000,5580052,F,2016/05/05,10,Calhoun,0,0,0,0,0,1,No,"2016-04-13 16:22:46",22
4580000000000,5538722,M,2016/05/05,49,"Fort Worth",0,0,0,0,0,1,Yes,"2016-04-01 13:19:39",34
3340000000000,5589601,F,2016/05/12,56,Ogunquit,0,0,0,0,0,1,No,"2016-04-15 12:30:45",27
2980000000000,5584073,M,2016/05/19,19,Ogunquit,0,0,0,0,0,0,Yes,"2016-04-14 13:10:43",35
28800000000000,5580043,F,2016/05/05,54,Dahlonega,0,1,0,0,0,1,No,"2016-04-13 16:21:45",22
93600000000000,5615488,F,2016/05/12,29,"Elk City",0,0,0,0,0,1,Yes,"2016-04-25 12:32:59",17
18600000000000,5593907,F,2016/05/19,37,Columbus,0,0,0,0,0,0,No,"2016-04-18 09:59:43",31
827000000000000,5537305,M,2016/05/05,39,"El Reno",0,0,0,0,0,0,Yes,"2016-04-01 09:52:44",34
765000000000,5583025,F,2016/05/12,16,Auburn,0,0,0,0,0,1,Yes,"2016-04-14 10:19:12",28
224000000000000,5557878,F,2016/05/19,15,"Fort Worth",0,0,0,0,0,0,Yes,"2016-04-07 15:27:47",42
827000000000000,5537304,M,2016/05/05,39,"Fort Worth",0,0,0,0,0,1,Yes,"2016-04-01 09:52:44",34
4560000000000,5527960,F,2016/05/19,51,"Fort Worth",0,0,0,0,0,0,No,"2016-03-30 14:27:00",50
5660000000000,5660998,M,2016/05/05,41,"Elk City",0,0,0,0,0,0,No,"2016-05-05 07:07:37",0
3790000000000,5688180,F,2016/05/12,39,Lexington,0,1,0,0,0,0,No,"2016-05-12 07:06:07",0
514000000000000,5662133,M,2016/05/05,22,"Detroit Lakes",0,0,0,0,0,0,No,"2016-05-05 08:08:56",0
223000000000000,5490250,M,2016/05/12,39,Corbin,0,0,0,0,0,1,No,"2016-03-18 14:27:11",55
838000000000,5716528,F,2016/05/19,36,Corbin,1,0,0,0,0,0,No,"2016-05-18 17:48:31",1
514000000000000,5662140,M,2016/05/05,22,Albuquerque,0,0,0,0,0,0,No,"2016-05-05 08:09:38",0
223000000000000,5490257,M,2016/05/12,39,Woodland,0,0,0,0,0,0,No,"2016-03-18 14:27:42",55
838000000000,5716529,F,2016/05/19,36,Dublin,1,0,0,0,0,0,No,"2016-05-18 17:48:31",1
71700000000000,5599785,M,2016/05/25,8,Shreveport,0,0,0,0,0,1,No,"2016-04-19 09:27:20",36
61500000000000,5739443,F,2016/05/25,15,Coralville,0,0,0,0,0,0,No,"2016-05-25 13:33:16",0
957000000000,5735537,M,2016/05/25,12,"Rocky Mount",0,0,0,0,0,0,No,"2016-05-25 07:14:48",0
8650000000000,5670619,F,2016/05/25,39,Charlotte,0,0,0,0,0,1,No,"2016-05-06 14:15:51",19
459000000000000,5690740,F,2016/05/25,16,Sikeston,0,0,1,0,0,1,No,"2016-05-12 10:34:12",13
1530000000000,5523110,M,2016/05/06,30,Griffin,0,0,0,0,0,1,No,"2016-03-29 16:02:24",38
45100000000000,5640482,F,2016/05/06,42,"El Reno",0,0,0,0,0,1,No,"2016-04-29 10:48:14",7
25300000000000,5539544,F,2016/05/13,38,Charlotte,1,0,0,0,0,0,Yes,"2016-04-01 15:12:47",42
61500000000000,5559456,F,2016/05/20,57,Corbin,0,1,0,0,0,0,No,"2016-04-08 07:45:39",42
838000000000,5719659,F,2016/05/20,36,"Palm Springs",1,0,0,0,0,0,No,"2016-05-19 11:45:34",1
284000000000,5605666,F,2016/05/06,35,"Palm Springs",0,0,0,0,0,1,Yes,"2016-04-20 09:19:05",16
64100000000000,5703009,M,2016/05/20,30,"Fort Collins",0,0,0,0,0,0,No,"2016-05-16 13:24:08",4
8960000000000,5574802,M,2016/05/06,9,Bloomington,0,0,0,0,0,1,No,"2016-04-12 15:53:12",24
635000000000000,5605462,F,2016/05/13,27,Dublin,0,0,0,0,0,0,No,"2016-04-20 09:02:26",23
67700000000000,5688931,F,2016/05/20,18,Ogunquit,0,0,0,0,0,0,Yes,"2016-05-12 07:50:32",8
254000000000,5527397,F,2016/05/06,29,"Elk City",0,0,0,0,0,1,No,"2016-03-30 13:31:22",37
18600000000000,5593905,F,2016/05/13,37,Oconomowoc,0,0,0,0,0,0,No,"2016-04-18 09:59:23",25
159000000000000,5596006,F,2016/05/20,29,"Palm Springs",0,1,0,0,0,0,Yes,"2016-04-18 13:47:50",32
546000000000,5521679,M,2016/05/06,11,Hampton,0,0,0,0,0,1,No,"2016-03-29 12:14:31",38
937000000000000,5574410,F,2016/05/13,19,Fairmont,0,0,0,0,0,0,No,"2016-04-12 14:53:34",31
9290000000000,5588823,F,2016/05/20,16,"Fort Worth",0,0,0,0,0,0,Yes,"2016-04-15 10:37:30",35
37900000000000,5546270,M,2016/05/13,85,"Oak Harbor",0,0,0,0,0,0,Yes,"2016-04-05 15:47:00",38
98900000000000,5533576,M,2016/05/20,6,Walden,0,0,0,0,0,0,No,"2016-03-31 14:07:09",50
297000000000000,5523320,M,2016/05/06,8,Charlotte,0,0,0,0,0,1,No,"2016-03-29 16:41:41",38
6880000000000,5552579,M,2016/05/13,26,Burlington,0,0,0,0,0,0,Yes,"2016-04-06 16:21:02",37
3340000000000,5589604,F,2016/05/20,56,Columbia,0,0,0,0,0,0,No,"2016-04-15 12:31:12",35
95500000000000,5667272,F,2016/05/06,49,Dahlonega,1,0,0,0,0,0,Yes,"2016-05-06 07:35:16",0
7680000000000,5696193,F,2016/05/13,45,Oconomowoc,1,0,0,1,0,0,No,"2016-05-13 11:58:16",0
844000000000000,5726846,F,2016/05/20,19,Victorville,0,0,0,0,0,0,No,"2016-05-20 14:30:22",0
1530000000000,5523111,M,2016/05/06,30,"Battle Creek",0,0,0,0,0,0,No,"2016-03-29 16:02:24",38
25300000000000,5539549,F,2016/05/13,38,Coralville,1,0,0,0,0,0,Yes,"2016-04-01 15:13:12",42
61500000000000,5559457,F,2016/05/20,57,Sikeston,0,1,0,0,0,0,No,"2016-04-08 07:45:39",42
41700000000000,5537068,F,2016/05/06,5,"El Reno",0,0,0,0,0,1,Yes,"2016-04-01 09:30:28",35
13396766884,5636371,M,2016/05/13,39,Dublin,0,0,0,0,0,0,No,"2016-04-28 15:12:42",15
284000000000,5605671,F,2016/05/20,35,"Lenoir City",0,0,0,0,0,0,No,"2016-04-20 09:19:27",30
853000000000000,5577679,F,2016/05/06,15,Coralville,0,0,0,0,0,1,No,"2016-04-13 10:30:34",23
186000000000000,5657600,F,2016/05/13,5,"Castle Rock",0,0,0,0,0,0,Yes,"2016-05-04 09:37:46",9
5720000000000,5656260,F,2016/05/20,21,"Fort Wayne",0,0,0,0,0,0,Yes,"2016-05-04 07:50:24",16
62200000000000,5585190,F,2016/05/06,27,"Osage Beach",0,0,0,0,0,1,No,"2016-04-14 15:56:16",22
137000000000000,5607628,F,2016/05/13,62,Calhoun,1,0,0,0,0,0,No,"2016-04-20 11:58:02",23
853000000000000,5676614,F,2016/05/20,15,Columbia,0,0,0,0,0,0,No,"2016-05-09 16:02:59",11
65800000000000,5587009,F,2016/05/06,46,"Oak Harbor",0,0,0,0,0,1,No,"2016-04-15 08:12:01",21
4280000000000,5594437,F,2016/05/13,40,Coralville,1,0,0,0,0,0,Yes,"2016-04-18 10:41:25",25
7880000000000,5614737,F,2016/05/20,10,Coralville,0,0,0,0,0,0,Yes,"2016-04-25 10:53:57",25
94300000000000,5643147,F,2016/05/04,40,Sikeston,1,0,0,0,0,0,No,"2016-05-02 07:10:07",2
832000000000000,5030230,F,2016/05/04,51,Calhoun,0,0,0,0,0,1,No,"2015-11-10 07:13:56",176
883000000000000,5636704,M,2016/05/04,23,"Fort Worth",0,0,0,0,0,1,Yes,"2016-04-28 15:53:36",6
57700000000000,5653354,F,2016/05/05,49,Columbia,0,1,0,0,0,0,Yes,"2016-05-03 11:58:40",2
763000000000000,5653350,M,2016/05/05,53,Chattanooga,0,0,0,0,0,0,Yes,"2016-05-03 11:58:23",2
54700000000000,5653358,F,2016/05/05,62,Spearfish,0,0,0,0,0,0,No,"2016-05-03 11:58:53",2
6830000000000,5681969,F,2016/05/12,57,Spearfish,0,0,0,0,0,0,Yes,"2016-05-10 15:29:23",2
334000000000,5681966,F,2016/05/12,52,Orlando,0,0,0,0,0,0,No,"2016-05-10 15:28:55",2
23700000000000,5681962,F,2016/05/12,23,Orlando,0,0,0,0,0,0,No,"2016-05-10 15:28:42",2
89400000000000,5709038,F,2016/05/19,36,"Fort Collins",0,0,0,0,0,0,Yes,"2016-05-17 12:49:47",2
630000000000000,5709007,M,2016/05/19,48,Auburn,0,0,0,0,0,0,No,"2016-05-17 12:43:00",2
177000000000000,5709043,F,2016/05/19,90,Douglasville,0,1,0,0,0,0,Yes,"2016-05-17 12:50:18",2
826000000000000,5656332,M,2016/05/04,1,Ogunquit,0,0,0,0,0,0,No,"2016-05-04 07:55:43",0
58000000000000,5684448,F,2016/05/11,4,Olathe,0,0,0,0,0,0,No,"2016-05-11 08:37:31",0
8830000000000,5712337,M,2016/05/18,1,"Rocky Mount",0,0,0,0,0,0,No,"2016-05-18 08:46:21",0
96900000000000,5737008,F,2016/05/25,0,Spearfish,0,0,0,0,0,0,No,"2016-05-25 09:02:15",0
628000000000000,5683867,M,2016/05/11,2,Albuquerque,0,0,0,0,0,0,No,"2016-05-11 07:57:10",0
5660000000000,5658552,F,2016/05/18,4,"Palm Springs",0,0,0,0,0,0,No,"2016-05-04 11:20:16",14
374000000000,5738121,M,2016/05/25,1,"Fort Collins",0,0,0,0,0,0,No,"2016-05-25 10:30:57",0
139000000000,5614431,M,2016/05/25,0,"Castle Rock",0,0,0,0,0,1,Yes,"2016-04-25 10:30:23",30
5660000000000,5494779,F,2016/05/04,4,Ogunquit,0,0,0,0,0,1,Yes,"2016-03-21 10:41:23",44
59564484672,5457824,F,2016/05/11,0,Ogunquit,0,0,0,0,0,1,Yes,"2016-03-11 10:17:35",61
26600000000000,5549410,F,2016/05/18,1,Columbus,0,0,0,0,0,0,No,"2016-04-06 09:52:34",42
59333852786,5562532,F,2016/05/25,4,Oconomowoc,0,0,0,0,0,1,Yes,"2016-04-08 13:44:34",47
349000000000,5457766,F,2016/05/04,0,Oconomowoc,0,0,0,0,0,1,No,"2016-03-11 10:10:22",54
2320000000000,5390283,F,2016/05/11,1,Gardena,0,0,0,0,0,1,No,"2016-02-24 11:57:06",77
638000000000000,5543657,F,2016/05/18,3,Albuquerque,0,0,0,0,0,0,No,"2016-04-05 10:26:03",43
8490000000000,5531658,M,2016/05/25,0,Burlington,0,0,0,0,0,1,No,"2016-03-31 09:52:26",55
341000000000000,5657569,M,2016/05/04,1,"Fort Collins",0,0,0,0,0,0,No,"2016-05-04 09:34:38",0
4970000000000,5394455,F,2016/05/04,1,Bloomington,0,0,0,0,0,1,Yes,"2016-02-25 08:30:36",69
432000000000000,5365456,M,2016/05/11,0,Calhoun,0,0,0,0,0,1,No,"2016-02-18 11:51:38",83
62300000000000,5494832,M,2016/05/18,0,Calhoun,0,0,0,0,0,0,No,"2016-03-21 10:47:03",58
14817536338,5556369,F,2016/05/25,0,"Twin Mountain",0,0,0,0,0,1,No,"2016-04-07 11:57:31",48
3440000000000,5492968,M,2016/05/04,4,"Fort Worth",0,0,0,0,0,1,No,"2016-03-21 08:07:37",44
4440000000000,5537998,M,2016/05/11,0,"Lake Lure",0,0,0,0,0,1,No,"2016-04-01 10:58:24",40
78000000000000,5627018,M,2016/05/04,1,Coralville,0,0,0,0,0,1,No,"2016-04-27 08:56:10",7
65100000000000,5683766,F,2016/05/11,6,Appleton,0,0,0,0,0,0,No,"2016-05-11 07:51:39",0
9540000000000,5712231,F,2016/05/18,0,Walden,0,0,0,0,0,0,No,"2016-05-18 08:36:12",0
1920000000000,5736067,M,2016/05/25,1,Walden,0,0,0,0,0,0,No,"2016-05-25 07:52:58",0
684000000000000,5543891,M,2016/05/18,1,"Rocky Mount",0,0,0,0,0,0,No,"2016-04-05 10:44:26",43
6368279598,5572791,F,2016/05/25,11,Saginaw,0,0,0,0,0,1,No,"2016-04-12 11:17:21",43
47400000000000,5656433,M,2016/05/04,6,Chattanooga,0,0,0,0,0,0,No,"2016-05-04 08:02:49",0
63600000000000,5656828,F,2016/05/04,5,Spearfish,0,0,0,0,0,0,No,"2016-05-04 08:34:44",0
1140000000000,5683692,M,2016/05/11,2,Albuquerque,0,0,0,0,0,0,No,"2016-05-11 07:46:28",0
3430000000000,5711160,M,2016/05/18,2,"Castle Rock",0,0,0,0,0,0,No,"2016-05-18 07:18:22",0
693000000000,5736065,F,2016/05/25,0,Oconomowoc,0,0,0,0,0,0,No,"2016-05-25 07:52:43",0
1140000000000,5656294,M,2016/05/04,2,Oconomowoc,0,0,0,0,0,0,No,"2016-05-04 07:52:32",0
1450000000000,5495928,F,2016/05/04,1,Oconomowoc,0,0,0,0,0,1,Yes,"2016-03-21 13:14:41",44
484000000000,5397204,M,2016/05/11,6,"Battle Creek",0,0,0,0,0,1,No,"2016-02-25 14:23:37",76
2590000000000,5547853,F,2016/05/18,1,"Rocky Mount",0,0,0,0,0,0,Yes,"2016-04-06 07:46:01",42
4700000000000,5711635,M,2016/05/18,0,"Fort Collins",0,0,0,0,0,0,No,"2016-05-18 07:53:30",0
572000000000,5736057,M,2016/05/25,2,"El Reno",0,0,0,0,0,0,No,"2016-05-25 07:52:14",0
3370000000000,5578125,F,2016/05/25,2,Kuttawa,0,0,0,0,0,0,Yes,"2016-04-13 11:25:45",42
374000000000000,5683563,M,2016/05/11,6,"Fort Worth",0,0,0,0,0,0,No,"2016-05-11 07:38:30",0
826000000000000,5660282,M,2016/05/18,1,Ogunquit,0,0,0,0,0,0,Yes,"2016-05-04 16:03:00",14
432000000000000,5711900,M,2016/05/18,0,Shreveport,0,0,0,0,0,0,No,"2016-05-18 08:11:56",0
85200000000000,5736062,M,2016/05/25,3,Oconomowoc,0,0,0,0,0,0,No,"2016-05-25 07:52:31",0
45200000000000,5361248,F,2016/05/04,0,Victorville,0,0,0,0,0,1,No,"2016-02-17 16:15:43",77
2490000000000,5535928,M,2016/05/11,1,Coralville,0,0,0,0,0,1,No,"2016-04-01 08:02:27",40
66000000000000,5548776,M,2016/05/18,1,Coralville,0,0,0,0,0,0,No,"2016-04-06 08:58:30",42
757000000000000,5735768,M,2016/05/25,6,Sikeston,0,0,0,0,0,0,No,"2016-05-25 07:31:18",0
342000000000000,5566352,F,2016/05/25,4,Spearfish,0,0,0,0,0,1,Yes,"2016-04-11 10:16:30",44
931000000000000,5513215,M,2016/05/02,1,Griffin,0,0,0,0,0,1,Yes,"2016-03-28 09:34:55",35
9660000000000,5640957,M,2016/05/09,1,"Twin Mountain",0,0,0,0,0,0,No,"2016-04-29 11:48:42",10
866000000000,5583905,M,2016/05/16,0,"Fort Worth",0,0,0,0,0,0,No,"2016-04-14 12:12:20",32
473000000000000,5538364,F,2016/05/02,0,Columbia,0,0,0,0,0,1,Yes,"2016-04-01 11:53:14",31
618000000000,5562108,F,2016/05/09,0,Ogunquit,0,0,0,0,0,0,No,"2016-04-08 12:22:49",31
147000000000000,5582277,F,2016/05/16,0,Ogunquit,0,0,0,0,0,0,No,"2016-04-14 09:11:35",32
9660000000000,5493292,M,2016/05/02,1,Ogunquit,0,0,0,0,0,1,Yes,"2016-03-21 08:27:02",42
177000000000000,5463811,M,2016/05/09,0,Ogunquit,0,0,0,0,0,0,No,"2016-03-14 10:30:25",56
44800000000000,5692785,M,2016/05/16,2,Corbin,0,0,0,0,0,0,No,"2016-05-12 16:14:48",4
894000000000,5701860,M,2016/05/16,1,Corbin,0,0,0,0,0,0,No,"2016-05-16 11:08:03",0
614000000000,5701922,F,2016/05/30,0,Spearfish,0,0,0,0,0,1,Yes,"2016-05-16 11:11:39",14
5720000000000,5359346,M,2016/05/16,2,Albuquerque,0,0,0,0,0,0,No,"2016-02-17 11:49:57",89
473000000000000,5654125,F,2016/05/09,0,Cooperstown,0,0,0,0,0,0,No,"2016-05-03 13:53:48",6
34600000000000,5689626,M,2016/05/30,5,Griffin,0,0,0,0,0,1,Yes,"2016-05-12 08:46:22",18
98900000000000,5643665,M,2016/05/02,0,Kuttawa,0,0,0,0,0,0,No,"2016-05-02 07:44:02",0
76800000000000,5672514,M,2016/05/09,1,"Fort Worth",0,0,0,0,0,0,No,"2016-05-09 08:08:26",0
65200000000000,5490266,M,2016/05/02,6,Columbia,0,0,0,0,0,1,Yes,"2016-03-18 14:29:14",45
518000000000000,5516767,F,2016/05/09,0,Ogunquit,0,0,0,0,0,0,No,"2016-03-28 15:04:25",42
2490000000000,5701187,M,2016/05/16,1,"Elk City",0,0,0,0,0,0,No,"2016-05-16 10:13:34",0
6420000000000,5453098,F,2016/05/16,0,Indianapolis,0,0,0,0,0,0,Yes,"2016-03-10 10:44:36",67
444000000000,5452494,M,2016/05/30,0,"Oak Harbor",0,0,0,0,0,1,Yes,"2016-03-10 09:37:05",81
49800000000000,5486000,M,2016/05/02,4,"Battle Creek",0,0,0,0,0,1,No,"2016-03-18 07:10:38",45
2950000000000,5673598,M,2016/05/09,6,Appleton,0,0,0,0,0,0,No,"2016-05-09 09:36:29",0
9630000000000,5524949,M,2016/05/09,2,"Palm Springs",0,0,0,0,0,0,Yes,"2016-03-30 08:25:56",40
57789887931,5322246,M,2016/05/16,0,Bradenton,0,0,0,0,0,0,No,"2016-02-03 12:37:24",103
112000000000000,5490237,F,2016/05/02,0,"Fort Wayne",0,0,0,0,0,1,Yes,"2016-03-18 14:26:03",45
374000000000000,5364513,F,2016/05/09,0,"Fort Worth",0,0,0,0,0,0,No,"2016-02-18 10:10:43",81
678000000000,5453094,M,2016/05/16,0,Oconomowoc,0,0,0,0,0,0,Yes,"2016-03-10 10:43:44",67
614000000000,5700892,F,2016/05/16,0,Coralville,0,0,0,0,0,0,No,"2016-05-16 09:53:00",0
95400000000000,5487544,F,2016/05/02,4,Sikeston,0,0,0,0,0,0,Yes,"2016-03-18 08:52:32",45
430000000000000,5673680,M,2016/05/09,1,Spearfish,0,0,0,0,0,0,No,"2016-05-09 09:43:14",0
85100000000000,5532085,F,2016/05/09,0,"Joshua Tree",0,0,0,0,0,0,Yes,"2016-03-31 10:27:38",39
24100000000000,5538419,F,2016/05/16,2,"Palm Springs",0,0,0,0,0,0,Yes,"2016-04-01 12:01:39",45
838000000000000,5700865,F,2016/05/16,0,Gretna,0,0,0,0,0,0,No,"2016-05-16 09:51:06",0
341000000000000,5634401,M,2016/05/02,1,Fairmont,0,0,0,0,0,1,Yes,"2016-04-28 10:55:22",4
264000000000000,5672146,M,2016/05/09,2,"Castle Rock",0,0,0,0,0,0,No,"2016-05-09 07:40:40",0
29300000000000,5698774,M,2016/05/16,1,"Lake Lure",0,0,0,0,0,0,No,"2016-05-16 07:51:54",0
34500000000000,5643518,M,2016/05/02,0,Ogunquit,0,0,0,0,0,0,No,"2016-05-02 07:31:01",0
81800000000000,5672095,M,2016/05/09,7,Victorville,0,0,0,0,0,0,No,"2016-05-09 07:36:42",0
42155625898,5698769,M,2016/05/16,3,Lexington,0,0,0,0,0,0,No,"2016-05-16 07:51:38",0
87855174624,5709062,M,2016/05/19,40,"Oak Harbor",0,0,0,0,0,0,No,"2016-05-17 12:51:47",2
530000000000000,5709057,F,2016/05/19,63,Coralville,0,0,0,0,0,0,No,"2016-05-17 12:51:32",2
966000000000000,5689964,F,2016/05/12,66,"Detroit Lakes",0,1,1,0,0,0,No,"2016-05-12 09:17:59",0
673000000000,5681991,F,2016/05/12,19,Columbus,0,0,0,0,0,0,Yes,"2016-05-10 15:33:21",2
959000000000000,5681985,M,2016/05/12,52,Corbin,0,0,0,0,0,0,Yes,"2016-05-10 15:32:53",2
78400000000000,5681988,F,2016/05/12,21,Chattanooga,0,0,0,0,0,0,No,"2016-05-10 15:33:09",2
658000000000,5709065,F,2016/05/19,75,"Castle Rock",0,1,0,0,0,0,No,"2016-05-17 12:51:59",2
276000000000000,5653362,F,2016/05/05,31,Calhoun,1,0,0,0,0,0,Yes,"2016-05-03 11:59:08",2
669000000000000,5653367,F,2016/05/05,77,"Fort Worth",0,1,1,0,0,0,No,"2016-05-03 11:59:39",2
9920000000000,5653365,F,2016/05/05,43,Shreveport,0,0,0,0,0,0,No,"2016-05-03 11:59:25",2
64000000000000,5681978,F,2016/05/12,40,Coralville,1,0,0,0,0,0,No,"2016-05-10 15:31:20",2
41300000000000,5681973,F,2016/05/12,39,Coralville,1,0,0,0,0,0,No,"2016-05-10 15:30:53",2
391000000000000,5681975,F,2016/05/12,24,Corbin,0,0,0,0,0,0,No,"2016-05-10 15:31:05",2
77800000000000,5709050,F,2016/05/19,77,Bradenton,0,0,0,0,0,0,No,"2016-05-17 12:50:50",2
241000000000000,5709054,F,2016/05/19,36,"Castle Rock",1,0,0,0,0,0,Yes,"2016-05-17 12:51:16",2
815000000000000,5709046,F,2016/05/19,22,"Fort Wayne",0,0,0,0,0,0,No,"2016-05-17 12:50:31",2
498000000000000,5653374,F,2016/05/05,68,"Fort Wayne",0,1,0,1,0,0,No,"2016-05-03 12:00:09",2
3890000000000,5653377,F,2016/05/05,65,Kuttawa,0,1,0,0,0,0,No,"2016-05-03 12:00:29",2
795000000000,5653370,M,2016/05/05,53,Calhoun,0,0,0,0,0,0,No,"2016-05-03 11:59:52",2
36200000000000,5653383,F,2016/05/05,70,"Twin Mountain",0,0,0,0,0,0,No,"2016-05-03 12:00:56",2
8670000000000,5653388,F,2016/05/05,58,Shreveport,0,0,0,0,0,0,No,"2016-05-03 12:01:58",2
26300000000000,5653389,F,2016/05/05,72,Olathe,0,0,0,0,0,0,No,"2016-05-03 12:02:09",2
875000000000,5682001,F,2016/05/12,73,"Battle Creek",0,0,0,0,0,0,No,"2016-05-10 15:34:41",2
22800000000000,5682032,F,2016/05/12,63,"Palm Springs",0,0,0,0,0,0,No,"2016-05-10 15:38:26",2
27300000000000,5682035,F,2016/05/12,43,"Fort Collins",0,0,0,1,0,0,No,"2016-05-10 15:38:41",2
12500000000000,5709072,M,2016/05/19,60,"Castle Rock",0,1,1,0,0,0,Yes,"2016-05-17 12:52:27",2
11700000000000,5709076,F,2016/05/19,54,Bloomington,0,1,0,1,0,0,Yes,"2016-05-17 12:52:49",2
7580000000000,5709069,M,2016/05/19,63,"Fort Wayne",0,0,0,1,0,0,No,"2016-05-17 12:52:14",2
7830000000000,5628328,M,2016/05/03,39,Calhoun,0,0,0,0,0,1,Yes,"2016-04-27 10:49:36",6
2910000000000,5713492,M,2016/05/24,6,Dahlonega,0,0,0,0,0,1,No,"2016-05-18 10:12:26",6
352000000000000,5714131,M,2016/05/24,61,"Oak Harbor",0,1,0,0,0,1,No,"2016-05-18 11:19:37",6
89700000000000,5744885,F,2016/05/31,53,Hampton,0,0,0,0,0,0,No,"2016-05-30 10:54:19",1
7830000000000,5628332,M,2016/05/03,39,Cooperstown,0,0,0,0,0,0,Yes,"2016-04-27 10:49:50",6
89700000000000,5744884,F,2016/05/31,53,Hampton,0,0,0,0,0,0,No,"2016-05-30 10:54:19",1
17000000000000,5643443,F,2016/05/02,6,Hampton,0,0,0,0,0,0,No,"2016-05-02 07:26:48",0
4140000000000,5671608,F,2016/05/09,2,"Johnson City",0,0,0,0,0,0,No,"2016-05-09 06:47:51",0
479000000000000,5698765,F,2016/05/16,1,Grayling,0,0,0,0,0,0,No,"2016-05-16 07:51:24",0
554000000000000,5699723,M,2016/05/16,0,Hartford,0,0,0,0,0,0,No,"2016-05-16 08:46:28",0
818000000000000,5338898,M,2016/05/02,1,Albany,0,0,0,0,0,1,No,"2016-02-11 17:20:47",81
1250000000000,5431049,M,2016/05/09,0,Indianapolis,0,0,0,0,0,0,No,"2016-03-04 10:02:02",66
231000000000,5570052,F,2016/05/16,5,"Oak Harbor",0,0,0,0,0,0,No,"2016-04-12 07:24:40",34
88800000000000,5483619,M,2016/05/02,2,Coralville,0,0,0,0,0,1,No,"2016-03-17 11:52:50",46
1320000000000,5543486,F,2016/05/09,3,Hampton,0,0,0,0,0,0,Yes,"2016-04-05 10:12:15",34
1870000000000,5672263,F,2016/05/09,0,Hampton,0,0,0,0,0,0,No,"2016-05-09 07:51:11",0
3430000000000,5698761,M,2016/05/16,2,Walden,0,0,0,0,0,0,No,"2016-05-16 07:51:11",0
74000000000000,5549266,F,2016/05/16,0,Sikeston,0,0,0,0,0,0,Yes,"2016-04-06 09:40:23",40
40000000000000,5677931,F,2016/05/12,70,"Castle Rock",0,0,0,0,0,0,No,"2016-05-10 07:50:24",2
1780000000000,5726219,M,2016/05/24,3,"Osage Beach",0,0,0,0,0,1,No,"2016-05-20 13:19:30",4
1780000000000,5732540,M,2016/05/31,3,"Fort Worth",0,0,0,0,0,1,No,"2016-05-24 11:43:49",7
737000000000000,5639501,F,2016/05/05,41,"Lake Lure",0,0,0,0,0,1,Yes,"2016-04-29 09:10:23",6
552000000000,5677942,F,2016/05/12,43,Columbia,1,0,0,0,0,0,No,"2016-05-10 07:50:56",2
638000000000000,5644272,M,2016/05/05,61,Columbus,0,1,0,0,0,1,No,"2016-05-02 08:28:07",3
8960000000000,5723220,M,2016/05/31,4,Hartford,0,0,0,0,0,1,Yes,"2016-05-20 08:03:40",11
682000000000,5750834,M,2016/05/31,6,Shreveport,0,0,0,0,0,0,No,"2016-05-31 09:23:19",0
59700000000000,5719544,M,2016/05/24,6,Oconomowoc,0,0,0,0,0,1,No,"2016-05-19 11:31:47",5
59700000000000,5732233,M,2016/05/31,6,Oconomowoc,0,0,0,0,0,1,Yes,"2016-05-24 11:11:21",7
5470000000000,5660277,M,2016/05/05,3,Indianapolis,0,0,0,0,0,0,No,"2016-05-04 16:01:28",1
7970000000000,5634259,M,2016/05/05,6,"Battle Creek",0,0,0,0,0,1,No,"2016-04-28 10:39:18",7
781000000000000,5633299,F,2016/05/05,56,Chattanooga,0,1,0,0,0,1,No,"2016-04-28 09:12:55",7
40000000000000,5677930,F,2016/05/12,70,Chattanooga,0,0,0,0,0,0,No,"2016-05-10 07:50:07",2
552000000000,5677946,F,2016/05/12,43,Hampton,1,0,0,0,0,0,No,"2016-05-10 07:51:10",2
4460000000000,5656772,M,2016/05/05,10,Batesville,0,0,0,0,0,0,No,"2016-05-04 08:30:43",1
59700000000000,5715141,M,2016/05/19,6,"Fort Collins",0,0,0,0,0,0,No,"2016-05-18 13:44:40",1
4460000000000,5663241,M,2016/05/12,10,Fairmont,0,0,0,0,0,1,Yes,"2016-05-05 09:44:03",7
7970000000000,5663778,M,2016/05/12,6,"Castle Rock",0,0,0,0,0,1,No,"2016-05-05 10:33:33",7
7970000000000,5690784,M,2016/05/19,6,"Bowling Green",0,0,0,0,0,0,No,"2016-05-12 10:39:50",7
53500000000000,5563412,M,2016/05/04,66,"El Reno",0,0,0,0,0,1,No,"2016-04-08 16:07:12",26
627000000000000,5657896,M,2016/05/04,21,Kuttawa,0,0,0,0,0,0,No,"2016-05-04 10:06:54",0
2640000000000,5676895,F,2016/05/11,51,Calhoun,0,0,0,0,0,0,No,"2016-05-09 16:48:38",2
294000000000000,5587322,F,2016/05/18,51,"Twin Mountain",0,0,0,0,0,0,No,"2016-04-15 08:32:52",33
76000000000000,5713319,F,2016/05/18,20,"Fort Worth",0,0,0,0,0,0,No,"2016-05-18 09:58:42",0
85887171578,5603072,F,2016/05/25,60,Ogunquit,0,0,0,0,0,0,Yes,"2016-04-19 16:38:07",36
19300000000000,5737411,F,2016/05/25,66,Ogunquit,0,0,0,0,0,0,No,"2016-05-25 09:33:27",0
5430000000000,5570369,F,2016/05/12,60,Hartford,0,0,0,0,0,1,No,"2016-04-12 07:49:29",30
525000000000000,5581952,F,2016/05/19,35,Lexington,0,0,0,0,0,0,No,"2016-04-14 08:45:35",35
55700000000000,5656778,F,2016/05/04,66,Olathe,0,0,0,0,0,0,No,"2016-05-04 08:30:55",0
3150000000000,5680281,F,2016/05/11,28,"Battle Creek",0,0,0,0,0,0,No,"2016-05-10 11:37:29",1
971000000000,5702167,F,2016/05/18,47,"Battle Creek",0,0,0,0,0,0,No,"2016-05-16 11:37:43",2
6620000000000,5713011,F,2016/05/18,54,Burlington,0,0,0,0,0,0,No,"2016-05-18 09:36:29",0
34400000000000,5602934,M,2016/05/25,89,"Fort Collins",0,0,0,0,0,1,No,"2016-04-19 16:06:07",36
57900000000000,5563411,F,2016/05/04,51,"Grand Junction",0,0,0,0,0,1,No,"2016-04-08 16:06:30",26
64500000000000,5684888,F,2016/05/11,54,"Grand Junction",0,0,0,0,0,0,No,"2016-05-11 09:19:26",0
9780000000000,5737195,M,2016/05/25,39,"Osage Beach",0,0,0,0,0,0,No,"2016-05-25 09:19:40",0
88600000000000,5657208,F,2016/05/04,33,"Fort Worth",0,0,0,0,0,0,No,"2016-05-04 09:03:49",0
46700000000000,5560202,F,2016/05/04,69,"Fort Worth",0,0,0,0,0,1,No,"2016-04-08 08:37:25",26
93800,5712759,F,2016/05/18,33,"Fort Worth",0,0,0,0,0,0,No,"2016-05-18 09:12:29",0
88700000000000,5586323,M,2016/05/18,53,Eugene,0,0,0,0,0,0,No,"2016-04-15 07:31:14",33
29758124472,5737107,F,2016/05/25,52,Eugene,0,0,0,0,0,0,No,"2016-05-25 09:11:17",0
92500000000000,5600201,M,2016/05/25,45,Ogunquit,0,0,0,0,0,1,No,"2016-04-19 10:08:23",36
198000000000,5600111,F,2016/05/25,81,Coralville,0,0,0,0,0,0,No,"2016-04-19 09:57:55",36
1380000000000,5656582,F,2016/05/04,64,"Cedar Rapids",0,0,0,0,0,0,No,"2016-05-04 08:15:03",0
61500000000000,5683849,F,2016/05/11,47,"Fort Collins",0,0,0,0,0,0,No,"2016-05-11 07:55:51",0
583000000000000,5584768,F,2016/05/18,55,"Fort Collins",0,0,0,0,0,0,No,"2016-04-14 14:46:06",34
5830000000000,5736301,M,2016/05/25,35,"Fort Worth",0,0,0,0,0,0,No,"2016-05-25 08:10:50",0
5160000000000,5599963,M,2016/05/25,55,"Lenoir City",0,0,0,0,0,1,No,"2016-04-19 09:43:24",36
353000000000000,5656357,F,2016/05/04,59,Shakopee,0,0,0,0,0,0,No,"2016-05-04 07:58:04",0
487000000000000,5548956,F,2016/05/04,65,Lexington,0,0,0,0,0,1,Yes,"2016-04-06 09:13:09",28
62299458551,5570118,M,2016/05/11,76,"Oak Harbor",0,0,0,0,0,0,No,"2016-04-12 07:28:16",29
556000000000,5683665,F,2016/05/11,26,Chattanooga,0,0,0,0,0,0,No,"2016-05-11 07:45:00",0
48600000000000,5582693,M,2016/05/18,54,Albuquerque,0,0,0,0,0,0,Yes,"2016-04-14 09:48:05",34
545000000000000,5736242,M,2016/05/25,19,Albuquerque,0,0,0,0,0,0,No,"2016-05-25 08:05:57",0
144000000000,5561975,F,2016/05/04,63,Hampton,0,0,0,0,0,1,No,"2016-04-08 11:48:11",26
997000000000000,5569374,F,2016/05/11,58,"Grand Junction",0,0,0,0,0,1,Yes,"2016-04-11 17:22:19",30
294000000000000,5683505,F,2016/05/11,29,"Bowling Green",0,0,0,0,0,0,No,"2016-05-11 07:35:10",0
5570000000000,5712027,F,2016/05/18,56,Douglasville,0,0,0,0,0,0,No,"2016-05-18 08:21:03",0
166000000000000,5600045,F,2016/05/25,66,"Fort Worth",0,0,0,0,0,0,No,"2016-04-19 09:51:22",36
254000000000000,5655563,M,2016/05/04,57,Ogunquit,0,1,0,0,0,0,No,"2016-05-03 18:26:53",1
540000000000,5656276,F,2016/05/04,29,Hartford,0,0,0,0,0,0,No,"2016-05-04 07:51:31",0
36100000000000,5683057,F,2016/05/11,42,Eureka,0,0,0,0,0,0,No,"2016-05-11 07:10:58",0
13600000000000,5684007,F,2016/05/11,80,Gorham,0,0,0,0,0,0,No,"2016-05-11 08:07:32",0
9460000000000,5711181,M,2016/05/18,33,"Battle Creek",0,0,0,0,0,0,No,"2016-05-18 07:20:24",0
6790000000000,5736178,F,2016/05/25,34,Sikeston,0,0,0,0,0,0,No,"2016-05-25 08:01:01",0
587000000000000,5561394,F,2016/05/03,55,"Fort Collins",0,0,0,0,0,1,No,"2016-04-08 10:33:42",25
9520000000000,5679380,F,2016/05/10,58,"Fort Collins",0,0,0,0,0,0,No,"2016-05-10 09:51:35",0
5640000000000,5569050,F,2016/05/10,64,"Fort Collins",0,0,0,0,0,1,No,"2016-04-11 16:02:35",29
7870000000000,5707610,M,2016/05/17,47,Boone,0,0,0,0,0,0,No,"2016-05-17 09:51:12",0
42900000000000,5580300,M,2016/05/17,59,Ogunquit,0,0,0,0,0,0,No,"2016-04-13 17:37:30",34
961000000000000,5620765,F,2016/05/31,58,Ogunquit,0,0,0,0,0,1,No,"2016-04-26 09:25:00",35
92800000000000,5558023,F,2016/05/03,41,"Lenoir City",0,0,0,0,0,1,Yes,"2016-04-07 15:50:04",26
5770000000000,5651848,M,2016/05/03,33,Columbus,0,0,0,0,0,0,No,"2016-05-03 09:20:02",0
35900000000000,5568817,F,2016/05/10,76,"Elk City",0,0,0,0,0,1,No,"2016-04-11 15:24:23",29
856000000000000,5678976,F,2016/05/10,21,"Battle Creek",0,0,0,0,0,0,No,"2016-05-10 09:16:55",0
16800000000000,5707338,F,2016/05/17,32,"Battle Creek",0,0,0,0,0,0,No,"2016-05-17 09:31:11",0
692000000000000,5582636,M,2016/05/17,26,Hampton,0,0,0,0,0,0,No,"2016-04-14 09:43:35",33
7870000000000,5750950,F,2016/05/31,56,"Eau Claire",0,0,0,0,0,0,No,"2016-05-31 09:31:04",0
2430000000000,5748206,M,2016/05/31,49,Corbin,0,0,0,0,0,0,No,"2016-05-30 17:39:39",1
583000000000,5751617,F,2016/05/31,41,Corbin,0,0,0,0,0,0,No,"2016-05-31 10:23:17",0
52200000000000,5559499,M,2016/05/03,80,Woodland,0,0,0,0,0,0,No,"2016-04-08 07:48:51",25
785000000000000,5568822,F,2016/05/10,79,"Grand Junction",0,0,0,0,0,1,No,"2016-04-11 15:25:33",29
846000000000000,5679137,F,2016/05/10,21,"Castle Rock",0,0,0,0,0,0,No,"2016-05-10 09:30:07",0
290000000000000,5580299,F,2016/05/17,56,Columbia,0,0,0,0,0,0,No,"2016-04-13 17:36:32",34
792000000000000,5707389,F,2016/05/17,62,Ogunquit,0,0,0,0,0,0,No,"2016-05-17 09:34:34",0
48800000000000,5620556,F,2016/05/31,46,"Lenoir City",0,0,0,0,0,1,No,"2016-04-26 09:11:17",35
25200000000000,5559488,M,2016/05/03,76,Hartford,0,0,0,0,0,1,No,"2016-04-08 07:48:01",25
830000000000000,5697813,F,2016/05/17,18,Oconomowoc,0,0,0,0,0,0,No,"2016-05-13 19:08:27",4
945000000000,5615205,F,2016/05/31,68,Albany,0,0,0,0,0,1,No,"2016-04-25 11:52:12",36
939000000000000,5557997,F,2016/05/03,51,Gorham,0,0,0,0,0,1,No,"2016-04-07 15:44:28",26
26900000000000,5651167,M,2016/05/03,56,Appleton,0,0,0,0,0,0,No,"2016-05-03 08:30:27",0
23600000000000,5569043,M,2016/05/10,35,Corbin,0,0,0,0,0,1,No,"2016-04-11 16:00:03",29
44454518353,5706152,M,2016/05/17,79,Chattanooga,0,0,0,0,0,0,No,"2016-05-17 07:55:29",0
87200000000000,5686470,F,2016/05/31,43,"Grand Junction",0,0,0,0,0,1,Yes,"2016-05-11 13:26:39",20
939000000000000,5557762,M,2016/05/03,85,Kuttawa,0,0,0,0,0,0,No,"2016-04-07 15:05:36",26
254000000000000,5656616,M,2016/05/10,57,Oconomowoc,0,1,0,0,0,1,Yes,"2016-05-04 08:17:24",6
336000000000000,5576274,F,2016/05/17,67,Albany,0,0,0,0,0,0,No,"2016-04-13 08:14:57",34
83900000000000,5615055,F,2016/05/31,45,"Oak Harbor",0,0,0,0,0,1,No,"2016-04-25 11:33:00",36
927000000000000,5750240,M,2016/05/31,21,Coralville,0,0,0,0,0,0,No,"2016-05-31 08:38:58",0
676000000000000,5556723,F,2016/05/03,41,Chattanooga,0,0,0,0,0,1,Yes,"2016-04-07 12:56:36",26
6790000000000,5565243,F,2016/05/10,72,Bradenton,0,0,0,0,0,1,No,"2016-04-11 08:39:31",29
31200000000000,5705685,F,2016/05/17,39,Bradenton,0,1,0,0,0,0,No,"2016-05-17 07:24:39",0
24900000000000,5649830,F,2016/05/03,82,Gretna,0,0,0,0,0,0,No,"2016-05-03 07:15:28",0
981000000000000,5550377,F,2016/05/03,48,"Grand Junction",0,0,0,0,0,1,No,"2016-04-06 11:15:19",27
818000000000000,5678198,F,2016/05/10,58,"Castle Rock",0,0,0,0,0,0,No,"2016-05-10 08:13:05",0
8330000000000,5563447,M,2016/05/10,39,"Castle Rock",0,0,0,0,0,1,Yes,"2016-04-08 16:20:12",32
73000000000000,5577290,F,2016/05/17,63,Bloomington,0,0,0,0,0,0,Yes,"2016-04-13 09:48:10",34
4252579869,5614880,F,2016/05/31,52,Bloomington,0,0,0,0,0,1,No,"2016-04-25 11:08:59",36
69232637513,5615016,F,2016/05/31,42,Grayling,0,0,0,0,0,1,No,"2016-04-25 11:27:04",36
789000000000000,5567911,F,2016/05/09,17,Hartford,0,0,0,0,0,0,No,"2016-04-11 13:33:49",28
63300000000000,5574967,F,2016/05/16,71,Oconomowoc,0,0,0,0,0,0,No,"2016-04-12 16:22:42",34
5420000000000,5605796,F,2016/05/30,39,Gardena,0,0,0,0,0,1,Yes,"2016-04-20 09:28:18",40
32500000000000,5743801,F,2016/05/30,22,Albuquerque,0,0,0,0,0,0,No,"2016-05-30 09:26:31",0
866000000000,5673448,F,2016/05/09,39,Hampton,0,0,0,0,0,0,No,"2016-05-09 09:22:19",0
25000000000000,5567904,F,2016/05/09,53,"Osage Beach",0,0,0,0,0,0,No,"2016-04-11 13:32:36",28
263000000000000,5701027,F,2016/05/16,19,Indianapolis,0,0,0,0,0,0,No,"2016-05-16 10:01:58",0
3470000000000,5574964,M,2016/05/16,85,"Battle Creek",0,0,0,0,0,0,No,"2016-04-12 16:22:19",34
5750000000000,5743744,M,2016/05/30,43,"Rocky Mount",0,0,0,0,0,0,No,"2016-05-30 09:21:49",0
255000000000000,5573287,F,2016/05/30,45,Charlotte,0,1,0,0,0,1,No,"2016-04-12 12:21:12",48
86500000000000,5673093,F,2016/05/09,71,Albuquerque,0,1,1,0,0,0,No,"2016-05-09 08:53:39",0
2880000000000,5568117,F,2016/05/09,31,Gretna,0,0,0,0,0,0,No,"2016-04-11 13:55:50",28
537000000000000,5700547,M,2016/05/16,31,"Castle Rock",0,0,0,0,0,0,No,"2016-05-16 09:33:18",0
849000000000000,5573964,M,2016/05/16,20,Hartford,0,0,0,0,0,0,No,"2016-04-12 13:52:15",34
767000000000000,5743601,F,2016/05/30,19,Walden,0,0,0,0,0,0,No,"2016-05-30 09:10:49",0
845000000000000,5672807,M,2016/05/09,40,Griffin,0,0,0,0,0,0,No,"2016-05-09 08:31:52",0
24900000000000,5743513,F,2016/05/30,82,Auburn,0,0,0,0,0,0,No,"2016-05-30 09:06:07",0
3680000000000,5604659,F,2016/05/30,70,Ogunquit,0,0,0,0,0,1,No,"2016-04-20 08:11:22",40
14300000000000,5568933,F,2016/05/09,50,Oconomowoc,0,0,0,0,0,0,No,"2016-04-11 15:43:46",28
774000000000000,5575768,F,2016/05/16,69,Oconomowoc,0,0,0,0,0,0,Yes,"2016-04-13 07:32:12",33
61800000000000,5741696,M,2016/05/30,80,Indianapolis,0,0,0,0,0,0,No,"2016-05-30 07:20:49",0
15700000000000,5743280,M,2016/05/30,37,Coralville,0,0,0,0,0,0,No,"2016-05-30 08:51:46",0
776000000000000,5565844,M,2016/05/09,56,"Joshua Tree",0,0,0,0,0,0,Yes,"2016-04-11 09:28:58",28
99400000000000,5672103,F,2016/05/09,53,Woodland,0,0,0,0,0,0,No,"2016-05-09 07:37:23",0
2120000000000,5573760,F,2016/05/16,56,Dublin,0,0,0,0,0,0,Yes,"2016-04-12 13:28:03",34
16500000000000,5603155,F,2016/05/30,65,Grayling,0,0,0,0,0,1,No,"2016-04-19 17:01:18",41
37400000000000,5672813,F,2016/05/09,82,Columbia,0,0,0,0,0,0,No,"2016-05-09 08:32:17",0
5219432953,5672368,F,2016/05/09,22,Ogunquit,0,0,0,0,0,0,No,"2016-05-09 07:58:02",0
762000000000,5699869,F,2016/05/16,37,"Elk City",0,0,0,0,0,0,No,"2016-05-16 08:54:49",0
76100000000000,5604934,M,2016/05/30,69,Oconomowoc,0,0,0,0,0,1,No,"2016-04-20 08:28:06",40
333000000000000,5558200,M,2016/05/09,21,Lexington,0,0,0,0,0,0,Yes,"2016-04-07 16:11:53",32
981000000000000,5577268,F,2016/05/16,78,Columbus,0,0,0,0,0,0,No,"2016-04-13 09:46:03",33
65500000000000,5602913,M,2016/05/30,68,Sikeston,0,0,0,0,0,1,No,"2016-04-19 16:02:05",41
58300000000000,5676123,F,2016/05/11,35,Batesville,0,0,0,0,0,0,No,"2016-05-09 15:01:01",2
86700000000000,5686345,F,2016/05/18,44,"Grand Junction",0,0,0,0,0,0,No,"2016-05-11 13:06:55",7
98300000000000,5725211,F,2016/05/25,52,"Castle Rock",0,0,0,0,0,1,No,"2016-05-20 10:42:59",5
39200000000000,5664465,F,2016/05/11,21,"East Syracuse",0,0,0,0,0,1,Yes,"2016-05-05 12:26:16",6
485000000000,5675649,F,2016/05/18,33,Oconomowoc,0,0,0,0,0,0,No,"2016-05-09 14:07:14",9
368000000000000,5692637,M,2016/05/25,12,Albany,0,0,0,0,0,1,No,"2016-05-12 15:52:57",13
443000000000000,5680172,F,2016/05/11,34,Lexington,0,0,0,0,0,0,No,"2016-05-10 11:15:05",1
35900000000000,5691151,F,2016/05/18,32,Hampton,0,0,0,0,0,0,Yes,"2016-05-12 11:29:35",6
56700000000000,5740482,F,2016/05/25,55,Sikeston,0,0,0,0,0,0,No,"2016-05-25 15:25:41",0
334000000000,5666219,F,2016/05/11,38,Chattanooga,0,0,0,0,0,1,No,"2016-05-05 16:11:49",6
56692679146,5681211,F,2016/05/18,16,"Castle Rock",0,0,0,0,0,0,Yes,"2016-05-10 13:51:23",8
6950000000000,5702555,F,2016/05/25,18,Columbia,0,0,0,0,0,1,Yes,"2016-05-16 12:32:18",9
8710000000000,5585072,F,2016/05/04,13,Ogunquit,0,0,0,0,0,1,Yes,"2016-04-14 15:31:19",20
96900000000000,5612346,M,2016/05/11,1,Hartford,0,0,0,0,0,1,No,"2016-04-25 08:11:11",16
23200000000000,5595360,F,2016/05/18,0,Eureka,0,0,0,0,0,0,No,"2016-04-18 12:32:49",30
740000000000000,5581341,F,2016/05/25,0,"Elk City",0,0,0,0,0,1,No,"2016-04-14 07:58:08",41
6330000000000,5658245,M,2016/05/04,2,Corbin,0,0,0,0,0,0,No,"2016-05-04 10:46:03",0
5660000000000,5628997,M,2016/05/04,1,Sikeston,0,0,0,0,0,1,No,"2016-04-27 12:21:23",7
612000000000000,5685087,M,2016/05/11,0,"Palm Springs",0,0,0,0,0,0,No,"2016-05-11 09:40:09",0
5720000000000,5702347,M,2016/05/18,2,Fairmont,0,0,0,0,0,0,No,"2016-05-16 12:10:24",2
59445133189,5718734,F,2016/05/25,0,"Grand Junction",0,0,0,0,0,1,No,"2016-05-19 10:02:18",6
115000000000,5505247,M,2016/05/04,1,"Grand Junction",0,0,0,0,0,1,No,"2016-03-23 09:00:25",42
49800000000000,5636560,M,2016/05/11,3,"Castle Rock",0,0,0,0,0,1,Yes,"2016-04-28 15:38:03",13
27800000000000,5538646,F,2016/05/18,3,Grayling,0,0,0,0,0,0,Yes,"2016-04-01 13:07:33",47
23200000000000,5714234,M,2016/05/18,1,Eureka,0,0,0,0,0,0,No,"2016-05-18 11:33:19",0
838000000000000,5464615,F,2016/05/25,0,Hampton,0,0,0,0,0,1,No,"2016-03-14 11:59:28",72
29000000000000,5628082,M,2016/05/04,1,Sikeston,0,0,0,0,0,1,No,"2016-04-27 10:26:27",7
77000000000000,5588073,M,2016/05/04,1,Hampton,0,0,0,0,0,1,No,"2016-04-15 09:31:48",19
796000000000000,5628460,M,2016/05/11,5,Bradenton,0,0,0,0,0,1,No,"2016-04-27 11:01:40",14
8750000000000,5628827,M,2016/05/18,6,"Fort Collins",0,0,0,0,0,0,No,"2016-04-27 11:45:34",21
7320000000000,5606762,F,2016/05/25,0,"Castle Rock",0,0,0,0,0,1,Yes,"2016-04-20 10:39:53",35
838000000000000,5609190,F,2016/05/04,58,Auburn,0,0,0,0,0,1,Yes,"2016-04-20 15:19:54",14
455000000000000,5552816,F,2016/05/11,68,Dublin,0,0,0,0,0,1,No,"2016-04-06 17:22:29",35
89200000000000,5655333,M,2016/05/18,45,"Lake Lure",0,0,0,0,0,0,Yes,"2016-05-03 16:43:32",15
964000000000000,5609807,F,2016/05/25,55,Silverton,0,0,0,0,0,1,No,"2016-04-20 17:18:25",35
4650000000000,5552817,F,2016/05/04,74,Oconomowoc,0,0,0,0,0,1,No,"2016-04-06 17:22:42",28
49832537585,5609553,F,2016/05/18,10,Gorham,0,0,0,0,0,0,Yes,"2016-04-20 16:09:41",28
85400000000000,5609805,F,2016/05/25,37,Sikeston,0,1,0,0,0,1,Yes,"2016-04-20 17:17:27",35
779000000000000,5608644,M,2016/05/04,4,Spearfish,0,0,0,0,0,1,Yes,"2016-04-20 14:08:45",14
698000000000000,5580306,M,2016/05/11,20,Woodland,0,0,0,0,0,1,No,"2016-04-13 17:42:52",28
6620000000000,5655421,F,2016/05/18,54,"Castle Rock",0,0,0,0,0,0,Yes,"2016-05-03 17:09:43",15
52900000000000,5609813,F,2016/05/25,52,"El Reno",0,0,0,0,0,0,No,"2016-04-20 17:19:34",35
8950000000000,5580320,M,2016/05/11,19,"Johnson City",0,0,0,0,0,1,Yes,"2016-04-13 17:53:27",28
150000000000000,5664426,F,2016/05/18,59,"East Syracuse",0,0,0,0,0,0,No,"2016-05-05 12:13:52",13
49200000000000,5609814,F,2016/05/25,49,"East Syracuse",0,0,0,0,0,1,No,"2016-04-20 17:20:39",35
66600000000000,5634841,F,2016/05/04,52,Hartford,0,0,0,0,0,1,Yes,"2016-04-28 11:51:19",6
433000000000000,5635392,M,2016/05/04,8,"Battle Creek",0,0,0,0,0,1,No,"2016-04-28 13:23:08",6
1190000000000,5580321,F,2016/05/11,37,Cambridge,0,0,0,0,0,1,Yes,"2016-04-13 17:54:43",28
152000000000,5666538,M,2016/05/18,37,Columbus,0,0,0,0,0,0,Yes,"2016-05-05 17:36:38",13
13400000000000,5609816,M,2016/05/25,59,Chattanooga,0,0,0,0,0,1,Yes,"2016-04-20 17:21:49",35
298000000000,5645806,F,2016/05/04,46,Albuquerque,0,0,0,0,0,0,Yes,"2016-05-02 10:24:45",2
985000000000000,5580360,F,2016/05/11,61,Cary,0,0,0,0,0,1,Yes,"2016-04-13 18:31:05",28
100000000000000,5669193,M,2016/05/18,3,"Twin Mountain",0,0,0,0,0,0,No,"2016-05-06 10:29:57",12
42300000000000,5609838,M,2016/05/25,21,Eugene,0,0,0,0,0,0,Yes,"2016-04-20 17:29:54",35
39200000000000,5648325,F,2016/05/04,21,Eureka,0,0,0,0,0,0,Yes,"2016-05-02 15:24:34",2
85100000000000,5585391,F,2016/05/11,46,Coralville,0,0,0,0,0,1,Yes,"2016-04-14 16:33:27",27
673000000000000,5669923,M,2016/05/18,27,Charlotte,0,0,0,0,0,0,No,"2016-05-06 12:03:24",12
929000000000000,5664372,F,2016/05/25,24,"Grand Junction",0,0,0,0,0,1,Yes,"2016-05-05 12:04:47",20
72700000000000,5652062,M,2016/05/04,13,"Grand Junction",0,0,0,0,0,0,No,"2016-05-03 09:38:47",1
656000000000,5648264,F,2016/05/11,42,"Castle Rock",0,0,0,0,0,1,Yes,"2016-05-02 15:19:36",9
7680000000000,5670014,F,2016/05/18,41,"Osage Beach",0,0,0,0,0,0,Yes,"2016-05-06 12:37:40",12
6130000000000,5675141,M,2016/05/25,19,Victorville,0,0,0,0,0,1,Yes,"2016-05-09 13:10:31",16
16174718963,5560231,F,2016/05/06,60,"Oak Harbor",0,0,0,0,0,1,No,"2016-04-08 08:39:36",28
1530000000000,5570664,F,2016/05/13,30,"Battle Creek",0,0,0,0,0,0,No,"2016-04-12 08:07:14",31
76900000000000,5591306,F,2016/05/20,72,Coralville,0,0,0,0,0,0,No,"2016-04-15 16:31:27",35
53000000000000,5663798,F,2016/05/05,31,"Cedar Rapids",0,0,0,0,0,0,No,"2016-05-05 10:34:44",0
96200000000000,5628521,F,2016/05/05,67,Cary,0,0,0,0,0,1,No,"2016-04-27 11:08:17",8
26000000000000,5571669,F,2016/05/12,63,Leesburg,0,0,0,0,0,1,No,"2016-04-12 09:26:10",30
291000000000000,5690852,F,2016/05/12,56,Oconomowoc,0,0,0,0,0,0,No,"2016-05-12 10:48:12",0
58200000000000,5588581,F,2016/05/19,34,"Battle Creek",0,0,0,0,0,0,Yes,"2016-04-15 10:12:29",34
71900000000000,5566436,M,2016/05/05,66,"Lake Lure",0,0,0,0,0,1,No,"2016-04-11 10:26:13",24
3660000000000,5663304,F,2016/05/05,20,Garberville,0,0,0,0,0,0,No,"2016-05-05 09:48:57",0
52200000000000,5668407,M,2016/05/12,80,Saginaw,0,0,0,0,0,0,No,"2016-05-06 09:00:58",6
71300000000000,5588577,M,2016/05/19,29,"Joshua Tree",0,0,0,0,0,0,Yes,"2016-04-15 10:11:47",34
6690000000000,5718846,F,2016/05/19,30,Griffin,0,0,0,0,0,0,No,"2016-05-19 10:12:55",0
3240000000000,5566027,F,2016/05/05,49,Griffin,0,0,0,0,0,1,Yes,"2016-04-11 09:47:23",24
663000000000,5570975,F,2016/05/12,76,"Grand Junction",0,0,0,0,0,1,No,"2016-04-12 08:29:03",30
13200000000000,5718195,M,2016/05/19,20,"Fort Wayne",0,0,0,0,0,0,No,"2016-05-19 09:04:26",0
3760000000000,5718066,F,2016/05/19,44,"Fort Wayne",0,0,0,0,0,0,No,"2016-05-19 08:51:37",0
64200000000000,5663374,F,2016/05/05,67,"Little River",0,0,0,0,0,0,No,"2016-05-05 09:55:54",0
5430000000000,5565870,F,2016/05/05,66,Dahlonega,0,0,0,0,0,0,No,"2016-04-11 09:31:21",24
86700000000000,5689339,F,2016/05/12,21,Huntingdon,1,0,0,0,0,0,No,"2016-05-12 08:20:17",0
873000000000000,5689952,F,2016/05/12,42,Coralville,0,0,0,0,0,0,No,"2016-05-12 09:17:22",0
63700000000000,5717813,M,2016/05/19,18,"Castle Rock",0,0,0,0,0,0,No,"2016-05-19 08:26:12",0
64000000000000,5588304,F,2016/05/19,43,"East Syracuse",0,0,0,0,0,0,No,"2016-04-15 09:49:32",34
86900000000000,5563686,F,2016/05/05,55,Grayling,0,0,0,0,0,1,No,"2016-04-08 17:58:25",27
61800000000000,5570825,F,2016/05/12,72,Raleigh,0,0,0,0,0,0,No,"2016-04-12 08:19:12",30
27700000000000,5717714,F,2016/05/19,50,Coralville,0,0,0,0,0,0,No,"2016-05-19 08:17:25",0
5980000000000,5562882,M,2016/05/05,79,Eugene,0,0,0,0,0,1,No,"2016-04-08 14:38:46",27
25789196743,5676528,M,2016/05/12,55,Newport,0,0,0,0,0,0,Yes,"2016-05-09 15:52:12",3
9640000000000,5587559,F,2016/05/19,84,Newport,0,0,0,0,0,0,No,"2016-04-15 08:49:02",34
89400000000000,5717256,F,2016/05/19,19,Newport,0,0,0,0,0,0,No,"2016-05-19 07:45:47",0
99400000000000,5662319,F,2016/05/05,53,Newport,0,0,0,0,0,0,No,"2016-05-05 08:23:38",0
18177912587,5560948,M,2016/05/05,73,Newport,0,0,0,0,0,1,No,"2016-04-08 09:53:03",27
99900000000000,5562872,F,2016/05/05,73,Newport,0,0,0,0,0,0,No,"2016-04-08 14:38:00",27
2930000000000,5570649,F,2016/05/12,42,Garberville,0,0,0,0,0,1,No,"2016-04-12 08:06:25",30
11900000000000,5689181,F,2016/05/12,30,Charlotte,0,0,0,0,0,0,No,"2016-05-12 08:06:49",0
32200000000000,5675821,F,2016/05/19,83,Gardena,0,0,0,0,0,0,Yes,"2016-05-09 14:25:41",10
4680000000000,5565385,F,2016/05/06,67,Cary,0,0,0,0,0,0,Yes,"2016-04-11 08:50:56",25
1680000000000,5691021,F,2016/05/13,51,Cary,0,0,0,0,0,0,No,"2016-05-12 11:10:53",1
776000000000000,5695069,M,2016/05/13,56,Batesville,0,0,0,0,0,0,No,"2016-05-13 09:26:48",0
53800000000000,5592215,M,2016/05/20,79,"Fort Wayne",0,0,0,0,0,0,No,"2016-04-18 07:45:05",32
2830000000000,5668428,F,2016/05/06,61,"East Syracuse",0,1,0,0,0,0,No,"2016-05-06 09:02:53",0
16800000000000,5572544,M,2016/05/13,56,"Lake Lure",0,0,0,0,0,0,No,"2016-04-12 10:47:26",31
698000000000000,5592189,M,2016/05/20,20,Eugene,0,0,0,0,0,0,No,"2016-04-18 07:43:16",32
592000000000000,5668393,F,2016/05/06,58,Newport,0,0,0,0,0,0,No,"2016-05-06 08:59:19",0
13200000000000,5572063,M,2016/05/13,39,Garberville,0,0,0,0,0,0,No,"2016-04-12 09:59:46",31
75500000000000,5723230,F,2016/05/20,42,Leesburg,0,0,0,0,0,0,No,"2016-05-20 08:04:10",0
43000000000000,5724142,F,2016/05/20,49,"Battle Creek",0,0,0,0,0,0,No,"2016-05-20 09:03:49",0
65400000000000,5632082,F,2016/05/06,22,"East Syracuse",0,0,0,0,0,1,Yes,"2016-04-28 07:39:46",8
778000000000,5675873,F,2016/05/13,79,Newport,0,0,0,0,0,0,No,"2016-05-09 14:34:46",4
4200000000000,5590862,F,2016/05/20,60,Garberville,0,0,0,0,0,0,Yes,"2016-04-15 15:11:46",35
51400000000000,5665521,M,2016/05/06,25,Pittsburgh,0,0,0,0,0,0,No,"2016-05-05 14:40:20",1
1490000000000,5693843,F,2016/05/13,52,Leesburg,0,0,0,0,0,0,No,"2016-05-13 07:44:11",0
94700000000000,5570934,F,2016/05/13,31,Eureka,0,0,0,0,0,0,No,"2016-04-12 08:26:08",31
83000000000000,5722733,M,2016/05/20,49,"Osage Beach",0,0,0,0,0,0,No,"2016-05-20 07:36:09",0
58500000000000,5721275,M,2016/05/20,18,"Osage Beach",0,0,0,0,0,0,No,"2016-05-19 15:52:28",1
38700000000000,5569400,M,2016/05/11,57,Gorham,0,0,0,0,0,1,No,"2016-04-11 17:35:51",30
19300000000000,5585657,F,2016/05/18,56,"Cedar Rapids",0,0,0,0,0,0,No,"2016-04-14 17:33:57",34
268000000000000,5712703,F,2016/05/18,80,Bradenton,0,1,0,0,0,0,No,"2016-05-18 09:08:40",0
3120000000000,5567960,F,2016/05/06,64,Boone,0,0,0,0,0,1,No,"2016-04-11 13:39:48",25
875000000000,5572687,M,2016/05/13,82,"East Syracuse",0,0,0,0,0,0,No,"2016-04-12 11:05:34",31
169000000000,5594108,M,2016/05/20,60,Newport,0,0,0,0,0,0,No,"2016-04-18 10:14:47",32
948000000000000,5566877,M,2016/05/06,76,"Battle Creek",0,0,0,0,0,1,No,"2016-04-11 11:15:09",25
372000000000000,5668907,F,2016/05/06,19,Coralville,0,0,0,0,0,0,No,"2016-05-06 09:56:53",0
819000000000000,5694731,M,2016/05/13,74,Saginaw,0,0,0,0,0,0,No,"2016-05-13 08:55:21",0
32600000000000,5695461,M,2016/05/13,17,Gardena,0,0,0,0,0,0,No,"2016-05-13 10:15:06",0
52400000000000,5593664,M,2016/05/20,59,Orlando,0,0,0,0,0,0,No,"2016-04-18 09:38:42",32
898000000000000,5724368,F,2016/05/20,19,Orlando,0,0,0,0,0,0,No,"2016-05-20 09:24:18",0
8820000000000,5641214,F,2016/05/03,62,"Palm Springs",1,0,0,0,0,1,Yes,"2016-04-29 12:54:45",4
430000000000000,5641215,M,2016/05/03,50,"Twin Mountain",0,0,0,0,0,1,No,"2016-04-29 12:55:06",4
400000000000000,5670928,M,2016/05/10,71,"Lake Lure",0,0,0,0,0,0,No,"2016-05-06 14:57:10",4
3730000000000,5670926,F,2016/05/10,49,Newport,0,1,0,0,0,1,No,"2016-05-06 14:57:01",4
89300000000000,5713421,F,2016/05/24,58,Hartford,0,0,0,0,0,1,No,"2016-05-18 10:05:50",6
92200000000000,5713417,M,2016/05/24,69,Garberville,0,1,0,1,0,1,No,"2016-05-18 10:05:41",6
268000000000,5738044,F,2016/05/31,65,Garberville,0,0,1,0,0,1,No,"2016-05-25 10:24:15",6
49200000000000,5738042,M,2016/05/31,62,Leesburg,0,0,0,0,0,1,No,"2016-05-25 10:24:04",6
89800000000000,5738045,F,2016/05/31,42,Eureka,0,0,0,0,0,1,No,"2016-05-25 10:24:25",6
59000000000000,5670929,M,2016/05/10,60,Eureka,0,0,0,0,0,0,No,"2016-05-06 14:57:18",4
71200000000000,5697112,F,2016/05/17,70,"Osage Beach",0,1,0,0,0,0,Yes,"2016-05-13 14:57:57",4
297000000000000,5706722,M,2016/05/17,61,"Osage Beach",0,0,0,0,0,0,No,"2016-05-17 08:44:32",0
367000000000000,5684591,F,2016/05/17,80,"Cedar Rapids",0,1,0,0,0,0,No,"2016-05-11 08:50:42",6
4470000000000,5697110,F,2016/05/17,67,"Cedar Rapids",0,0,0,0,0,0,No,"2016-05-13 14:57:48",4
546000000000000,5697109,F,2016/05/17,48,"Johnson City",0,0,0,0,0,0,No,"2016-05-13 14:57:39",4
89300000000000,5652622,F,2016/05/05,58,Leesburg,0,0,0,0,0,0,No,"2016-05-03 10:22:42",2
92200000000000,5652619,M,2016/05/05,69,Eureka,0,1,0,1,0,0,No,"2016-05-03 10:22:33",2
4780000000000,5652616,M,2016/05/05,48,"Oak Harbor",0,0,0,0,0,0,Yes,"2016-05-03 10:22:21",2
489000000000000,5676111,F,2016/05/12,76,Coralville,0,0,0,0,0,0,No,"2016-05-09 14:59:04",3
5600000000000,5676107,M,2016/05/12,49,"East Syracuse",0,0,0,0,0,0,No,"2016-05-09 14:58:48",3
6900000000000,5676108,F,2016/05/12,61,Raleigh,0,0,0,0,0,0,No,"2016-05-09 14:58:56",3
137000000000,5652608,F,2016/05/04,61,Garberville,0,1,0,0,0,0,Yes,"2016-05-03 10:21:52",1
7830000000000,5676103,M,2016/05/11,54,"Fort Collins",0,0,0,1,0,0,Yes,"2016-05-09 14:58:17",2
9240000000000,5707264,F,2016/05/18,65,Boone,0,1,0,0,0,0,No,"2016-05-17 09:26:04",1
28700000000000,5707271,M,2016/05/18,61,"East Syracuse",1,0,0,0,0,0,Yes,"2016-05-17 09:26:28",1
3390000000000,5707269,F,2016/05/18,50,"Bella Vista",0,1,0,0,0,0,Yes,"2016-05-17 09:26:19",1
17800000000000,5725085,F,2016/05/25,51,Gardena,0,0,0,1,0,1,No,"2016-05-20 10:32:09",5
2000000000000,5652602,F,2016/05/04,44,Gardena,0,0,0,0,0,0,No,"2016-05-03 10:21:31",1
51700000000000,5652605,F,2016/05/04,43,Bradenton,0,0,0,0,0,0,No,"2016-05-03 10:21:43",1
544000000000000,5676101,F,2016/05/11,46,"Battle Creek",0,0,0,0,0,0,No,"2016-05-09 14:58:08",2
367000000000000,5676100,F,2016/05/11,80,Corbin,0,1,0,0,0,0,No,"2016-05-09 14:57:59",2
425000000000000,5659019,F,2016/05/06,59,Gardena,0,1,0,0,0,0,Yes,"2016-05-04 12:57:14",2
49200000000000,5659020,M,2016/05/06,62,Eugene,0,0,0,0,0,0,No,"2016-05-04 12:57:22",2
99991756798,5659018,F,2016/05/06,60,"Little River",0,0,0,0,0,0,No,"2016-05-04 12:57:05",2
52700000000000,5684451,F,2016/05/13,60,Huntingdon,0,1,1,0,0,0,No,"2016-05-11 08:37:39",2
28200000000000,5684444,F,2016/05/13,53,Coralville,0,1,0,0,0,0,Yes,"2016-05-11 08:37:24",2
282000000000,5684449,F,2016/05/13,81,Coralville,0,1,0,0,0,0,No,"2016-05-11 08:37:32",2
758000000000000,5713399,M,2016/05/20,55,Burlington,0,0,0,0,0,0,Yes,"2016-05-18 10:04:50",2
2000000000000,5713401,F,2016/05/20,44,"Osage Beach",0,0,0,0,0,0,No,"2016-05-18 10:05:00",2
51700000000000,5713403,F,2016/05/20,43,Eugene,0,0,0,0,0,0,No,"2016-05-18 10:05:09",2
74200000000000,5670898,M,2016/05/09,27,Eureka,1,0,0,0,0,0,Yes,"2016-05-06 14:54:23",3
31700000000000,5670894,F,2016/05/09,19,Eureka,0,0,0,0,0,0,No,"2016-05-06 14:54:01",3
996000000000000,5670893,M,2016/05/09,63,"Osage Beach",0,0,0,0,0,0,No,"2016-05-06 14:53:51",3
333000000000000,5697073,F,2016/05/16,47,"Battle Creek",1,1,0,0,0,0,No,"2016-05-13 14:53:07",3
737000000000000,5697864,M,2016/05/16,57,"Cedar Rapids",0,0,0,0,0,0,No,"2016-05-16 06:51:25",0
87500000000000,5697071,F,2016/05/16,22,"Palm Springs",0,0,0,0,0,0,Yes,"2016-05-13 14:52:59",3
11500000000000,5697077,F,2016/05/16,23,"Osage Beach",0,0,0,0,0,0,Yes,"2016-05-13 14:53:16",3
333000000000000,5738012,F,2016/05/30,47,"Little River",1,1,0,0,0,1,No,"2016-05-25 10:21:56",5
92400000000000,5738007,F,2016/05/30,26,"Little River",0,0,0,0,0,1,No,"2016-05-25 10:21:46",5
33700000000000,5738003,M,2016/05/30,20,Columbus,0,0,0,0,0,0,No,"2016-05-25 10:21:36",5
459000000000000,5725087,M,2016/05/25,59,"Battle Creek",0,0,0,0,0,1,No,"2016-05-20 10:32:17",5
99991756798,5725082,F,2016/05/25,60,Coralville,0,0,0,0,0,1,No,"2016-05-20 10:32:00",5
787000000000000,5738016,F,2016/05/30,30,Coralville,0,0,0,0,0,1,No,"2016-05-25 10:22:06",5
548000000000000,5737984,F,2016/05/30,34,"Cedar Rapids",1,0,0,0,0,1,Yes,"2016-05-25 10:20:42",5
636000000000,5737991,F,2016/05/30,40,Gardena,0,0,0,0,0,1,No,"2016-05-25 10:20:59",5
453000000000000,5670900,M,2016/05/09,41,"Castle Rock",0,0,0,0,0,0,No,"2016-05-06 14:54:36",3
59200000000000,5697055,M,2016/05/16,47,Garberville,0,0,0,1,0,0,Yes,"2016-05-13 14:51:47",3
27200000000000,5697079,F,2016/05/16,36,Coralville,0,0,0,0,0,0,No,"2016-05-13 14:53:26",3
46400000000000,5697053,F,2016/05/16,30,"Eau Claire",0,0,0,0,0,0,No,"2016-05-13 14:51:37",3
5650000000000,5676077,M,2016/05/11,50,Bradenton,0,1,1,1,0,0,No,"2016-05-09 14:56:00",2
86000000000000,5676084,F,2016/05/11,9,Leesburg,0,0,0,0,0,0,Yes,"2016-05-09 14:56:18",2
7590000000000,5676079,F,2016/05/11,29,Huntingdon,0,0,0,0,0,0,Yes,"2016-05-09 14:56:10",2
5650000000000,5707165,M,2016/05/18,50,Coralville,0,1,1,1,0,0,No,"2016-05-17 09:16:26",1
51686844695,5707166,M,2016/05/18,24,Corbin,0,1,0,0,0,0,No,"2016-05-17 09:16:34",1
292000000000000,5707154,F,2016/05/18,24,"Miles City",0,0,0,0,0,0,Yes,"2016-05-17 09:14:48",1
45224149774,5707153,M,2016/05/18,33,"Fort Wayne",0,0,0,0,0,0,No,"2016-05-17 09:14:40",1
31672722812,5676086,F,2016/05/11,56,Dublin,0,0,0,0,0,0,No,"2016-05-09 14:56:27",2
742000000000000,5676070,M,2016/05/11,52,Hartford,0,1,0,0,0,0,Yes,"2016-05-09 14:55:21",2
16515873865,5684699,F,2016/05/11,38,"Mount Arlington",1,0,0,0,0,0,No,"2016-05-11 08:59:57",0
4250000000000,5676068,F,2016/05/11,22,Gardena,0,0,0,0,0,0,Yes,"2016-05-09 14:55:12",2
14431634464,5711987,F,2016/05/18,16,Gardena,0,0,0,0,0,0,No,"2016-05-18 08:18:13",0
4750000000000,5707177,F,2016/05/19,19,"Castle Rock",0,0,0,0,0,0,No,"2016-05-17 09:17:00",2
3430000000000,5707179,M,2016/05/19,40,"Castle Rock",0,1,0,0,0,0,No,"2016-05-17 09:17:18",2
33400000000000,5676091,F,2016/05/12,21,"El Reno",0,0,0,0,0,0,Yes,"2016-05-09 14:56:59",3
963000000000,5689092,F,2016/05/12,46,Coralville,1,0,0,0,0,0,No,"2016-05-12 08:01:40",0
3360000000000,5676087,M,2016/05/12,33,Vandalia,1,0,0,0,0,0,No,"2016-05-09 14:56:37",3
597000000000,5716611,F,2016/05/19,35,Gardena,0,0,0,0,0,0,No,"2016-05-19 06:49:05",0
14900000000000,5676076,F,2016/05/12,56,Griffin,0,0,0,0,0,0,No,"2016-05-09 14:55:40",3
730000000000,5676075,M,2016/05/12,17,Dublin,1,0,0,0,0,0,Yes,"2016-05-09 14:55:32",3
71600000000000,5684289,F,2016/05/13,25,Billings,0,0,0,0,0,0,Yes,"2016-05-11 08:26:19",2
4570000000000,5713340,F,2016/05/20,49,Grayling,0,1,1,0,0,0,No,"2016-05-18 10:00:04",2
349000000000,5723232,M,2016/05/20,22,"Battle Creek",0,0,0,0,0,0,No,"2016-05-20 08:04:14",0
9710000000000,5713337,M,2016/05/20,34,Coralville,0,0,0,0,0,0,No,"2016-05-18 09:59:53",2
776000000000,5684287,F,2016/05/13,42,"El Reno",1,0,0,0,0,0,No,"2016-05-11 08:26:10",2
96400000000000,5684282,M,2016/05/13,18,Dublin,0,0,0,0,0,0,Yes,"2016-05-11 08:26:00",2
35300000000000,5684373,M,2016/05/13,22,"Little River",0,0,0,0,0,0,Yes,"2016-05-11 08:32:30",2
799000000000,5693236,M,2016/05/13,58,"Battle Creek",0,0,0,0,0,0,No,"2016-05-13 06:46:58",0
336000000000000,5684265,F,2016/05/13,28,"Cedar Rapids",1,0,0,0,0,0,Yes,"2016-05-11 08:24:56",2
7960000000000,5684263,M,2016/05/13,26,"Mount Arlington",0,0,0,0,0,0,No,"2016-05-11 08:24:48",2
187000000000000,5713373,F,2016/05/20,28,Charlotte,0,0,0,0,1,0,No,"2016-05-18 10:02:24",2
38800000000000,5724241,M,2016/05/20,33,Eugene,0,0,0,0,0,0,No,"2016-05-20 09:13:43",0
81200000000000,5713333,F,2016/05/20,15,Hartford,1,0,0,0,0,0,Yes,"2016-05-18 09:59:31",2
852000000000,5647808,M,2016/05/02,17,Garberville,0,0,0,0,0,0,No,"2016-05-02 14:25:30",0
140000000000,5648597,F,2016/05/02,22,Huntingdon,0,0,0,0,0,0,No,"2016-05-02 16:07:16",0
985000000000000,5728804,F,2016/05/24,63,"Osage Beach",0,0,0,0,0,1,No,"2016-05-20 18:38:02",4
63600000000000,5728812,M,2016/05/25,78,"Cedar Rapids",0,0,0,0,0,0,No,"2016-05-20 18:39:10",5
89400000000000,5728813,F,2016/05/25,64,Charlotte,0,1,1,0,0,1,Yes,"2016-05-20 18:39:18",5
47000000000000,5710631,F,2016/05/18,40,Albany,0,0,0,0,0,0,No,"2016-05-17 16:58:57",1
256000000000,5710632,M,2016/05/18,47,"Battle Creek",0,0,0,0,0,0,No,"2016-05-17 16:59:18",1
180000000000000,5714562,F,2016/05/19,51,Hartford,0,0,0,0,0,0,Yes,"2016-05-18 12:15:14",1
81200000000000,5714560,F,2016/05/19,73,Gardena,0,1,0,0,0,0,No,"2016-05-18 12:14:59",1
52900000000000,5694472,M,2016/05/17,58,Boone,0,1,0,0,0,0,No,"2016-05-13 08:40:45",4
535000000000000,5739998,F,2016/05/31,56,Boone,0,0,0,0,0,1,No,"2016-05-25 14:32:38",6
1120000000000,5740001,M,2016/05/31,66,Columbus,0,1,1,0,0,1,Yes,"2016-05-25 14:32:57",6
26200000000000,5740002,F,2016/05/31,71,Huntingdon,1,1,0,0,0,1,No,"2016-05-25 14:33:08",6
75800000000000,5741029,F,2016/05/31,73,Coralville,0,1,1,0,0,1,No,"2016-05-25 17:10:43",6
5680000000000,5739999,F,2016/05/31,25,Gardena,0,0,0,0,0,1,Yes,"2016-05-25 14:32:47",6
65800000000000,5669322,F,2016/05/10,63,Gardena,0,0,0,0,0,1,No,"2016-05-06 10:42:08",4
9770000000000,5669329,M,2016/05/10,43,Burlington,0,1,0,0,0,1,No,"2016-05-06 10:42:41",4
230000000000000,5676424,F,2016/05/17,72,Griffin,0,0,0,0,0,0,No,"2016-05-09 15:42:32",8
59500000000000,5694467,M,2016/05/17,66,"Cedar Rapids",0,0,1,0,0,0,No,"2016-05-13 08:40:31",4
6620000000000,5694480,F,2016/05/17,81,Batesville,0,1,0,0,0,0,No,"2016-05-13 08:41:11",4
136000000000000,5694465,M,2016/05/17,49,"Battle Creek",0,0,0,0,0,0,Yes,"2016-05-13 08:40:23",4
8720000000000,5639611,F,2016/05/03,72,Coralville,0,1,0,0,0,1,No,"2016-04-29 09:18:22",4
1930000000000,5639631,F,2016/05/03,44,Gardena,0,0,0,0,0,1,No,"2016-04-29 09:20:19",4
31100000000000,5639613,M,2016/05/03,68,Coralville,0,1,0,0,0,1,No,"2016-04-29 09:18:30",4
646000000000000,5639614,M,2016/05/03,74,Coralville,0,0,0,0,0,1,No,"2016-04-29 09:18:39",4
14900000000000,5669319,M,2016/05/10,65,"Cedar Rapids",0,0,0,0,0,1,No,"2016-05-06 10:41:58",4
6440000000000,5669327,M,2016/05/10,61,Burlington,0,0,0,0,0,1,Yes,"2016-05-06 10:42:33",4
19600000000000,5740642,F,2016/05/30,66,Coralville,0,1,0,0,0,0,No,"2016-05-25 15:48:47",5
7950000000000,5728805,M,2016/05/24,58,Corbin,0,0,1,0,0,1,No,"2016-05-20 18:38:14",4
573000000000,5740656,F,2016/05/31,57,Albany,0,1,0,0,0,1,Yes,"2016-05-25 15:49:53",6
3680000000000,5740644,F,2016/05/30,45,Bradenton,0,0,0,0,0,1,No,"2016-05-25 15:48:55",5
62100000000000,5740645,F,2016/05/30,57,"Castle Rock",0,1,0,0,0,1,No,"2016-05-25 15:49:05",5
1340000000000,5740647,F,2016/05/30,70,"Fort Wayne",0,1,0,0,0,1,No,"2016-05-25 15:49:14",5
51900000000000,5740648,M,2016/05/30,70,Huntingdon,0,0,0,0,0,1,No,"2016-05-25 15:49:22",5
4440000000000,5728807,F,2016/05/24,58,Charlotte,0,0,0,0,0,1,No,"2016-05-20 18:38:29",4
13500000000000,5728806,F,2016/05/24,51,Charlotte,0,1,0,0,0,1,No,"2016-05-20 18:38:22",4
926000000000000,5714591,F,2016/05/31,65,Griffin,0,1,1,0,0,1,No,"2016-05-18 12:23:31",13
256000000000,5740662,M,2016/05/31,47,Boone,0,0,0,0,0,1,No,"2016-05-25 15:50:11",6
442000000000000,5740652,M,2016/05/30,76,Columbus,0,0,0,0,0,1,Yes,"2016-05-25 15:49:39",5
76800000000000,5740650,F,2016/05/30,38,Gardena,1,0,0,0,0,0,Yes,"2016-05-25 15:49:30",5
697000000000000,5740667,F,2016/05/31,64,Burlington,0,1,0,0,0,1,No,"2016-05-25 15:50:26",6
457000000000,5740663,F,2016/05/31,62,Burlington,0,1,0,0,0,1,No,"2016-05-25 15:50:19",6
93000000000000,5728809,F,2016/05/24,64,Cambridge,0,0,0,0,0,1,Yes,"2016-05-20 18:38:43",4
3270000000000,5728808,F,2016/05/24,58,Dublin,0,0,0,0,0,1,No,"2016-05-20 18:38:37",4
94300000000000,5740669,F,2016/05/31,46,Raleigh,0,0,0,0,0,1,No,"2016-05-25 15:50:34",6
9730000000000,5740671,F,2016/05/31,38,Hartford,0,0,0,0,0,1,No,"2016-05-25 15:50:42",6
769000000000000,5728811,F,2016/05/24,46,Coralville,0,0,0,0,0,1,No,"2016-05-20 18:39:00",4
2500000000000,5728810,F,2016/05/24,52,Orlando,0,0,0,0,0,1,No,"2016-05-20 18:38:50",4
573000000000,5710635,F,2016/05/18,57,Orlando,0,1,0,0,0,0,No,"2016-05-17 16:59:59",1
457000000000,5710633,F,2016/05/18,62,"Castle Rock",0,1,0,0,0,0,No,"2016-05-17 16:59:38",1
283000000000000,5728815,F,2016/05/25,71,Coralville,0,0,1,0,0,1,No,"2016-05-20 18:39:32",5
54700000000000,5728814,F,2016/05/25,42,"Cedar Rapids",0,0,0,0,0,1,No,"2016-05-20 18:39:25",5
4970000000000,5710637,F,2016/05/18,45,Charlotte,0,1,0,0,0,0,No,"2016-05-17 17:00:22",1
697000000000000,5710638,F,2016/05/18,64,Corbin,0,1,0,0,0,0,No,"2016-05-17 17:00:41",1
535000000000,5728818,F,2016/05/25,52,Gardena,0,0,0,0,0,1,No,"2016-05-20 18:39:46",5
41300000000000,5728816,F,2016/05/25,39,Burlington,0,0,0,0,0,1,No,"2016-05-20 18:39:39",5
44800000000000,5728819,F,2016/05/25,71,Griffin,1,1,1,0,0,1,No,"2016-05-20 18:39:54",5
1340000000000,5714565,F,2016/05/19,70,"Johnson City",0,1,0,0,0,0,No,"2016-05-18 12:15:46",1
16515873865,5714574,F,2016/05/19,38,Troy,1,0,0,0,0,0,No,"2016-05-18 12:17:51",1
894000000000,5714573,M,2016/05/19,21,Eugene,0,0,0,0,0,0,Yes,"2016-05-18 12:17:35",1
94300000000000,5710648,F,2016/05/18,46,Charlotte,0,0,0,0,0,0,Yes,"2016-05-17 17:04:00",1
9730000000000,5710642,F,2016/05/18,38,Charlotte,0,0,0,0,0,0,No,"2016-05-17 17:02:51",1
312000000000000,5728820,F,2016/05/25,54,Hartford,0,0,0,0,0,1,No,"2016-05-20 18:40:02",5
180000000000000,5721474,F,2016/05/19,51,Orlando,0,0,0,0,0,0,No,"2016-05-19 16:41:03",0
51900000000000,5714567,M,2016/05/19,70,Orlando,0,0,0,0,0,0,No,"2016-05-18 12:16:07",1
76800000000000,5714570,F,2016/05/19,38,Raleigh,1,0,0,0,0,0,Yes,"2016-05-18 12:16:35",1
55600000000000,5615564,F,2016/05/02,74,Charlotte,0,1,1,0,1,1,No,"2016-04-25 12:41:04",7
7380000000000,5646348,F,2016/05/09,57,Gardena,0,0,0,0,0,0,Yes,"2016-05-02 11:16:25",7
3660000000000,5677103,M,2016/05/16,19,Coralville,0,0,0,0,0,0,No,"2016-05-09 18:11:26",7
144000000000000,5734631,M,2016/05/30,2,"Cedar Rapids",0,0,0,0,0,1,Yes,"2016-05-24 15:56:56",6
736000000000000,5615565,F,2016/05/02,67,Gardena,0,1,0,0,0,0,No,"2016-04-25 12:41:18",7
41200000000000,5646351,F,2016/05/09,21,Billings,0,0,0,0,0,0,Yes,"2016-05-02 11:16:34",7
772000000000000,5677104,F,2016/05/16,25,Billings,0,0,0,0,1,0,No,"2016-05-09 18:11:35",7
88800000000000,5734633,F,2016/05/30,57,"Fort Wayne",0,0,0,0,0,1,No,"2016-05-24 15:57:05",6
662000000000000,5615586,F,2016/05/02,32,Gardena,0,0,0,0,0,1,No,"2016-04-25 12:43:23",7
88800000000000,5615589,F,2016/05/02,57,Batesville,0,0,0,0,0,1,Yes,"2016-04-25 12:43:30",7
22900000000000,5646378,F,2016/05/09,20,Douglasville,0,0,0,0,0,0,No,"2016-05-02 11:18:07",7
786000000000000,5646376,F,2016/05/09,55,Eugene,0,0,0,0,0,0,Yes,"2016-05-02 11:17:59",7
769000000000000,5677113,M,2016/05/16,28,"Little River",0,0,0,0,0,0,No,"2016-05-09 18:13:08",7
713000000000000,5677112,F,2016/05/16,48,Raleigh,0,0,0,0,0,0,No,"2016-05-09 18:13:01",7
23400000000000,5734658,F,2016/05/30,9,Coralville,1,0,0,0,0,1,Yes,"2016-05-24 15:59:14",6
2150000000000,5734655,F,2016/05/30,7,Coralville,0,0,0,0,0,1,Yes,"2016-05-24 15:59:06",6
435000000000000,5615592,M,2016/05/02,16,Bradenton,0,0,0,0,0,1,Yes,"2016-04-25 12:43:38",7
38600000000000,5615594,F,2016/05/02,50,"Little River",0,0,0,0,0,1,No,"2016-04-25 12:43:45",7
12300000000000,5646381,F,2016/05/09,68,"Bella Vista",0,1,0,0,0,0,No,"2016-05-02 11:18:15",7
35900000000000,5646383,F,2016/05/09,14,Gardena,0,0,0,0,0,0,Yes,"2016-05-02 11:18:24",7
153000000000,5677115,F,2016/05/16,68,Orlando,0,1,1,0,0,0,No,"2016-05-09 18:13:24",7
5950000000000,5677114,M,2016/05/16,37,Orlando,0,0,0,0,0,0,Yes,"2016-05-09 18:13:16",7
2460000000000,5734660,F,2016/05/30,66,Griffin,0,1,0,0,0,1,No,"2016-05-24 15:59:25",6
91500000000000,5734664,F,2016/05/30,15,Eugene,0,0,0,0,0,1,No,"2016-05-24 15:59:34",6
486000000000000,5640646,F,2016/05/03,63,Billings,0,0,0,0,0,1,Yes,"2016-04-29 11:07:39",4
51200000000000,5677105,F,2016/05/17,52,"Cedar Rapids",0,1,0,0,0,0,No,"2016-05-09 18:11:45",8
133000000000000,5704986,F,2016/05/24,31,Charlotte,0,0,0,0,0,1,No,"2016-05-16 17:18:26",8
7380000000000,5734647,F,2016/05/31,57,Huntingdon,0,0,0,0,0,1,No,"2016-05-24 15:58:29",7
975000000000,5615597,F,2016/05/03,67,"Cedar Rapids",0,0,0,0,0,1,No,"2016-04-25 12:44:04",8
68400000000000,5615596,M,2016/05/03,7,Orlando,0,0,0,0,0,1,No,"2016-04-25 12:43:56",8
132000000000,5704991,F,2016/05/24,49,Charlotte,0,0,0,0,0,1,No,"2016-05-16 17:19:07",8
65565257915,5728836,F,2016/05/24,40,Gardena,0,0,0,0,0,1,Yes,"2016-05-20 18:44:03",4
6380000000000,5734667,M,2016/05/31,66,"Battle Creek",0,0,0,0,0,0,No,"2016-05-24 15:59:47",7
996000000000,5734668,F,2016/05/31,58,Coralville,0,0,0,0,0,1,Yes,"2016-05-24 15:59:55",7
499000000000000,5646388,F,2016/05/10,44,Saginaw,0,0,0,0,0,1,No,"2016-05-02 11:18:34",8
88700000000000,5646393,F,2016/05/10,66,"Cedar Rapids",0,0,0,0,0,1,Yes,"2016-05-02 11:18:42",8
83400000000000,5677117,F,2016/05/17,50,Gardena,0,1,0,0,0,0,No,"2016-05-09 18:13:44",8
647000000000000,5677116,M,2016/05/17,5,Orlando,0,0,0,0,0,0,No,"2016-05-09 18:13:35",8
7160000000000,5689676,M,2016/05/16,71,Boone,0,0,0,0,0,0,No,"2016-05-12 08:50:01",4
16800000000000,5689669,F,2016/05/16,15,"Castle Rock",0,0,0,0,0,0,No,"2016-05-12 08:49:17",4
6970000000000,5704496,F,2016/05/16,24,"Castle Rock",1,0,0,0,0,0,No,"2016-05-16 15:52:50",0
73365797377,5689653,M,2016/05/16,10,"Castle Rock",0,0,0,0,0,0,No,"2016-05-12 08:48:17",4
2210000000000,5689672,F,2016/05/16,47,"Johnson City",0,0,0,0,0,0,Yes,"2016-05-12 08:49:27",4
4910000000000,5734059,F,2016/05/30,68,Eugene,0,1,0,0,0,1,No,"2016-05-24 14:50:01",6
394000000000000,5648612,F,2016/05/02,18,"Battle Creek",1,0,0,0,0,0,No,"2016-05-02 16:09:45",0
69700000000000,5635208,M,2016/05/02,52,Mobile,0,0,0,0,0,1,Yes,"2016-04-28 12:57:51",4
6620000000000,5661931,F,2016/05/09,81,Billings,0,1,0,0,0,0,No,"2016-05-05 07:55:58",4
2670000000000,5661915,F,2016/05/09,50,Boone,0,0,0,0,0,0,No,"2016-05-05 07:54:36",4
3860000000000,5676450,M,2016/05/09,50,Douglasville,0,0,0,0,0,0,No,"2016-05-09 15:45:45",0
1520000000000,5661921,F,2016/05/09,63,"Cedar Rapids",0,0,0,0,0,0,No,"2016-05-05 07:54:54",4
4950000000000,5635212,F,2016/05/02,71,Corbin,0,1,0,0,0,1,No,"2016-04-28 12:58:05",4
34300000000000,5635210,F,2016/05/02,47,Dublin,1,0,0,0,0,1,No,"2016-04-28 12:57:58",4
9880000000000,5635216,M,2016/05/02,11,Dublin,0,0,0,0,0,1,No,"2016-04-28 12:58:29",4
46500000000000,5734058,M,2016/05/30,31,Gardena,0,0,0,0,0,0,No,"2016-05-24 14:49:52",6
258000000000000,5734055,M,2016/05/30,12,Hartford,0,0,0,0,0,1,No,"2016-05-24 14:49:45",6
28200000000000,5747407,F,2016/05/30,53,Gardena,0,1,0,0,0,0,No,"2016-05-30 15:36:25",0
192000000000000,5734072,F,2016/05/30,40,Billings,0,1,0,0,0,1,No,"2016-05-24 14:50:43",6
87500000000000,5734069,F,2016/05/30,32,Griffin,0,0,0,0,0,1,No,"2016-05-24 14:50:32",6
29000000000000,5734066,F,2016/05/30,15,Eugene,0,0,0,0,0,1,No,"2016-05-24 14:50:22",6
1360000000000,5734063,F,2016/05/30,12,Gardena,0,0,0,0,1,1,Yes,"2016-05-24 14:50:13",6
57700000000000,5661957,F,2016/05/09,70,Orlando,0,1,0,0,0,0,No,"2016-05-05 07:57:22",4
45600000000000,5661947,M,2016/05/09,66,Coralville,0,1,0,0,0,0,No,"2016-05-05 07:56:46",4
800000000000,5689684,F,2016/05/16,67,Orlando,0,1,1,0,0,0,No,"2016-05-12 08:50:39",4
99400000000000,5689678,M,2016/05/16,57,Eugene,0,1,0,0,0,0,No,"2016-05-12 08:50:11",4
5290000000000,5689681,F,2016/05/16,77,Eugene,0,0,0,0,0,0,No,"2016-05-12 08:50:29",4
3570000000000,5689679,F,2016/05/16,70,"Bella Vista",0,1,0,0,0,0,No,"2016-05-12 08:50:21",4
22700000000000,5635224,F,2016/05/02,12,Orlando,0,0,0,0,0,1,Yes,"2016-04-28 12:58:49",4
1520000000000,5635223,F,2016/05/02,58,Orlando,0,0,0,0,0,1,No,"2016-04-28 12:58:38",4
65300000000000,5635227,F,2016/05/02,14,Troy,0,0,0,0,0,1,Yes,"2016-04-28 12:59:11",4
4960000000000,5635229,F,2016/05/02,15,"Cedar Rapids",0,0,0,0,0,1,No,"2016-04-28 12:59:23",4
79900000000000,5661958,F,2016/05/09,58,Charlotte,0,0,0,0,0,0,No,"2016-05-05 07:57:29",4
87000000000000,5661938,F,2016/05/09,40,"Bella Vista",0,0,1,0,0,0,No,"2016-05-05 07:56:30",4
6980000000000,5635236,F,2016/05/02,14,"Castle Rock",0,0,0,0,0,0,No,"2016-04-28 12:59:55",4
9770000000000,5635235,M,2016/05/02,12,"Castle Rock",0,0,0,0,0,1,Yes,"2016-04-28 12:59:45",4
77500000000000,5635232,M,2016/05/02,12,Albany,0,0,0,0,0,1,No,"2016-04-28 12:59:36",4
2350000000000,5635237,F,2016/05/02,17,Gardena,0,0,0,0,0,1,Yes,"2016-04-28 13:00:04",4
68700000000000,5734081,F,2016/05/30,13,"Cedar Rapids",0,0,0,0,0,0,Yes,"2016-05-24 14:51:30",6
8840000000000,5734075,M,2016/05/30,54,Burlington,0,0,0,0,0,1,No,"2016-05-24 14:51:06",6
68400000000000,5748163,F,2016/05/30,47,Charlotte,0,0,0,0,0,0,No,"2016-05-30 17:22:31",0
134000000000000,5734079,F,2016/05/30,24,Gardena,0,0,0,0,0,1,Yes,"2016-05-24 14:51:21",6
34300000000000,5689686,F,2016/05/16,78,Hartford,0,0,0,0,0,0,Yes,"2016-05-12 08:50:48",4
91200000000000,5705060,F,2016/05/16,76,Griffin,0,1,0,0,0,0,No,"2016-05-16 17:41:20",0
3230000000000,5689694,M,2016/05/16,22,"Cedar Rapids",0,0,0,0,0,0,No,"2016-05-12 08:51:17",4
16900000000000,5689688,M,2016/05/16,15,Eugene,0,0,0,0,0,0,No,"2016-05-12 08:50:57",4
912000000000,5734084,F,2016/05/30,46,Bradenton,0,0,0,0,0,1,No,"2016-05-24 14:51:55",6
912000000000,5661983,F,2016/05/09,65,Raleigh,0,0,0,0,0,0,No,"2016-05-05 07:58:37",4
967000000000,5661977,F,2016/05/09,19,"Cedar Rapids",0,0,0,0,0,0,No,"2016-05-05 07:58:24",4
7550000000000,5661980,M,2016/05/09,73,Corbin,0,0,0,0,0,0,No,"2016-05-05 07:58:30",4
89700000000000,5661986,M,2016/05/09,51,Dublin,0,1,0,0,0,0,No,"2016-05-05 07:58:45",4
97200000000000,5615572,F,2016/05/04,64,Coralville,0,0,0,0,0,1,No,"2016-04-25 12:42:06",9
1730000000000,5646360,F,2016/05/11,19,Coralville,0,0,0,0,0,1,No,"2016-05-02 11:16:57",9
269000000000000,5677106,M,2016/05/18,56,Coralville,0,1,1,0,0,0,No,"2016-05-09 18:11:54",9
64500000000000,5728834,F,2016/05/25,32,Vandalia,0,0,0,0,0,1,No,"2016-05-20 18:43:12",5
23237429637,5677107,F,2016/05/18,91,Vandalia,0,0,0,0,0,0,No,"2016-05-09 18:12:03",9
24677643658,5728835,M,2016/05/25,47,Corbin,0,0,0,0,0,1,Yes,"2016-05-20 18:43:46",5
81500000000000,5615573,F,2016/05/04,33,Saginaw,0,0,0,0,0,1,No,"2016-04-25 12:42:14",9
650000000000000,5646362,F,2016/05/11,59,Saginaw,0,0,0,0,0,1,No,"2016-05-02 11:17:05",9
84900000000000,5615609,M,2016/05/04,30,Cary,0,0,0,0,0,1,No,"2016-04-25 12:44:38",9
848000000000000,5615607,F,2016/05/04,29,"Castle Rock",0,1,0,0,0,1,Yes,"2016-04-25 12:44:30",9
76400000000000,5646401,F,2016/05/11,63,"Fort Wayne",0,1,0,0,0,1,No,"2016-05-02 11:19:10",9
55800000000000,5646403,M,2016/05/11,9,Eugene,0,0,0,0,0,1,No,"2016-05-02 11:19:20",9
189000000000000,5677120,F,2016/05/18,65,Eugene,0,0,0,0,0,0,No,"2016-05-09 18:14:09",9
1680000000000,5677121,F,2016/05/18,6,Columbus,0,0,0,0,0,0,No,"2016-05-09 18:14:17",9
5330000000000,5704995,F,2016/05/25,68,"Eau Claire",0,0,0,0,1,1,No,"2016-05-16 17:19:47",9
433000000000000,5704994,F,2016/05/25,32,Bradenton,0,0,0,1,0,1,No,"2016-05-16 17:19:38",9
826000000000000,5615601,F,2016/05/04,31,Boone,0,0,0,0,0,1,No,"2016-04-25 12:44:13",9
61600000000000,5615604,M,2016/05/04,16,Dublin,0,0,0,0,0,1,No,"2016-04-25 12:44:21",9
255000000000000,5646397,F,2016/05/11,57,Dublin,0,0,0,0,0,1,No,"2016-05-02 11:18:54",9
58300000000000,5646399,F,2016/05/11,29,Burlington,0,0,0,0,0,1,No,"2016-05-02 11:19:02",9
9900000000000,5677118,M,2016/05/18,81,Eugene,0,1,1,0,0,0,No,"2016-05-09 18:13:53",9
56300000000000,5677119,F,2016/05/18,8,Coralville,0,0,0,0,0,0,No,"2016-05-09 18:14:01",9
23800000000000,5704992,F,2016/05/25,72,Charlotte,0,1,0,0,0,1,No,"2016-05-16 17:19:18",9
976000000000000,5704993,F,2016/05/25,64,Gardena,0,1,0,0,0,1,No,"2016-05-16 17:19:28",9
5300000000000,5615576,F,2016/05/05,60,Orlando,0,0,0,0,0,1,No,"2016-04-25 12:42:25",10
7860000000000,5646364,F,2016/05/12,71,"Castle Rock",0,1,0,0,0,1,No,"2016-05-02 11:17:17",10
456000000000000,5677108,F,2016/05/19,19,"Eau Claire",0,0,0,0,0,0,No,"2016-05-09 18:12:12",10
3350000000000,5615578,M,2016/05/05,3,Corbin,0,0,0,0,0,1,Yes,"2016-04-25 12:42:33",10
671000000000000,5646367,F,2016/05/12,39,Boone,0,0,0,0,0,1,No,"2016-05-02 11:17:25",10
486000000000000,5677109,F,2016/05/19,63,Dublin,0,0,0,0,0,0,No,"2016-05-09 18:12:20",10
3240000000000,5615612,F,2016/05/05,57,Raleigh,0,0,0,0,0,1,No,"2016-04-25 12:44:49",10
952000000000000,5615614,F,2016/05/05,50,Boone,1,1,0,0,0,1,No,"2016-04-25 12:44:57",10
89200000000000,5646406,F,2016/05/12,62,Dahlonega,0,0,0,0,0,1,Yes,"2016-05-02 11:19:30",10
31700000000000,5646410,F,2016/05/12,2,Dallas,0,0,0,0,0,1,No,"2016-05-02 11:19:37",10
338000000000000,5677123,F,2016/05/19,27,"Cedar Rapids",0,0,0,0,0,0,No,"2016-05-09 18:14:33",10
9660000000000,5677122,F,2016/05/19,8,Gardena,0,0,0,0,0,0,No,"2016-05-09 18:14:25",10
7470000000000,5615618,F,2016/05/05,64,"Johnson City",0,1,0,1,0,1,No,"2016-04-25 12:45:14",10
64800000000000,5615617,M,2016/05/05,5,Dallas,0,0,0,0,0,1,No,"2016-04-25 12:45:06",10
11400000000000,5646412,M,2016/05/12,15,Gardena,0,0,0,0,0,1,No,"2016-05-02 11:19:45",10
4300000000000,5693159,F,2016/05/12,60,Burlington,0,0,0,0,0,0,No,"2016-05-12 18:03:05",0
31689438387,5677124,F,2016/05/19,77,Raleigh,0,0,1,0,0,0,No,"2016-05-09 18:14:41",10
325000000000000,5677125,F,2016/05/19,53,Dallas,0,0,0,0,0,0,Yes,"2016-05-09 18:14:51",10
284000000000000,5615580,M,2016/05/06,2,"Cedar Rapids",0,0,0,0,0,1,No,"2016-04-25 12:42:51",11
968000000000000,5646370,M,2016/05/13,59,Batesville,0,0,0,0,0,0,No,"2016-05-02 11:17:35",11
276000000000,5677110,F,2016/05/20,13,Dublin,0,0,0,0,0,0,No,"2016-05-09 18:12:31",11
9230000000000,5615619,F,2016/05/06,45,"Cedar Rapids",0,0,0,0,0,1,No,"2016-04-25 12:45:24",11
6230000000000,5646418,M,2016/05/13,9,Charlotte,1,0,0,0,0,0,Yes,"2016-05-02 11:20:25",11
380000000000000,5677126,F,2016/05/20,67,Dublin,0,0,0,0,0,0,No,"2016-05-09 18:15:03",11
16700000000000,5677128,F,2016/05/20,49,Dallas,0,0,0,0,0,0,No,"2016-05-09 18:15:13",11
561000000000000,5615582,M,2016/05/06,3,Dahlonega,0,0,0,0,0,1,No,"2016-04-25 12:43:06",11
68400000000000,5646374,F,2016/05/13,37,Orlando,0,0,0,0,0,0,No,"2016-05-02 11:17:43",11
8910000000000,5677111,F,2016/05/20,47,Dallas,0,0,0,0,0,0,No,"2016-05-09 18:12:40",11
55200000000000,5615623,F,2016/05/06,25,Eugene,0,0,0,0,0,1,No,"2016-04-25 12:45:39",11
4160000000000,5615624,M,2016/05/06,4,Boone,0,0,0,0,0,1,Yes,"2016-04-25 12:45:47",11
189000000000,5646420,M,2016/05/13,39,"El Reno",0,0,0,0,0,0,No,"2016-05-02 11:20:33",11
74300000000000,5646423,M,2016/05/13,1,Eugene,0,0,0,0,0,0,No,"2016-05-02 11:20:42",11
41200000000000,5677133,F,2016/05/20,75,Columbus,0,1,1,0,1,0,No,"2016-05-09 18:16:11",11
65565257915,5677135,F,2016/05/20,40,Gardena,0,0,0,0,0,0,Yes,"2016-05-09 18:16:22",11
45500000000000,5640689,F,2016/05/02,40,Hartford,0,0,0,0,0,1,No,"2016-04-29 11:13:53",3
28000000000000,5670802,F,2016/05/09,62,"Cedar Rapids",0,0,1,0,0,0,Yes,"2016-05-06 14:42:10",3
941000000000000,5696981,F,2016/05/16,26,Dallas,0,0,0,0,0,0,No,"2016-05-13 14:45:15",3
769000000000000,5737297,F,2016/05/30,56,Dallas,0,0,0,0,0,1,Yes,"2016-05-25 09:26:31",5
4590000000000,5670806,F,2016/05/09,34,Burlington,0,0,0,0,0,0,No,"2016-05-06 14:42:38",3
6320000000000,5696989,F,2016/05/16,45,Dallas,0,0,0,0,0,0,No,"2016-05-13 14:45:38",3
83800000000000,5737282,M,2016/05/30,70,Coralville,0,1,0,0,0,1,No,"2016-05-25 09:25:43",5
45500000000000,5698942,F,2016/05/16,40,"Cedar Rapids",0,0,0,0,0,0,No,"2016-05-16 08:01:12",0
38900000000000,5737286,F,2016/05/30,49,"Cedar Rapids",0,0,0,0,0,1,No,"2016-05-25 09:25:54",5
670000000000000,5640694,F,2016/05/02,57,Dallas,0,0,0,0,0,1,No,"2016-04-29 11:14:29",3
96500000000000,5670808,M,2016/05/09,54,Dallas,0,1,0,1,0,0,No,"2016-05-06 14:42:57",3
835000000000000,5696993,F,2016/05/16,52,Dallas,0,0,0,0,0,0,No,"2016-05-13 14:45:56",3
8380000000000,5737290,F,2016/05/30,15,Dallas,1,0,0,0,0,1,No,"2016-05-25 09:26:05",5
13600000000000,5645314,M,2016/05/02,53,Dallas,0,0,0,0,0,0,No,"2016-05-02 09:44:27",0
96500000000000,5640696,M,2016/05/02,54,Dallas,0,1,0,1,0,1,No,"2016-04-29 11:14:39",3
141000000000000,5670810,M,2016/05/09,54,Dallas,0,0,0,0,0,0,No,"2016-05-06 14:43:06",3
394000000000,5696995,F,2016/05/16,45,Dallas,1,0,0,0,0,0,No,"2016-05-13 14:46:06",3
353000000000,5640698,F,2016/05/03,45,Dallas,0,0,0,0,0,1,No,"2016-04-29 11:14:57",4
745000000000000,5670816,M,2016/05/10,50,Dallas,0,1,1,0,0,1,No,"2016-05-06 14:43:27",4
171000000000000,5737320,M,2016/05/31,52,Dallas,0,1,0,0,0,1,No,"2016-05-25 09:27:40",6
9200000000000,5640697,F,2016/05/03,44,Dallas,0,0,0,0,0,1,No,"2016-04-29 11:14:49",4
53600000000000,5670812,F,2016/05/10,53,"Cedar Rapids",0,0,0,0,0,1,Yes,"2016-05-06 14:43:15",4
8760000000000,5696998,F,2016/05/17,48,Eureka,0,0,1,0,0,0,No,"2016-05-13 14:46:16",4
9200000000000,5737315,F,2016/05/31,45,Eureka,0,0,0,0,0,1,No,"2016-05-25 09:27:25",6
83800000000000,5640691,M,2016/05/03,70,Orlando,0,1,0,0,0,1,No,"2016-04-29 11:14:04",4
9890000000000,5670803,F,2016/05/10,55,Eureka,0,0,0,0,0,1,No,"2016-05-06 14:42:22",4
991000000000,5696984,F,2016/05/17,53,"Cedar Rapids",0,0,0,0,0,0,Yes,"2016-05-13 14:45:24",4
2860000000000,5737307,F,2016/05/31,58,Eureka,0,1,0,0,0,1,No,"2016-05-25 09:27:09",6
7540000000000,5640703,F,2016/05/03,42,Orlando,0,1,0,0,0,1,No,"2016-04-29 11:15:17",4
58300000000000,5670818,F,2016/05/10,55,Eureka,0,0,0,0,0,1,No,"2016-05-06 14:43:48",4
11200000000000,5697003,F,2016/05/17,44,Eureka,1,0,0,0,0,0,No,"2016-05-13 14:46:39",4
5620000000000,5737327,F,2016/05/31,27,Orlando,0,0,0,0,0,1,No,"2016-05-25 09:28:10",6
694000000000,5640700,F,2016/05/03,37,Orlando,0,0,0,0,0,0,No,"2016-04-29 11:15:09",4
85600000000000,5670817,F,2016/05/10,64,"Cedar Rapids",0,0,0,0,0,1,Yes,"2016-05-06 14:43:38",4
9640000000000,5696999,F,2016/05/17,37,Eureka,0,0,0,0,0,0,No,"2016-05-13 14:46:27",4
58300000000000,5737326,F,2016/05/31,55,Eureka,0,0,0,0,0,1,No,"2016-05-25 09:27:57",6
795000000000,5652424,M,2016/05/05,53,Eureka,0,0,0,0,0,0,No,"2016-05-03 10:04:45",2
232000000000,5676036,M,2016/05/12,26,Eureka,0,0,0,0,0,0,Yes,"2016-05-09 14:52:34",3
7940000000000,5707102,M,2016/05/19,59,Belousov,0,1,0,1,0,0,No,"2016-05-17 09:11:05",2
888000000000000,5652387,F,2016/05/05,71,Montgomery,0,1,1,0,0,0,No,"2016-05-03 10:02:10",2
899000000000000,5676005,F,2016/05/12,55,Montgomery,0,0,0,0,0,0,No,"2016-05-09 14:49:52",3
4590000000000,5716614,F,2016/05/19,50,Woodland,0,0,0,0,0,0,No,"2016-05-19 06:52:35",0
9630000000000,5707061,F,2016/05/19,39,"Bay City",0,0,0,0,0,0,No,"2016-05-17 09:08:35",2
171000000000000,5652436,M,2016/05/05,52,Owensboro,0,1,0,0,0,0,No,"2016-05-03 10:05:53",2
84100000000000,5676038,F,2016/05/12,53,"Twin Mountain",0,0,0,0,0,0,No,"2016-05-09 14:52:43",3
6300000000000,5707108,M,2016/05/19,53,Vandalia,0,1,0,0,0,0,No,"2016-05-17 09:11:36",2
152000000000000,5659778,M,2016/05/05,32,Montgomery,0,0,0,0,0,0,No,"2016-05-04 14:43:15",1
4590000000000,5676040,F,2016/05/12,50,Russellville,0,0,0,0,0,0,No,"2016-05-09 14:52:53",3
5570000000000,5661193,F,2016/05/05,37,Fairmont,0,0,0,0,0,0,No,"2016-05-05 07:17:20",0
128000000000000,5652438,M,2016/05/05,29,Saginaw,0,0,0,0,0,0,No,"2016-05-03 10:06:04",2
1850000000000,5735258,M,2016/05/25,53,Burlington,0,1,1,0,0,0,No,"2016-05-25 06:51:46",0
285000000000000,5735499,M,2016/05/25,49,Macon,0,0,0,0,1,0,No,"2016-05-25 07:12:49",0
74100000000000,5711618,F,2016/05/19,70,Altoona,0,1,1,0,0,0,No,"2016-05-18 07:51:49",1
12300000000000,5711628,F,2016/05/19,49,Eureka,0,0,0,0,0,0,No,"2016-05-18 07:52:56",1
678000000000000,5722247,F,2016/05/25,61,Montgomery,0,1,0,0,0,1,No,"2016-05-20 07:10:35",5
56500000000000,5722239,F,2016/05/25,51,Montgomery,0,0,0,0,0,1,No,"2016-05-20 07:10:21",5
42400000000000,5722264,F,2016/05/25,42,Dublin,0,0,0,0,0,1,No,"2016-05-20 07:11:19",5
678000000000000,5722258,F,2016/05/25,70,Gooding,0,1,1,0,0,1,No,"2016-05-20 07:11:10",5
26200000000000,5722270,F,2016/05/25,71,"Osage Beach",1,1,0,0,0,1,No,"2016-05-20 07:11:31",5
949000000000,5712116,F,2016/05/19,52,Russellville,0,0,0,0,0,0,No,"2016-05-18 08:28:31",1
156000000000,5712071,F,2016/05/19,38,Montgomery,0,0,0,0,0,0,No,"2016-05-18 08:24:55",1
27900000000000,5712101,F,2016/05/19,21,Mobile,1,0,0,0,0,0,No,"2016-05-18 08:27:14",1
26200000000000,5711683,F,2016/05/19,71,Leesburg,1,1,0,0,0,0,No,"2016-05-18 07:57:04",1
88600000000000,5711740,F,2016/05/19,62,"Battle Creek",0,1,0,0,0,0,No,"2016-05-18 08:00:25",1
678000000000000,5713580,F,2016/05/19,70,Gooding,0,1,1,0,0,0,No,"2016-05-18 10:21:16",1
82200000000000,5719678,F,2016/05/24,52,Warren,0,0,0,0,0,1,No,"2016-05-19 11:47:48",5
213000000000000,5732250,F,2016/05/30,50,"Battle Creek",1,0,0,0,0,1,No,"2016-05-24 11:13:14",6
434000000000000,5719690,F,2016/05/24,68,"Fort Worth",0,0,0,0,0,1,No,"2016-05-19 11:49:22",5
4800000000000,5738528,F,2016/05/31,47,"Mount Arlington",0,1,0,0,0,1,No,"2016-05-25 11:08:12",6
1170000000000,5710634,F,2016/05/18,75,Pittsburgh,0,0,0,0,0,0,No,"2016-05-17 16:59:54",1
5230000000000,5719701,F,2016/05/25,60,Albany,0,0,1,0,0,0,No,"2016-05-19 11:51:03",6
560000000000000,5719698,F,2016/05/25,54,Columbia,0,0,0,0,0,1,No,"2016-05-19 11:50:51",6
213000000000000,5710636,F,2016/05/18,50,Mobile,1,0,0,0,0,0,No,"2016-05-17 17:00:17",1
2522418752,5715925,F,2016/05/20,54,Russellville,0,1,0,0,0,0,No,"2016-05-18 15:28:01",2
11800000000000,5715946,F,2016/05/20,68,Leesburg,0,0,0,0,0,0,No,"2016-05-18 15:30:54",2
4800000000000,5715987,F,2016/05/19,47,Leesburg,0,1,0,0,0,0,Yes,"2016-05-18 15:36:03",1
51896556266,5715162,F,2016/05/19,48,"Lake Lure",0,1,0,0,0,0,No,"2016-05-18 13:46:54",1
26300000000000,5732259,F,2016/05/30,84,"Battle Creek",0,0,0,0,0,1,No,"2016-05-24 11:13:39",6
1170000000000,5732254,F,2016/05/30,75,Gooding,0,0,0,0,0,1,No,"2016-05-24 11:13:26",6
276000000000000,5732265,M,2016/05/30,63,Leesburg,1,1,0,0,1,1,No,"2016-05-24 11:14:03",6
45387813178,5732260,F,2016/05/30,56,"Williams Bay",0,1,0,0,0,1,No,"2016-05-24 11:13:52",6
4330000000000,5732270,F,2016/05/30,83,"Williams Bay",0,1,0,0,0,0,No,"2016-05-24 11:14:19",6
7890000000000,5732272,F,2016/05/30,36,"Williams Bay",0,0,0,0,0,1,No,"2016-05-24 11:14:34",6
979000000000000,5719692,F,2016/05/24,69,"Williams Bay",0,0,0,0,0,1,No,"2016-05-19 11:49:47",5
5770000000000,5719691,F,2016/05/24,53,"Williams Bay",0,1,1,0,0,1,No,"2016-05-19 11:49:35",5
85900000000000,5738534,F,2016/05/31,69,"Williams Bay",0,0,0,0,0,1,No,"2016-05-25 11:08:37",6
51896556266,5738529,F,2016/05/31,48,"Lake Lure",0,1,0,0,0,1,No,"2016-05-25 11:08:25",6
97600000000000,5719694,F,2016/05/24,51,"Lenoir City",0,0,0,0,0,1,No,"2016-05-19 11:50:12",5
9650000000000,5719693,M,2016/05/24,46,"Williams Bay",0,1,0,0,0,1,Yes,"2016-05-19 11:49:58",5
8670000000000,5738538,F,2016/05/31,58,"Williams Bay",0,0,0,0,0,1,No,"2016-05-25 11:09:01",6
686000000000,5738536,M,2016/05/31,37,Carlsbad,0,0,0,0,0,1,No,"2016-05-25 11:08:50",6
3410000000000,5719696,F,2016/05/24,47,Leesburg,0,0,0,0,0,1,No,"2016-05-19 11:50:34",5
13500000000000,5719695,M,2016/05/24,36,Orlando,0,0,0,0,0,1,No,"2016-05-19 11:50:23",5
51300000000000,5738541,M,2016/05/31,72,"Battle Creek",0,0,0,0,0,1,No,"2016-05-25 11:09:15",6
677000000000,5738545,F,2016/05/31,69,"Lenoir City",0,1,0,0,0,1,No,"2016-05-25 11:09:31",6
776000000000,5710639,F,2016/05/18,62,Billings,0,0,1,0,0,0,No,"2016-05-17 17:00:41",1
9190000000000,5710646,F,2016/05/18,67,Dahlonega,0,1,1,0,0,0,No,"2016-05-17 17:03:02",1
392000000000000,5719705,F,2016/05/25,60,"Battle Creek",0,0,0,0,0,1,Yes,"2016-05-19 11:51:30",6
36700000000000,5719702,F,2016/05/25,44,Worthington,0,0,0,0,0,1,No,"2016-05-19 11:51:18",6
7460000000000,5710654,F,2016/05/18,59,Lexington,0,1,1,0,0,0,Yes,"2016-05-17 17:04:32",1
686000000000,5710650,M,2016/05/18,37,Calhoun,0,0,0,0,0,0,No,"2016-05-17 17:04:10",1
9828549939,5719707,F,2016/05/25,71,Saginaw,0,0,0,0,0,1,Yes,"2016-05-19 11:52:06",6
168000000000,5719706,F,2016/05/25,42,"Soddy Daisy",0,0,0,0,0,1,Yes,"2016-05-19 11:51:41",6
230000000000000,5710658,F,2016/05/18,69,Oconomowoc,0,1,1,1,0,0,Yes,"2016-05-17 17:05:37",1
7780000000000,5710657,M,2016/05/18,60,Leesburg,0,1,0,0,0,0,Yes,"2016-05-17 17:04:54",1
53400000000000,5719713,M,2016/05/25,56,"Lake Lure",0,0,0,0,0,1,No,"2016-05-19 11:52:29",6
87200000000000,5719710,F,2016/05/25,58,"Lake Lure",0,0,0,0,0,1,No,"2016-05-19 11:52:17",6
85900000000000,5715165,F,2016/05/19,69,Columbus,0,0,0,0,0,0,No,"2016-05-18 13:47:11",1
643000000000000,5715168,F,2016/05/19,72,Dublin,0,1,0,0,0,0,No,"2016-05-18 13:47:26",1
37400000000000,5715171,F,2016/05/19,63,"Mount Arlington",0,1,0,0,0,0,No,"2016-05-18 13:47:58",1
8670000000000,5715169,F,2016/05/19,58,Dublin,0,0,0,0,0,0,Yes,"2016-05-18 13:47:43",1
246000000000000,5715175,F,2016/05/19,46,"Soddy Daisy",0,0,0,0,0,0,No,"2016-05-18 13:48:13",1
3450000000000,5715560,F,2016/05/19,39,Orlando,0,0,0,0,0,0,Yes,"2016-05-18 14:37:11",1
552000000000000,5715948,F,2016/05/20,60,"Lenoir City",0,1,0,0,0,0,No,"2016-05-18 15:31:14",2
549000000000000,5715951,F,2016/05/20,73,Orlando,0,1,1,0,0,0,No,"2016-05-18 15:31:34",2
51300000000000,5715965,M,2016/05/20,72,Orlando,0,0,0,0,0,0,No,"2016-05-18 15:33:15",2
677000000000,5715963,F,2016/05/20,69,"Battle Creek",0,1,0,0,0,0,No,"2016-05-18 15:32:51",2
31689438387,5715960,F,2016/05/20,77,Worthington,0,0,1,0,0,0,No,"2016-05-18 15:32:27",2
674000000000000,5716236,F,2016/05/20,88,Calhoun,0,1,1,0,0,0,No,"2016-05-18 16:11:46",2
46400000000000,5615508,F,2016/05/02,51,Dahlonega,0,1,0,0,0,1,Yes,"2016-04-25 12:36:18",7
55300000000000,5646428,F,2016/05/09,34,"Cedar Rapids",0,0,0,0,0,0,Yes,"2016-05-02 11:21:08",7
414000000000000,5677136,F,2016/05/16,48,Columbia,0,0,0,0,0,0,Yes,"2016-05-09 18:16:49",7
265000000000000,5615509,F,2016/05/02,11,Coralville,0,0,0,0,0,1,No,"2016-04-25 12:36:38",7
77300000000000,5646432,F,2016/05/09,59,"Cedar Rapids",0,0,0,0,0,0,No,"2016-05-02 11:21:17",7
93400000000000,5677137,F,2016/05/16,15,"Cedar Rapids",1,0,0,0,0,0,Yes,"2016-05-09 18:16:58",7
7930000000000,5615528,M,2016/05/02,32,"Forest Grove",0,0,0,0,0,1,No,"2016-04-25 12:38:10",7
513000000000000,5615527,F,2016/05/02,36,Calhoun,1,0,0,0,0,1,No,"2016-04-25 12:38:02",7
39225442597,5646458,F,2016/05/09,57,Mercer,0,1,0,0,0,0,No,"2016-05-02 11:22:37",7
329000000000000,5646459,F,2016/05/09,71,Eugene,0,0,0,0,0,0,Yes,"2016-05-02 11:22:45",7
1790000000000,5677149,F,2016/05/16,61,"Forest Grove",0,0,0,0,0,0,No,"2016-05-09 18:18:47",7
2433848392,5677151,F,2016/05/16,51,"Rocky Mount",0,0,0,0,0,0,No,"2016-05-09 18:18:57",7
362000000000000,5615529,F,2016/05/02,8,Worthington,0,0,0,0,0,1,No,"2016-04-25 12:38:18",7
744000000000000,5615530,F,2016/05/02,76,Tyler,0,1,0,0,0,1,Yes,"2016-04-25 12:38:26",7
5370000000000,5646463,F,2016/05/09,60,Sikeston,0,0,0,0,0,0,No,"2016-05-02 11:22:54",7
92000000000000,5646466,F,2016/05/09,57,"Rocky Mount",0,0,0,0,0,0,Yes,"2016-05-02 11:23:03",7
828000000000000,5677153,F,2016/05/16,27,Orlando,0,0,0,0,0,0,No,"2016-05-09 18:19:18",7
28397923228,5677154,F,2016/05/16,44,"Mount Arlington",0,0,0,0,0,0,No,"2016-05-09 18:19:28",7
221000000000,5646434,M,2016/05/10,40,"Rocky Mount",0,0,0,0,0,1,No,"2016-05-02 11:21:26",8
232000000000000,5677139,F,2016/05/17,49,Orlando,0,1,0,0,0,0,No,"2016-05-09 18:17:08",8
2730000000000,5704996,F,2016/05/24,46,Sikeston,0,0,0,0,0,1,No,"2016-05-16 17:20:15",8
4640000000000,5615510,F,2016/05/03,14,"Battle Creek",1,0,0,0,0,1,No,"2016-04-25 12:36:48",8
713000000000000,5615534,F,2016/05/03,50,Columbus,0,0,0,0,0,1,No,"2016-04-25 12:38:37",8
7680000000000,5615536,F,2016/05/03,41,"Forest Grove",0,0,0,0,0,1,No,"2016-04-25 12:38:45",8
84400000000000,5646472,F,2016/05/10,60,Leesburg,0,0,0,0,0,1,Yes,"2016-05-02 11:23:22",8
9780000000000,5646469,F,2016/05/10,56,Columbus,0,0,0,0,0,1,No,"2016-05-02 11:23:14",8
545000000000,5677155,F,2016/05/17,6,Indianapolis,0,0,0,0,0,0,Yes,"2016-05-09 18:20:07",8
642000000000,5677156,F,2016/05/17,89,"Bay City",0,0,0,0,0,0,No,"2016-05-09 18:20:16",8
183000000000,5705002,F,2016/05/24,5,Dahlonega,0,0,0,0,0,1,No,"2016-05-16 17:21:10",8
2170000000000,5705001,F,2016/05/24,50,"Battle Creek",0,0,0,0,0,1,No,"2016-05-16 17:21:00",8
2220000000000,5615513,M,2016/05/04,17,Pittsburgh,0,0,0,0,0,1,Yes,"2016-04-25 12:36:58",9
18900000000000,5646439,M,2016/05/11,77,"Rocky Mount",0,1,0,0,0,1,No,"2016-05-02 11:21:36",9
3900000000000,5677140,F,2016/05/18,48,Joplin,0,0,0,0,0,0,No,"2016-05-09 18:17:17",9
3170000000000,5704998,F,2016/05/25,34,"Soddy Daisy",0,0,0,0,0,1,No,"2016-05-16 17:20:28",9
355000000000,5615514,F,2016/05/04,59,Columbus,0,1,0,0,0,1,No,"2016-04-25 12:37:09",9
144000000000,5677098,F,2016/05/11,18,Bryant,0,0,0,0,0,0,No,"2016-05-09 18:08:07",2
2710000000000,5677142,F,2016/05/18,8,"Grand Junction",0,0,0,0,0,0,No,"2016-05-09 18:17:26",9
856000000000000,5704999,F,2016/05/25,59,Orlando,0,1,0,0,0,1,No,"2016-05-16 17:20:37",9
3500000000000,5615538,F,2016/05/04,65,Joplin,0,1,0,0,0,1,Yes,"2016-04-25 12:38:55",9
2920000000000,5615540,F,2016/05/04,46,Lexington,0,0,0,0,0,1,No,"2016-04-25 12:39:03",9
118000000000,5646477,F,2016/05/11,67,Leesburg,0,1,0,0,0,1,No,"2016-05-02 11:23:42",9
3810000000000,5684797,M,2016/05/11,3,Hartford,0,0,0,0,0,0,No,"2016-05-11 09:10:53",0
78800000000000,5677157,M,2016/05/18,27,Mercer,0,0,0,0,0,0,No,"2016-05-09 18:20:27",9
6000000000000,5677158,F,2016/05/18,4,"Forest Grove",0,0,0,0,0,0,No,"2016-05-09 18:20:34",9
72800000000000,5705007,F,2016/05/25,25,Worthington,0,0,0,0,0,1,No,"2016-05-16 17:22:01",9
26300000000000,5705004,F,2016/05/25,72,Columbia,0,0,0,0,0,1,No,"2016-05-16 17:21:34",9
23946273141,5646517,F,2016/05/04,18,Columbia,0,0,0,0,0,0,Yes,"2016-05-02 11:26:36",2
87500000000000,5615545,F,2016/05/04,2,Madisonville,0,0,0,0,0,1,No,"2016-04-25 12:39:19",9
8610000000000,5646480,F,2016/05/11,52,"Battle Creek",0,0,0,0,0,1,No,"2016-05-02 11:23:50",9
880000000000,5646483,F,2016/05/11,22,Albany,0,0,0,0,0,1,Yes,"2016-05-02 11:23:58",9
793000000000000,5677160,F,2016/05/18,66,Tatum,0,1,1,0,0,0,No,"2016-05-09 18:20:42",9
271000000000,5677161,F,2016/05/18,64,Saginaw,0,1,0,0,0,0,No,"2016-05-09 18:20:50",9
697000000000000,5705006,F,2016/05/25,46,Owasso,0,0,0,0,0,1,No,"2016-05-16 17:21:52",9
35900000000000,5705005,M,2016/05/25,3,Bryant,0,0,0,0,0,1,No,"2016-05-16 17:21:43",9
4280000000000,5615517,F,2016/05/05,66,"Fort Worth",0,0,0,0,0,0,No,"2016-04-25 12:37:20",10
9960000000000,5646442,F,2016/05/12,38,"Soddy Daisy",0,0,0,0,0,1,Yes,"2016-05-02 11:21:55",10
285000000000,5677144,F,2016/05/19,41,Sikeston,1,0,0,0,0,0,No,"2016-05-09 18:17:36",10
485000000000000,5615518,F,2016/05/05,46,Orlando,0,0,0,0,0,1,No,"2016-04-25 12:37:28",10
3410000000000,5646444,F,2016/05/12,32,Dahlonega,1,0,0,0,0,1,No,"2016-05-02 11:22:03",10
2540000000000,5677145,F,2016/05/19,50,Joplin,0,0,0,0,0,0,No,"2016-05-09 18:17:44",10
9970000000000,5615551,M,2016/05/05,6,Joplin,0,0,0,0,0,0,Yes,"2016-04-25 12:39:39",10
898000000000,5615549,M,2016/05/05,27,Albany,0,0,0,0,0,1,Yes,"2016-04-25 12:39:30",10
8780000000000,5646488,F,2016/05/12,46,Gooding,0,1,0,0,0,1,Yes,"2016-05-02 11:24:08",10
97100000000000,5646489,F,2016/05/12,51,"Mount Arlington",0,0,0,0,0,1,No,"2016-05-02 11:24:17",10
72500000000000,5677163,M,2016/05/19,5,Worthington,0,0,0,0,0,0,No,"2016-05-09 18:21:07",10
31500000000000,5677162,M,2016/05/19,13,Gooding,0,0,0,0,0,0,Yes,"2016-05-09 18:20:59",10
485000000000000,5615553,F,2016/05/05,63,Joplin,0,0,0,0,0,1,No,"2016-04-25 12:39:48",10
24000000000000,5615554,F,2016/05/05,65,Warren,0,0,0,0,0,1,No,"2016-04-25 12:39:56",10
38300000000000,5646491,M,2016/05/12,20,"Cedar Rapids",0,0,0,0,0,1,No,"2016-05-02 11:24:26",10
22400000000000,5646492,F,2016/05/12,50,"Cripple Creek",0,1,0,1,0,1,No,"2016-05-02 11:24:34",10
295000000000000,5677165,M,2016/05/19,75,Leesburg,0,0,0,0,0,0,No,"2016-05-09 18:21:22",10
96000000000000,5677164,F,2016/05/19,48,"Cripple Creek",0,1,0,0,0,0,Yes,"2016-05-09 18:21:14",10
56100000000000,5636654,F,2016/05/02,41,Carlsbad,0,0,0,0,0,1,No,"2016-04-28 15:48:32",4
62300000000000,5636664,M,2016/05/02,56,Columbia,0,0,0,0,0,1,No,"2016-04-28 15:49:12",4
925000000000000,5687277,M,2016/05/16,75,Moore,0,0,0,0,0,0,No,"2016-05-11 15:14:16",5
367000000000000,5732367,F,2016/05/30,80,Hartford,0,1,0,0,0,1,No,"2016-05-24 11:23:37",6
6290000000000,5732365,F,2016/05/30,33,Orlando,0,0,0,0,0,1,No,"2016-05-24 11:23:25",6
68700000000000,5732364,F,2016/05/30,66,Orlando,0,0,0,0,0,1,Yes,"2016-05-24 11:23:11",6
94100000000000,5636660,F,2016/05/02,80,"Bay City",0,1,0,0,0,0,No,"2016-04-28 15:48:55",4
260000000000000,5665983,F,2016/05/09,35,"Rocky Mount",0,1,0,0,0,0,No,"2016-05-05 15:41:23",4
917000000000,5665985,M,2016/05/09,28,Bryant,0,0,0,0,0,0,Yes,"2016-05-05 15:41:37",4
36400000000000,5665982,M,2016/05/09,19,"Mount Arlington",0,0,0,0,0,0,Yes,"2016-05-05 15:41:11",4
55300000000000,5687271,F,2016/05/16,41,Hartford,0,0,0,0,0,0,No,"2016-05-11 15:13:19",5
8420000000000,5636669,F,2016/05/02,55,"Mount Arlington",0,0,0,0,0,1,No,"2016-04-28 15:49:33",4
64800000000000,5636678,F,2016/05/02,54,"Mount Arlington",0,0,0,0,0,1,No,"2016-04-28 15:50:06",4
248000000000000,5636682,M,2016/05/02,57,Douglasville,0,0,0,0,0,1,No,"2016-04-28 15:50:30",4
81500000000000,5665989,F,2016/05/09,85,"Cripple Creek",0,0,0,0,0,0,No,"2016-05-05 15:42:03",4
319000000000000,5665986,F,2016/05/09,72,Madisonville,0,0,0,0,0,0,No,"2016-05-05 15:41:51",4
6720000000000,5665994,F,2016/05/09,20,Dublin,0,0,0,0,0,0,No,"2016-05-05 15:42:21",4
48300000000000,5687279,M,2016/05/16,36,"Mount Arlington",0,0,0,0,0,0,No,"2016-05-11 15:14:29",5
845000000000,5687282,M,2016/05/16,47,Dahlonega,0,0,0,0,0,0,Yes,"2016-05-11 15:15:18",5
327000000000000,5687281,M,2016/05/16,28,"Fort Worth",0,0,0,0,0,0,No,"2016-05-11 15:15:04",5
284000000000,5732378,F,2016/05/30,57,"Rocky Mount",0,1,0,0,0,1,No,"2016-05-24 11:24:24",6
47200000000000,5732374,F,2016/05/30,48,Tatum,0,0,0,0,0,1,No,"2016-05-24 11:24:06",6
47600000000000,5732370,M,2016/05/30,57,Tyler,0,0,0,0,0,1,Yes,"2016-05-24 11:23:49",6
41100000000000,5666011,F,2016/05/09,82,"Fort Worth",0,0,0,0,0,0,No,"2016-05-05 15:43:47",4
4400000000000,5666008,F,2016/05/09,47,Tyler,0,0,0,0,0,0,No,"2016-05-05 15:43:26",4
664000000000000,5666003,F,2016/05/09,61,Troy,0,0,0,0,0,0,No,"2016-05-05 15:43:15",4
39900000000000,5687295,F,2016/05/16,39,Billings,0,0,0,0,0,0,Yes,"2016-05-11 15:17:04",5
986000000000000,5687298,F,2016/05/16,45,Billings,0,0,0,1,0,0,No,"2016-05-11 15:17:19",5
42800000000000,5687294,M,2016/05/16,87,Fairmont,0,1,0,0,0,0,No,"2016-05-11 15:16:53",5
72400000000000,5732400,F,2016/05/30,40,Troy,1,0,0,0,0,0,Yes,"2016-05-24 11:25:56",6
51500000000000,5732403,M,2016/05/30,29,"Battle Creek",0,0,0,0,0,1,No,"2016-05-24 11:26:14",6
9640000000000,5636691,M,2016/05/02,77,Russellville,0,1,0,0,0,0,Yes,"2016-04-28 15:51:20",4
18600000000000,5636685,F,2016/05/02,58,Tatum,0,1,0,0,0,1,No,"2016-04-28 15:50:46",4
61700000000000,5636689,M,2016/05/02,67,Albany,0,0,0,0,0,1,No,"2016-04-28 15:51:02",4
782000000000000,5666000,F,2016/05/09,39,"Eau Claire",0,0,0,0,0,0,No,"2016-05-05 15:42:59",4
890000000000000,5665997,M,2016/05/09,70,Albany,0,0,0,0,0,0,No,"2016-05-05 15:42:47",4
76900000000000,5665995,F,2016/05/09,38,Russellville,0,0,0,0,0,0,No,"2016-05-05 15:42:35",4
83900000000000,5687289,F,2016/05/16,43,Albany,1,0,0,0,0,0,Yes,"2016-05-11 15:16:41",5
87500000000000,5687285,M,2016/05/16,18,Cambridge,0,0,0,0,0,0,No,"2016-05-11 15:15:53",5
568000000000000,5687283,F,2016/05/16,36,"Miles City",0,0,0,0,0,0,No,"2016-05-11 15:15:35",5
5380000000000,5732383,M,2016/05/30,78,Hartford,0,0,0,0,1,1,Yes,"2016-05-24 11:24:57",6
153000000000000,5732381,F,2016/05/30,57,"Mount Arlington",0,1,0,0,0,1,No,"2016-05-24 11:24:43",6
366000000000000,5732388,F,2016/05/30,40,Douglasville,1,0,0,0,0,1,Yes,"2016-05-24 11:25:20",6
5150000000000,5636695,F,2016/05/02,46,"Bella Vista",0,1,0,0,0,1,No,"2016-04-28 15:51:35",4
4690000000000,5636700,F,2016/05/02,49,Albany,1,0,0,0,0,1,No,"2016-04-28 15:52:04",4
7230000000000,5636697,M,2016/05/02,63,Huntingdon,0,0,0,0,0,1,No,"2016-04-28 15:51:48",4
8960000000000,5640115,F,2016/05/03,87,Albany,0,0,0,0,0,1,No,"2016-04-29 10:08:27",4
53600000000000,5640118,M,2016/05/03,6,Billings,0,0,0,0,0,1,No,"2016-04-29 10:08:43",4
675000000000000,5640116,M,2016/05/03,27,Madisonville,0,0,0,0,0,1,No,"2016-04-29 10:08:34",4
34400000000000,5640121,M,2016/05/03,63,Cambridge,0,1,0,0,0,1,No,"2016-04-29 10:08:52",4
715000000000000,5754133,M,2016/05/31,54,Vandalia,0,0,0,0,0,0,No,"2016-05-31 15:30:10",0
422000000000000,5740041,F,2016/05/31,18,Douglasville,0,0,0,0,0,1,No,"2016-05-25 14:37:00",6
194000000000,5740038,F,2016/05/31,45,Douglasville,1,0,0,0,0,1,No,"2016-05-25 14:36:44",6
73500000000000,5753460,F,2016/05/31,49,Albany,0,0,1,0,0,0,No,"2016-05-31 14:07:32",0
27600000000000,5713113,M,2016/05/24,5,Albany,0,0,0,0,0,1,No,"2016-05-18 09:44:21",6
44000000000000,5733636,M,2016/05/24,52,"Eau Claire",0,0,0,0,0,0,No,"2016-05-24 14:11:35",0
73500000000000,5713108,F,2016/05/24,49,"Miles City",0,0,1,0,0,1,No,"2016-05-18 09:43:59",6
196000000000000,5713269,F,2016/05/24,49,"Miles City",0,0,0,0,0,1,Yes,"2016-05-18 09:55:44",6
3820000000000,5740039,F,2016/05/31,62,Albany,0,0,0,0,0,1,Yes,"2016-05-25 14:36:52",6
84700000000000,5740045,F,2016/05/31,58,Batesville,0,1,0,1,0,1,No,"2016-05-25 14:37:21",6
9267984617,5710118,F,2016/05/17,51,"Miles City",0,0,0,0,0,0,No,"2016-05-17 15:17:08",0
921668868,5694510,F,2016/05/17,45,"Miles City",0,1,1,0,0,0,No,"2016-05-13 08:43:03",4
1950000000000,5694513,M,2016/05/17,17,Huntingdon,0,0,0,0,0,0,Yes,"2016-05-13 08:43:17",4
15548196394,5694516,M,2016/05/17,11,"Mount Arlington",0,0,0,0,0,0,No,"2016-05-13 08:43:34",4
16400000000000,5694515,F,2016/05/17,41,Huntingdon,1,0,0,0,0,0,Yes,"2016-05-13 08:43:25",4
3550000000000,5713110,M,2016/05/24,8,Albany,0,0,0,0,0,1,No,"2016-05-18 09:44:07",6
585000000000,5654487,M,2016/05/03,40,"Miles City",0,0,0,0,0,0,No,"2016-05-03 14:33:57",0
2430000000000,5669376,F,2016/05/10,70,Huntingdon,0,1,0,0,0,0,No,"2016-05-06 10:48:37",4
128000000000000,5669370,M,2016/05/10,50,Warren,0,0,0,0,0,0,No,"2016-05-06 10:48:21",4
69400000000000,5682276,M,2016/05/10,67,Blythewood,0,0,0,0,0,0,No,"2016-05-10 16:09:34",0
77400000000000,5669369,F,2016/05/10,52,Batesville,0,0,0,0,0,1,No,"2016-05-06 10:48:09",4
332000000000,5669373,F,2016/05/10,62,"Miles City",0,1,0,0,0,1,No,"2016-05-06 10:48:30",4
752000000000000,5640126,F,2016/05/03,7,Warren,0,0,0,0,0,0,Yes,"2016-04-29 10:09:11",4
6360000000000,5740050,F,2016/05/31,63,Batesville,0,1,1,0,1,1,No,"2016-05-25 14:37:31",6
47300000000000,5754683,F,2016/05/31,24,Dublin,0,0,0,0,0,0,No,"2016-05-31 17:02:34",0
9180000000000,5740056,F,2016/05/31,69,"Cripple Creek",0,0,1,0,0,1,No,"2016-05-25 14:37:54",6
6230000000000,5740060,F,2016/05/31,58,Batesville,0,0,0,0,0,1,Yes,"2016-05-25 14:38:03",6
27756475936,5694526,M,2016/05/17,39,Vandalia,0,0,0,0,0,0,No,"2016-05-13 08:44:08",4
7120000000000,5713275,F,2016/05/24,62,Vandalia,0,0,0,0,0,1,No,"2016-05-18 09:56:02",6
6690000000000,5713280,F,2016/05/24,74,Cambridge,0,0,0,0,0,1,No,"2016-05-18 09:56:24",6
5900000000000,5713278,F,2016/05/24,67,Vandalia,1,1,0,0,0,1,No,"2016-05-18 09:56:12",6
88200000000000,5713272,M,2016/05/24,62,Blythewood,0,1,1,0,0,1,Yes,"2016-05-18 09:55:52",6
54700000000000,5740053,F,2016/05/31,72,Douglasville,1,1,0,0,0,1,No,"2016-05-25 14:37:40",6
27900000000000,5669380,M,2016/05/10,54,Cambridge,0,0,0,0,0,1,No,"2016-05-06 10:49:27",4
8230000000000,5669378,F,2016/05/10,46,"Bella Vista",0,0,0,0,0,1,Yes,"2016-05-06 10:48:56",4
6320000000000,5694541,F,2016/05/17,28,Blythewood,0,0,0,0,0,0,No,"2016-05-13 08:44:58",4
82900000000000,5694529,F,2016/05/17,62,"Grand Junction",0,0,0,0,0,0,No,"2016-05-13 08:44:19",4
26700000000000,5694536,F,2016/05/17,59,Vandalia,0,0,0,0,0,0,No,"2016-05-13 08:44:45",4
188000000000,5640130,F,2016/05/03,8,"Bella Vista",0,0,0,0,0,0,No,"2016-04-29 10:09:21",4
3710000000000,5640123,M,2016/05/03,14,Russellville,0,0,0,0,0,1,Yes,"2016-04-29 10:09:00",4
16800000000000,5640131,M,2016/05/03,74,"Miles City",0,1,0,0,0,0,No,"2016-04-29 10:09:30",4
98800000000000,5669382,F,2016/05/10,65,"Cedar Rapids",0,0,0,0,0,1,No,"2016-05-06 10:49:36",4
436000000000,5669390,F,2016/05/10,53,Dublin,0,1,0,0,0,1,No,"2016-05-06 10:50:24",4
753000000000000,5640138,M,2016/05/03,15,"Mount Arlington",0,0,0,0,0,1,No,"2016-04-29 10:09:52",4
626000000000000,5740072,F,2016/05/31,71,"Miles City",0,0,0,0,0,1,No,"2016-05-25 14:38:47",6
5790000000000,5713295,M,2016/05/24,66,Blythewood,1,1,0,0,0,1,No,"2016-05-18 09:56:59",6
42800000000000,5713283,M,2016/05/24,64,Indianapolis,0,0,1,0,0,1,No,"2016-05-18 09:56:35",6
4480000000000,5713287,F,2016/05/24,17,"Battle Creek",0,0,0,0,0,1,No,"2016-05-18 09:56:42",6
2370000000000,5740068,F,2016/05/31,62,"Miles City",0,0,0,0,0,1,No,"2016-05-25 14:38:25",6
14200000000000,5740071,F,2016/05/31,33,Blythewood,0,0,0,0,0,1,No,"2016-05-25 14:38:39",6
7640000000000,5740064,F,2016/05/31,18,Vandalia,0,0,0,0,0,1,No,"2016-05-25 14:38:17",6
693000000000000,5669420,M,2016/05/10,11,Huntingdon,0,0,0,0,0,1,No,"2016-05-06 10:52:41",4
724000000000000,5710730,M,2016/05/17,13,"Fort Wayne",0,0,0,0,0,0,No,"2016-05-17 17:42:11",0
387000000000000,5694567,M,2016/05/17,38,Cary,0,0,0,0,0,0,Yes,"2016-05-13 08:46:32",4
72600000000000,5694558,F,2016/05/17,40,"Bella Vista",0,0,0,0,0,0,Yes,"2016-05-13 08:45:52",4
934000000000000,5694550,F,2016/05/17,66,Mobile,0,0,0,0,0,0,Yes,"2016-05-13 08:45:18",4
688000000000,5713291,F,2016/05/24,60,Cary,0,0,0,0,0,1,No,"2016-05-18 09:56:50",6
93934745867,5640134,F,2016/05/03,7,"Miles City",0,0,0,0,0,1,No,"2016-04-29 10:09:38",4
970000000000000,5640143,M,2016/05/03,14,"El Reno",0,0,0,0,0,1,No,"2016-04-29 10:10:19",4
8190000000000,5640141,M,2016/05/03,14,Douglasville,0,0,0,0,0,1,Yes,"2016-04-29 10:10:07",4
8560000000000,5669396,F,2016/05/10,58,Cambridge,0,1,0,0,0,0,Yes,"2016-05-06 10:50:44",4
146000000000,5669394,M,2016/05/10,15,Huntingdon,0,0,0,0,0,1,No,"2016-05-06 10:50:36",4
29200000000000,5669424,M,2016/05/10,24,Vandalia,0,0,0,0,0,1,No,"2016-05-06 10:52:49",4
8280000000000,5666205,M,2016/05/05,70,"El Reno",0,1,0,0,0,0,No,"2016-05-05 16:10:11",0
912000000000,5721372,F,2016/05/19,56,Mullins,0,0,0,0,0,0,No,"2016-05-19 16:12:30",0
872000000000000,5654780,M,2016/05/05,15,"Mount Arlington",0,0,0,0,0,0,Yes,"2016-05-03 15:14:30",2
895000000000,5654776,F,2016/05/05,19,Batesville,1,0,0,0,0,0,No,"2016-05-03 15:14:13",2
58200000000000,5654785,F,2016/05/05,53,"Fort Wayne",0,1,0,0,0,0,No,"2016-05-03 15:14:48",2
5170000000000,5654781,F,2016/05/05,37,Columbia,0,0,0,0,0,0,Yes,"2016-05-03 15:14:39",2
414000000000,5680693,F,2016/05/12,77,Brockton,0,1,1,0,0,0,Yes,"2016-05-10 12:25:29",2
7780000000000,5702526,M,2016/05/19,64,Huntingdon,0,0,0,0,0,0,No,"2016-05-16 12:30:12",3
513000000000,5680689,F,2016/05/12,49,Albany,0,1,1,0,0,0,Yes,"2016-05-10 12:24:56",2
79385681333,5680694,M,2016/05/12,73,Mullins,0,0,0,0,0,0,No,"2016-05-10 12:25:37",2
369000000000000,5680691,M,2016/05/12,45,Huntingdon,0,0,0,0,1,0,Yes,"2016-05-10 12:25:19",2
923000000000000,5702525,F,2016/05/19,64,Albany,0,1,0,0,0,0,No,"2016-05-16 12:29:57",3
868000000000000,5702521,F,2016/05/19,49,Dublin,0,0,0,0,0,0,No,"2016-05-16 12:29:46",3
3230000000000,5702528,M,2016/05/19,49,Brockton,0,0,0,0,0,0,No,"2016-05-16 12:30:21",3
6750000000000,5666534,F,2016/05/05,15,Huntingdon,0,0,0,0,0,0,No,"2016-05-05 17:35:11",0
8220000000000,5680697,M,2016/05/12,53,Livermore,0,1,0,1,0,0,No,"2016-05-10 12:25:55",2
31400000000000,5680700,M,2016/05/12,59,"Soddy Daisy",0,0,0,0,0,0,No,"2016-05-10 12:26:11",2
871000000000,5702531,F,2016/05/19,61,"El Reno",0,0,0,0,0,0,No,"2016-05-16 12:30:30",3
419000000000,5702534,F,2016/05/19,64,"Miles City",0,0,0,0,0,0,No,"2016-05-16 12:30:47",3
12200000000000,5702536,M,2016/05/19,45,"Eau Claire",0,0,0,0,0,0,No,"2016-05-16 12:30:58",3
7940000000000,5702533,M,2016/05/19,59,Livermore,0,1,0,1,0,0,No,"2016-05-16 12:30:40",3
5160000000000,5654787,F,2016/05/05,73,Cary,0,0,0,0,0,0,No,"2016-05-03 15:14:56",2
2710000000000,5654788,M,2016/05/05,16,Calhoun,0,0,0,0,0,0,No,"2016-05-03 15:15:04",2
237000000000,5654797,F,2016/05/05,62,Brockton,0,1,1,0,0,0,No,"2016-05-03 15:15:23",2
84400000000000,5654790,F,2016/05/05,60,Warren,0,0,0,0,0,0,Yes,"2016-05-03 15:15:14",2
77400000000000,5680695,F,2016/05/12,61,"Fort Wayne",0,1,1,0,0,0,Yes,"2016-05-10 12:25:46",2
51900000000000,5680698,F,2016/05/12,67,Batesville,0,1,0,0,0,0,No,"2016-05-10 12:26:04",2
54100000000000,5719576,F,2016/05/25,66,Dublin,0,1,1,0,0,1,No,"2016-05-19 11:36:00",6
4230000000000,5719572,F,2016/05/25,43,Batesville,0,0,0,0,0,1,No,"2016-05-19 11:35:38",6
61700000000000,5719575,M,2016/05/25,15,Dublin,0,1,0,0,0,1,No,"2016-05-19 11:35:47",6
57500000000000,5719577,M,2016/05/25,18,Raleigh,0,0,0,0,0,1,No,"2016-05-19 11:36:07",6
9240000000000,5680552,F,2016/05/11,73,Albany,0,1,1,0,0,0,No,"2016-05-10 12:10:56",1
14500000000000,5680553,F,2016/05/11,4,Vandalia,0,0,0,0,0,0,No,"2016-05-10 12:11:03",1
1970000000000,5694777,M,2016/05/18,61,Livermore,0,0,0,0,0,0,No,"2016-05-13 08:58:21",5
536000000000000,5694773,F,2016/05/18,40,"Fort Wayne",0,0,0,0,0,0,Yes,"2016-05-13 08:58:12",5
315000000000,5694778,M,2016/05/18,60,Livermore,0,0,0,0,0,0,No,"2016-05-13 08:58:29",5
664000000000000,5694767,M,2016/05/18,39,"Eau Claire",0,0,0,0,0,0,No,"2016-05-13 08:58:05",5
8180000000000,5646630,M,2016/05/04,62,Cary,0,0,0,0,0,0,No,"2016-05-02 11:33:58",2
37200000000000,5646641,F,2016/05/04,7,"Fort Wayne",1,0,0,0,0,0,Yes,"2016-05-02 11:34:20",2
61300000000000,5646633,F,2016/05/04,14,Raleigh,0,0,0,0,0,0,Yes,"2016-05-02 11:34:05",2
967000000000000,5646646,F,2016/05/04,7,Cary,0,0,0,0,0,0,Yes,"2016-05-02 11:34:28",2
12500000000000,5680549,F,2016/05/11,16,Albany,0,0,0,0,0,0,No,"2016-05-10 12:10:27",1
468000000000,5680547,F,2016/05/11,69,Albany,0,1,0,0,0,0,No,"2016-05-10 12:10:19",1
48200000000000,5646648,M,2016/05/04,16,Livermore,0,0,0,0,0,0,Yes,"2016-05-02 11:34:37",2
62300000000000,5646662,F,2016/05/04,8,"Fort Wayne",1,0,0,0,0,0,Yes,"2016-05-02 11:35:07",2
92600000000000,5646657,F,2016/05/04,8,Douglasville,0,0,0,0,0,0,Yes,"2016-05-02 11:34:57",2
873000000000000,5646654,M,2016/05/04,12,Raleigh,0,0,0,0,0,0,Yes,"2016-05-02 11:34:49",2
6000000000000,5694794,F,2016/05/18,75,Vandalia,0,0,0,0,0,0,No,"2016-05-13 08:59:44",5
3440000000000,5694799,F,2016/05/18,12,Albany,0,0,0,0,0,0,Yes,"2016-05-13 09:00:02",5
3440000000000,5719583,M,2016/05/25,50,Livermore,0,0,0,0,0,1,No,"2016-05-19 11:36:50",6
127000000000,5719582,F,2016/05/25,62,Boone,0,1,0,0,0,1,No,"2016-05-19 11:36:40",6
385000000000000,5719585,M,2016/05/25,9,Albany,0,0,0,0,0,0,No,"2016-05-19 11:37:03",6
945000000000000,5719579,F,2016/05/25,39,"Eau Claire",1,0,0,0,0,1,No,"2016-05-19 11:36:33",6
699000000000000,5680556,F,2016/05/11,23,Raleigh,0,0,0,0,0,0,No,"2016-05-10 12:11:20",1
157000000000000,5680560,F,2016/05/11,61,Huntingdon,0,1,0,0,0,0,No,"2016-05-10 12:11:50",1
25700000000000,5680558,F,2016/05/11,60,"Eau Claire",0,0,0,0,0,0,No,"2016-05-10 12:11:28",1
91400000000000,5680555,F,2016/05/11,62,Cary,0,0,0,0,0,0,No,"2016-05-10 12:11:12",1
5490000000000,5694782,F,2016/05/18,17,"Miles City",0,0,0,0,0,0,Yes,"2016-05-13 08:58:46",5
22400000000000,5694796,F,2016/05/18,44,"Mount Arlington",0,0,0,0,0,0,No,"2016-05-13 08:59:53",5
2740000000000,5646664,F,2016/05/04,70,Boone,0,0,0,0,0,0,No,"2016-05-02 11:35:18",2
176000000000000,5646666,F,2016/05/04,43,Blythewood,1,0,0,0,0,0,Yes,"2016-05-02 11:35:30",2
65500000000000,5646670,F,2016/05/04,39,Boone,0,1,0,0,0,0,No,"2016-05-02 11:35:39",2
292000000000000,5646674,M,2016/05/04,56,Blythewood,0,0,0,0,0,0,No,"2016-05-02 11:35:49",2
372000000000000,5680566,M,2016/05/11,6,Columbia,0,0,0,0,0,0,No,"2016-05-10 12:12:14",1
6330000000000,5680565,M,2016/05/11,6,Albany,0,0,0,0,0,0,Yes,"2016-05-10 12:12:06",1
5300000000000,5680562,F,2016/05/11,5,Raleigh,0,0,0,0,0,0,No,"2016-05-10 12:11:58",1
1430000000000,5680571,F,2016/05/11,6,"Mount Arlington",0,0,0,0,0,0,Yes,"2016-05-10 12:13:04",1
1470000000000,5694812,F,2016/05/18,61,Raleigh,0,1,0,0,0,0,No,"2016-05-13 09:01:14",5
141000000000000,5694803,F,2016/05/18,58,Columbus,0,1,0,0,0,0,Yes,"2016-05-13 09:00:21",5
68800000000000,5694814,F,2016/05/18,6,Boone,0,0,0,0,0,0,No,"2016-05-13 09:01:21",5
4780000000000,5694811,M,2016/05/18,12,Blythewood,0,0,0,0,0,0,Yes,"2016-05-13 09:01:06",5
69400000000000,5719588,F,2016/05/25,51,Saginaw,1,1,0,0,0,1,No,"2016-05-19 11:38:05",6
77600000000000,5719587,M,2016/05/25,31,Blythewood,0,0,0,0,0,0,No,"2016-05-19 11:37:30",6
3570000000000,5719586,M,2016/05/25,37,Blythewood,0,0,0,0,0,1,No,"2016-05-19 11:37:21",6
536000000000000,5719589,F,2016/05/25,51,Blythewood,0,0,0,0,0,1,Yes,"2016-05-19 11:38:12",6
64646567849,5661332,F,2016/05/06,7,Blythewood,0,0,0,0,0,0,No,"2016-05-05 07:23:11",1
1420000000000,5661335,F,2016/05/06,36,Raleigh,0,0,0,0,0,0,No,"2016-05-05 07:23:19",1
3690000000000,5661327,F,2016/05/06,54,Raleigh,0,0,0,0,0,0,No,"2016-05-05 07:23:04",1
865000000000000,5661340,F,2016/05/06,29,Batesville,0,0,0,0,0,0,No,"2016-05-05 07:23:28",1
8970000000000,5683102,F,2016/05/13,44,Raleigh,0,0,0,0,0,0,Yes,"2016-05-11 07:14:11",2
9690000000000,5683095,M,2016/05/13,72,Blythewood,0,0,0,0,0,0,No,"2016-05-11 07:13:42",2
26500000000000,5683098,F,2016/05/13,62,Huntingdon,0,0,0,0,0,0,No,"2016-05-11 07:13:52",2
11800000000000,5683101,F,2016/05/13,44,Cary,0,0,0,0,0,0,Yes,"2016-05-11 07:14:02",2
446000000000,5712423,F,2016/05/20,8,Blythewood,0,0,0,0,0,0,No,"2016-05-18 08:52:03",2
414000000000000,5712426,M,2016/05/20,5,Blythewood,0,0,0,0,0,0,Yes,"2016-05-18 08:52:18",2
5380000000000,5712431,M,2016/05/20,19,Blythewood,0,0,0,0,0,0,No,"2016-05-18 08:52:42",2
3280000000000,5712421,M,2016/05/20,9,"Miles City",0,0,0,0,0,0,No,"2016-05-18 08:51:56",2
963000000000,5661343,M,2016/05/06,50,Cary,0,0,0,0,0,0,Yes,"2016-05-05 07:23:41",1
54900000000000,5661359,M,2016/05/06,87,Saginaw,0,1,0,0,0,0,Yes,"2016-05-05 07:24:27",1
2980000000000,5661361,M,2016/05/06,39,Gooding,0,0,0,0,0,0,No,"2016-05-05 07:24:35",1
64500000000000,5683117,F,2016/05/13,66,"Miles City",0,1,1,0,0,0,No,"2016-05-11 07:14:48",2
63900000000000,5683115,F,2016/05/13,32,Douglasville,0,0,0,0,0,0,No,"2016-05-11 07:14:38",2
353000000000,5683113,F,2016/05/13,41,"Eau Claire",0,1,0,0,0,0,No,"2016-05-11 07:14:30",2
61600000000000,5683107,F,2016/05/13,77,Huntingdon,0,1,0,0,0,0,No,"2016-05-11 07:14:21",2
9550000000000,5712445,F,2016/05/20,6,Livermore,0,0,0,0,0,0,No,"2016-05-18 08:53:36",2
788000000000000,5712451,M,2016/05/20,7,"Fort Wayne",1,0,0,0,0,0,No,"2016-05-18 08:53:53",2
5900000000000,5712449,M,2016/05/20,6,"Miles City",0,0,0,0,0,0,Yes,"2016-05-18 08:53:45",2
3450000000000,5712438,M,2016/05/20,62,Livermore,0,0,0,0,0,0,No,"2016-05-18 08:52:57",2
357000000000,5660633,F,2016/05/06,42,Dublin,0,0,0,0,0,0,No,"2016-05-04 17:09:11",2
948000000000000,5660631,M,2016/05/06,49,Dublin,0,1,0,0,0,0,No,"2016-05-04 17:08:57",2
899000000000000,5660636,F,2016/05/06,74,Livermore,0,1,0,0,0,0,No,"2016-05-04 17:09:28",2
6620000000000,5696099,F,2016/05/13,53,Livermore,0,0,0,0,0,0,No,"2016-05-13 11:41:27",0
79000000000000,5682686,F,2016/05/13,64,"Bella Vista",0,0,0,0,0,0,No,"2016-05-10 18:08:29",3
54200000000000,5682685,F,2016/05/13,35,Vandalia,0,0,0,0,0,0,No,"2016-05-10 18:08:07",3
2490000000000,5716215,M,2016/05/20,79,"Mount Arlington",0,1,1,0,0,0,No,"2016-05-18 16:10:02",2
649000000000000,5716217,F,2016/05/20,46,Livermore,0,0,0,0,0,0,No,"2016-05-18 16:10:19",2
63214315353,5716218,F,2016/05/20,28,"Soddy Daisy",0,0,0,0,0,0,No,"2016-05-18 16:10:35",2
723000000000000,5636769,M,2016/05/02,86,"Cedar Rapids",0,0,0,0,0,0,Yes,"2016-04-28 16:01:50",4
55000000000000,5636772,M,2016/05/02,36,"Saint Mary",0,0,0,0,0,1,No,"2016-04-28 16:02:07",4
45700000000000,5687361,M,2016/05/16,57,"Eau Claire",0,0,0,1,0,0,Yes,"2016-05-11 15:24:19",5
286000000000000,5687355,M,2016/05/16,31,"Fort Wayne",0,0,0,0,0,0,Yes,"2016-05-11 15:24:03",5
485000000000000,5732479,F,2016/05/30,80,Blythewood,0,1,1,0,0,1,No,"2016-05-24 11:35:13",6
4950000000000,5732480,F,2016/05/30,23,Blythewood,0,0,0,0,0,1,No,"2016-05-24 11:35:25",6
96300000000000,5732481,F,2016/05/30,60,Livermore,0,1,0,0,0,1,Yes,"2016-05-24 11:35:37",6
778000000000000,5636765,F,2016/05/02,85,Livermore,0,1,0,0,0,1,No,"2016-04-28 16:01:27",4
658000000000000,5666047,F,2016/05/09,47,Raleigh,0,0,0,0,0,0,No,"2016-05-05 15:47:32",4
91300000000000,5666044,F,2016/05/09,58,Boone,0,1,1,0,0,0,Yes,"2016-05-05 15:47:18",4
8650000000000,5666042,F,2016/05/09,21,Cambridge,0,0,0,0,0,0,Yes,"2016-05-05 15:47:03",4
6570000000000,5687365,F,2016/05/16,61,Cary,0,1,0,0,0,0,No,"2016-05-11 15:24:40",5
3130000000000,5703399,M,2016/05/16,65,Columbia,0,0,0,0,0,0,No,"2016-05-16 13:52:02",0
434000000000000,5636757,F,2016/05/02,49,Gooding,0,1,0,0,0,1,No,"2016-04-28 16:00:52",4
9340000000000,5636763,M,2016/05/02,63,Cambridge,0,1,1,0,0,1,No,"2016-04-28 16:01:12",4
92200000000000,5636753,F,2016/05/02,60,Dublin,0,0,0,0,0,1,Yes,"2016-04-28 16:00:32",4
98800000000000,5666039,F,2016/05/09,72,"Bella Vista",0,1,0,0,0,0,No,"2016-05-05 15:46:46",4
6520000000000,5732469,M,2016/05/30,45,Boone,0,1,0,0,0,1,No,"2016-05-24 11:34:23",6
57700000000000,5732477,F,2016/05/30,70,Owensboro,0,1,0,0,0,1,No,"2016-05-24 11:34:58",6
5480000000000,5666037,F,2016/05/09,54,"Fort Wayne",0,0,0,0,0,0,No,"2016-05-05 15:46:28",4
1290000000000,5666033,F,2016/05/09,64,Livermore,0,0,0,0,0,0,No,"2016-05-05 15:46:16",4
267000000000000,5687352,F,2016/05/16,62,Lamar,0,0,0,0,0,0,No,"2016-05-11 15:23:50",5
48800000000000,5687347,F,2016/05/16,47,Livermore,1,0,0,0,0,0,No,"2016-05-11 15:23:07",5
1550000000000,5687341,M,2016/05/16,48,Livermore,0,0,0,0,0,0,No,"2016-05-11 15:22:51",5
876000000000,5732466,F,2016/05/30,25,Livermore,0,0,0,0,0,1,Yes,"2016-05-24 11:34:10",6
689000000000000,5636741,F,2016/05/02,64,Leesburg,0,1,0,0,0,0,No,"2016-04-28 15:59:10",4
67400000000000,5636748,M,2016/05/02,50,Cary,0,1,0,0,0,1,No,"2016-04-28 15:59:50",4
9570000000000,5636751,F,2016/05/02,67,Cary,0,1,0,0,0,1,No,"2016-04-28 16:00:08",4
9570000000000,5666026,F,2016/05/09,67,Blythewood,0,1,0,0,0,0,Yes,"2016-05-05 15:45:35",4
44700000000000,5732462,M,2016/05/30,23,Blythewood,0,0,0,0,0,1,No,"2016-05-24 11:33:47",6
55842268592,5732461,F,2016/05/30,73,Douglasville,0,0,0,0,0,1,No,"2016-05-24 11:33:35",6
4940000000000,5666031,M,2016/05/09,56,Raleigh,0,0,0,1,0,0,Yes,"2016-05-05 15:46:03",4
982000000000000,5666028,M,2016/05/09,57,"Mount Arlington",0,0,0,0,0,0,No,"2016-05-05 15:45:48",4
22400000000000,5687327,M,2016/05/16,76,Livermore,0,1,0,0,0,0,No,"2016-05-11 15:20:58",5
2650000000000,5687324,M,2016/05/16,46,Raleigh,0,0,0,1,0,0,Yes,"2016-05-11 15:20:46",5
439000000000000,5687305,F,2016/05/16,55,"Miles City",0,0,0,0,0,0,No,"2016-05-11 15:18:29",5
637000000000,5732459,M,2016/05/30,50,Sikeston,0,1,1,0,1,1,Yes,"2016-05-24 11:33:23",6
47400000000000,5694746,M,2016/05/18,80,Fairmont,0,1,1,0,0,0,No,"2016-05-13 08:56:43",5
821000000000,5676443,F,2016/05/18,27,Livermore,1,0,0,0,0,0,No,"2016-05-09 15:44:57",9
4720000000000,5694744,F,2016/05/18,84,"Eau Claire",0,0,0,0,0,0,No,"2016-05-13 08:56:27",5
787000000000,5694740,F,2016/05/18,56,"Eau Claire",0,0,1,0,0,0,No,"2016-05-13 08:56:11",5
946000000000000,5694742,F,2016/05/18,81,Cary,0,1,0,0,0,0,No,"2016-05-13 08:56:19",5
7910000000000,5676441,M,2016/05/18,55,"Miles City",0,1,0,0,0,0,No,"2016-05-09 15:44:20",9
872000000000000,5676364,F,2016/05/11,69,"Fort Wayne",0,0,0,0,0,0,No,"2016-05-09 15:35:30",2
79700000000000,5680539,F,2016/05/11,73,Vandalia,0,1,1,0,0,0,No,"2016-05-10 12:09:12",1
612000000000,5680543,F,2016/05/11,67,Albany,0,1,0,0,0,0,No,"2016-05-10 12:09:29",1
758000000000000,5680538,M,2016/05/11,67,Albany,0,1,0,1,0,0,No,"2016-05-10 12:09:04",1
86500000000000,5680541,F,2016/05/11,82,Boone,0,0,0,0,0,0,No,"2016-05-10 12:09:20",1
2150000000000,5694745,F,2016/05/18,62,Albany,0,1,0,0,0,0,No,"2016-05-13 08:56:35",5
620000000000000,5646979,F,2016/05/04,75,Livermore,0,1,0,0,0,0,No,"2016-05-02 12:22:16",2
725000000000000,5646977,F,2016/05/04,51,Huntingdon,0,0,0,0,0,0,No,"2016-05-02 12:22:05",2
5500000000000,5680545,F,2016/05/11,26,Batesville,0,0,0,0,0,0,Yes,"2016-05-10 12:09:45",1
750000000000000,5680544,M,2016/05/11,53,Raleigh,0,1,0,0,0,0,No,"2016-05-10 12:09:38",1
342000000000000,5676369,M,2016/05/11,60,Livermore,0,1,0,0,0,0,No,"2016-05-09 15:36:12",2
1120000000000,5694750,M,2016/05/18,64,Blythewood,0,1,0,0,0,0,No,"2016-05-13 08:56:58",5
83500000000000,5712459,M,2016/05/20,9,"Little River",0,0,0,0,0,0,No,"2016-05-18 08:54:19",2
474000000000000,5726067,M,2016/05/20,83,Douglasville,0,0,0,0,0,0,No,"2016-05-20 12:55:17",0
49187448629,5712462,M,2016/05/20,72,Brockton,0,1,0,0,0,0,No,"2016-05-18 08:54:26",2
59200000000000,5712456,M,2016/05/20,9,Orlando,0,0,0,0,0,0,Yes,"2016-05-18 08:54:12",2
26100000000000,5712453,F,2016/05/20,45,Livermore,0,0,0,0,0,0,No,"2016-05-18 08:54:04",2
499000000000000,5723431,M,2016/05/20,56,Batesville,0,0,0,0,0,0,No,"2016-05-20 08:15:21",0
6170000000000,5661392,F,2016/05/06,68,Albany,0,1,1,0,0,0,No,"2016-05-05 07:25:56",1
821000000000000,5683124,F,2016/05/13,9,Albany,0,0,0,0,0,0,No,"2016-05-11 07:15:04",2
63700000000000,5683129,M,2016/05/13,78,Boone,0,1,1,0,0,0,No,"2016-05-11 07:15:21",2
36300000000000,5683127,F,2016/05/13,47,"Osage Beach",1,1,0,0,0,0,No,"2016-05-11 07:15:13",2
95400000000000,5683135,M,2016/05/13,66,"Fort Wayne",0,0,0,1,0,0,No,"2016-05-11 07:15:35",2
46743846962,5646967,F,2016/05/04,56,Cambridge,0,0,0,0,0,0,Yes,"2016-05-02 12:21:18",2
41500000000000,5646972,F,2016/05/04,64,"Fort Wayne",1,1,0,0,0,0,No,"2016-05-02 12:21:45",2
72300000000000,5646974,F,2016/05/04,51,Dahlonega,0,1,0,0,0,0,Yes,"2016-05-02 12:21:56",2
56200000000000,5646963,M,2016/05/04,42,"Soddy Daisy",0,0,0,0,0,0,No,"2016-05-02 12:20:54",2
518000000000,5661390,F,2016/05/06,74,"Osage Beach",0,1,0,0,0,0,No,"2016-05-05 07:25:48",1
439000000000000,5661395,M,2016/05/06,64,Vandalia,0,0,0,0,0,0,No,"2016-05-05 07:26:05",1
35900000000000,5660645,F,2016/05/06,61,Cary,0,0,0,1,0,0,Yes,"2016-05-04 17:10:48",2
294000000000,5660644,F,2016/05/06,18,Lamar,1,0,0,0,0,0,No,"2016-05-04 17:10:37",2
47800000000000,5660648,M,2016/05/06,74,Boone,0,0,0,0,0,0,No,"2016-05-04 17:11:04",2
96200000000000,5682695,F,2016/05/13,59,Dublin,0,0,0,0,0,0,No,"2016-05-10 18:10:28",3
442000000000000,5682693,M,2016/05/13,76,Leesburg,0,0,0,0,0,0,Yes,"2016-05-10 18:10:00",3
24800000000000,5682694,M,2016/05/13,81,Cambridge,0,0,0,1,0,0,No,"2016-05-10 18:10:16",3
8280000000000,5716237,F,2016/05/20,19,Cary,0,0,0,0,0,0,No,"2016-05-18 16:11:52",2
31900000000000,5716234,F,2016/05/20,53,Cooperstown,0,1,0,0,0,0,No,"2016-05-18 16:11:38",2
58300000000000,5716241,F,2016/05/20,59,Albany,0,0,0,0,0,0,No,"2016-05-18 16:12:10",2
3180000000000,5660638,F,2016/05/06,36,Batesville,0,0,0,0,0,0,No,"2016-05-04 17:09:44",2
1120000000000,5660640,M,2016/05/06,64,"Fort Wayne",0,1,0,0,0,0,Yes,"2016-05-04 17:09:59",2
26600000000000,5660641,F,2016/05/06,28,Warren,0,0,0,0,0,0,No,"2016-05-04 17:10:16",2
560000000000000,5682690,F,2016/05/13,51,Dahlonega,0,0,0,0,0,0,Yes,"2016-05-10 18:09:18",3
33462963561,5682691,F,2016/05/13,18,Leesburg,1,0,0,0,0,0,No,"2016-05-10 18:09:35",3
964000000000,5682692,F,2016/05/13,66,Saginaw,0,0,0,0,0,0,Yes,"2016-05-10 18:09:47",3
12400000000000,5716229,F,2016/05/20,40,Boone,0,0,0,0,0,0,No,"2016-05-18 16:11:19",2
3600000000000,5716227,F,2016/05/20,39,Cooperstown,0,0,0,0,0,0,Yes,"2016-05-18 16:11:06",2
512000000000000,5716221,F,2016/05/20,48,"Fort Wayne",0,0,0,0,0,0,No,"2016-05-18 16:10:51",2
852000000000000,5702479,F,2016/05/19,51,Dahlonega,0,1,0,0,0,0,No,"2016-05-16 12:25:58",3
27200000000000,5676459,M,2016/05/19,62,Livermore,0,1,0,0,0,0,Yes,"2016-05-09 15:46:46",10
9590000000000,5702477,M,2016/05/19,67,"Mount Arlington",0,0,0,0,0,0,No,"2016-05-16 12:25:42",3
937000000000000,5702476,M,2016/05/19,58,Cary,0,0,0,0,0,0,No,"2016-05-16 12:25:32",3
173000000000000,5680667,F,2016/05/12,74,"Fort Wayne",0,0,0,0,0,0,No,"2016-05-10 12:22:56",2
4150000000000,5680669,F,2016/05/12,48,Huntingdon,0,1,1,0,0,0,No,"2016-05-10 12:23:05",2
6270000000000,5680671,F,2016/05/12,58,Huntingdon,0,0,0,0,0,0,No,"2016-05-10 12:23:13",2
725000000000,5676401,M,2016/05/12,69,Huntingdon,0,0,0,0,0,0,No,"2016-05-09 15:40:29",3
6190000000000,5702483,F,2016/05/19,39,Cary,0,1,0,0,0,0,No,"2016-05-16 12:26:18",3
787000000000,5654746,F,2016/05/05,61,Silverton,0,1,0,0,0,0,No,"2016-05-03 15:12:22",2
