PatientId,AppointmentID,AppointmentDay,Neighbourhood,lead_time_days,prior_appointments,prior_no_shows,prior_no_show_rate,risk_tier
93800,5712759,2016/05/18,"Fort Worth",0,0,NULL,NULL,"New Patient - Monitor"
253866521,5563137,2016/04/29,Albany,21,0,NULL,NULL,"New Patient - Monitor"
318385314,5559991,2016/04/29,Orlando,21,0,NULL,NULL,"New Patient - Monitor"
422861257,5638450,2016/04/29,"Lenoir City",0,0,NULL,NULL,"New Patient - Monitor"
522886422,5633872,2016/04/29,"Mount Arlington",1,0,NULL,NULL,"New Patient - Monitor"
744463183,5539219,2016/04/29,Joplin,28,0,NULL,NULL,"New Patient - Monitor"
921668868,5694510,2016/05/17,"Miles City",4,0,NULL,NULL,"New Patient - Monitor"
967387793,5621683,2016/04/29,Billings,3,0,NULL,NULL,"New Patient - Monitor"
967387793,5621688,2016/04/29,Hartford,3,1,0,0.00,"Low Risk"
1335236927,5639853,2016/04/29,Dahlonega,0,0,NULL,NULL,"New Patient - Monitor"
1547488338,5638605,2016/04/29,Columbia,0,0,NULL,NULL,"New Patient - Monitor"
1781488635,5638166,2016/04/29,"Osage Beach",0,0,NULL,NULL,"New Patient - Monitor"
1787165631,5615631,2016/04/29,Billings,4,0,NULL,NULL,"New Patient - Monitor"
2345752713,5612123,2016/04/29,"Bay City",4,0,NULL,NULL,"New Patient - Monitor"
2433848392,5677151,2016/05/16,"Rocky Mount",7,0,NULL,NULL,"New Patient - Monitor"
2518486831,5636368,2016/04/29,Pittsburgh,1,0,NULL,NULL,"New Patient - Monitor"
2522418752,5715925,2016/05/20,Russellville,2,0,NULL,NULL,"New Patient - Monitor"
2668728544,5522825,2016/04/29,"Forest Grove",31,0,NULL,NULL,"New Patient - Monitor"
3183716914,5521207,2016/04/29,"Cripple Creek",31,0,NULL,NULL,"New Patient - Monitor"
3183716914,5521208,2016/04/29,Woodstock,31,1,0,0.00,"High Risk"
3423831496,5640766,2016/04/29,Coralville,0,0,NULL,NULL,"New Patient - Monitor"
3967992386,5567300,2016/04/29,"Bay City",18,0,NULL,NULL,"New Patient - Monitor"
4224295661,5385869,2016/04/29,Orlando,66,0,NULL,NULL,"New Patient - Monitor"
4252579869,5614880,2016/05/31,Bloomington,36,0,NULL,NULL,"New Patient - Monitor"
4497415116,5600826,2016/04/29,"Soddy Daisy",10,0,NULL,NULL,"New Patient - Monitor"
4497415116,5600825,2016/04/29,"Cedar Rapids",10,1,0,0.00,"High Risk"
4878186365,5569598,2016/04/29,Georgetown,18,0,NULL,NULL,"New Patient - Monitor"
5194887341,5534796,2016/04/29,Jasper,29,0,NULL,NULL,"New Patient - Monitor"
5219432953,5672368,2016/05/09,Ogunquit,0,0,NULL,NULL,"New Patient - Monitor"
5283221457,5641063,2016/04/29,Columbia,0,0,NULL,NULL,"New Patient - Monitor"
5342623392,5571781,2016/04/29,Dublin,17,0,NULL,NULL,"New Patient - Monitor"
6183944955,5712384,2016/05/18,"Rocky Mount",0,0,NULL,NULL,"New Patient - Monitor"
6368279598,5572791,2016/05/25,Saginaw,43,0,NULL,NULL,"New Patient - Monitor"
6714634847,5576760,2016/04/29,Dublin,16,0,NULL,NULL,"New Patient - Monitor"
7351196917,5696498,2016/05/13,Princeton,0,0,NULL,NULL,"New Patient - Monitor"
7395483193,5638837,2016/04/29,Roanoke,0,0,NULL,NULL,"New Patient - Monitor"
7545571887,5638465,2016/04/29,Mobile,0,0,NULL,NULL,"New Patient - Monitor"
7728476877,5507119,2016/04/29,Winthrop,37,0,NULL,NULL,"New Patient - Monitor"
8435223536,5641049,2016/04/29,Harrison,0,0,NULL,NULL,"New Patient - Monitor"
8435223536,5642784,2016/04/29,"Johnson City",0,1,0,0.00,"Low Risk"
8435223536,5639113,2016/04/29,Oconomowoc,0,2,0,0.00,"Low Risk"
8817234515,5640467,2016/04/29,Troy,0,0,NULL,NULL,"New Patient - Monitor"
8939553182,5575011,2016/04/29,Livermore,17,0,NULL,NULL,"New Patient - Monitor"
9267984617,5710118,2016/05/17,"Miles City",0,0,NULL,NULL,"New Patient - Monitor"
9458117812,5640554,2016/04/29,"Miles City",0,0,NULL,NULL,"New Patient - Monitor"
9528227943,5625832,2016/04/29,Saginaw,2,0,NULL,NULL,"New Patient - Monitor"
9534237248,5629353,2016/04/29,Calhoun,2,0,NULL,NULL,"New Patient - Monitor"
9551481585,5639481,2016/04/29,Indianapolis,0,0,NULL,NULL,"New Patient - Monitor"
9657623573,5631369,2016/04/29,"Johnson City",1,0,NULL,NULL,"New Patient - Monitor"
9691376446,5654826,2016/05/25,Tyler,22,0,NULL,NULL,"New Patient - Monitor"
9822273977,5668956,2016/05/06,"Max Meadows",0,0,NULL,NULL,"New Patient - Monitor"
9822273977,5676748,2016/05/17,Chattanooga,8,1,0,0.00,"High Risk"
9828549939,5719707,2016/05/25,Saginaw,6,0,NULL,NULL,"New Patient - Monitor"
9943728829,5591000,2016/04/29,Lubbock,14,0,NULL,NULL,"New Patient - Monitor"
13238621341,5589049,2016/04/29,Vandalia,14,0,NULL,NULL,"New Patient - Monitor"
13396766884,5636371,2016/05/13,Dublin,15,0,NULL,NULL,"New Patient - Monitor"
13621981994,5562486,2016/04/29,"Forest Grove",21,0,NULL,NULL,"New Patient - Monitor"
14425282691,5633115,2016/04/29,"Cripple Creek",1,0,NULL,NULL,"New Patient - Monitor"
14431634464,5711987,2016/05/18,Gardena,0,0,NULL,NULL,"New Patient - Monitor"
14569146776,5534604,2016/04/29,Roanoke,29,0,NULL,NULL,"New Patient - Monitor"
14817536338,5556369,2016/05/25,"Twin Mountain",48,0,NULL,NULL,"New Patient - Monitor"
14844682413,5631661,2016/04/29,Sarasota,1,0,NULL,NULL,"New Patient - Monitor"
14844682413,5641298,2016/04/29,Macon,0,1,0,0.00,"Low Risk"
15347269128,5620070,2016/04/29,"Fort Worth",3,0,NULL,NULL,"New Patient - Monitor"
15347269128,5620065,2016/04/29,Sarasota,3,1,0,0.00,"Low Risk"
15548196394,5694516,2016/05/17,"Mount Arlington",4,0,NULL,NULL,"New Patient - Monitor"
16174718963,5560231,2016/05/06,"Oak Harbor",28,0,NULL,NULL,"New Patient - Monitor"
16179957944,5483431,2016/04/29,Livermore,43,0,NULL,NULL,"New Patient - Monitor"
16515873865,5684699,2016/05/11,"Mount Arlington",0,0,NULL,NULL,"New Patient - Monitor"
16515873865,5714574,2016/05/19,Troy,1,1,0,0.00,"Low Risk"
16612293298,5638631,2016/04/29,"Cripple Creek",0,0,NULL,NULL,"New Patient - Monitor"
16857845516,5626149,2016/04/29,Albany,2,0,NULL,NULL,"New Patient - Monitor"
18177912587,5560948,2016/05/05,Newport,27,0,NULL,NULL,"New Patient - Monitor"
18263762174,5539205,2016/04/29,Moore,28,0,NULL,NULL,"New Patient - Monitor"
18513678411,5641341,2016/04/29,"Lenoir City",0,0,NULL,NULL,"New Patient - Monitor"
18875363788,5577656,2016/05/17,"Saint Louis",34,0,NULL,NULL,"New Patient - Monitor"
19252634865,5636933,2016/04/29,Hartford,1,0,NULL,NULL,"New Patient - Monitor"
19252634865,5636932,2016/04/29,Moore,1,1,0,0.00,"Low Risk"
21146654496,5640313,2016/04/29,Hartford,0,0,NULL,NULL,"New Patient - Monitor"
21623883455,5625225,2016/04/29,Dublin,2,0,NULL,NULL,"New Patient - Monitor"
22357227114,5489434,2016/04/29,Indianapolis,42,0,NULL,NULL,"New Patient - Monitor"
22728487413,5626179,2016/04/29,Victorville,2,0,NULL,NULL,"New Patient - Monitor"
22945132778,5490135,2016/05/03,Mercer,46,0,NULL,NULL,"New Patient - Monitor"
23237429637,5677107,2016/05/18,Vandalia,9,0,NULL,NULL,"New Patient - Monitor"
23946273141,5646517,2016/05/04,Columbia,2,0,NULL,NULL,"New Patient - Monitor"
23954772686,5629428,2016/04/29,Cambridge,2,0,NULL,NULL,"New Patient - Monitor"
24448321454,5639248,2016/04/29,"Fort Collins",0,0,NULL,NULL,"New Patient - Monitor"
24494241866,5562707,2016/04/29,Dublin,21,0,NULL,NULL,"New Patient - Monitor"
24665778627,5631834,2016/04/29,Mobile,1,0,NULL,NULL,"New Patient - Monitor"
24677643658,5728835,2016/05/25,Corbin,5,0,NULL,NULL,"New Patient - Monitor"
25127764435,5575088,2016/04/29,Pittsburgh,17,0,NULL,NULL,"New Patient - Monitor"
25565387374,5626225,2016/04/29,Appleton,2,0,NULL,NULL,"New Patient - Monitor"
25787851512,5641781,2016/04/29,"Battle Creek",0,0,NULL,NULL,"New Patient - Monitor"
25789196743,5676528,2016/05/12,Newport,3,0,NULL,NULL,"New Patient - Monitor"
26356187571,5628696,2016/04/29,Sarasota,2,0,NULL,NULL,"New Patient - Monitor"
27377272363,5641348,2016/04/29,"Fort Worth",0,0,NULL,NULL,"New Patient - Monitor"
27557657588,5638743,2016/04/29,"Saint Louis",0,0,NULL,NULL,"New Patient - Monitor"
27561993676,5518442,2016/04/29,Bloomington,31,0,NULL,NULL,"New Patient - Monitor"
27737444456,5639697,2016/04/29,Huntingdon,0,0,NULL,NULL,"New Patient - Monitor"
27756475936,5694526,2016/05/17,Vandalia,4,0,NULL,NULL,"New Patient - Monitor"
27989988316,5641779,2016/04/29,"Charles Town",0,0,NULL,NULL,"New Patient - Monitor"
28397923228,5677154,2016/05/16,"Mount Arlington",7,0,NULL,NULL,"New Patient - Monitor"
28711224327,5505726,2016/04/29,Sarasota,37,0,NULL,NULL,"New Patient - Monitor"
29758124472,5737107,2016/05/25,Eugene,0,0,NULL,NULL,"New Patient - Monitor"
31436859172,5583721,2016/04/29,Harrison,15,0,NULL,NULL,"New Patient - Monitor"
31672722812,5676086,2016/05/11,Dublin,2,0,NULL,NULL,"New Patient - Monitor"
31689438387,5677124,2016/05/19,Raleigh,10,0,NULL,NULL,"New Patient - Monitor"
31689438387,5715960,2016/05/20,Worthington,2,1,0,0.00,"Low Risk"
31824245816,5637750,2016/04/29,Roanoke,0,0,NULL,NULL,"New Patient - Monitor"
32351482915,5625136,2016/04/29,Altoona,2,0,NULL,NULL,"New Patient - Monitor"
33462963561,5682691,2016/05/13,Leesburg,3,0,NULL,NULL,"New Patient - Monitor"
34442989657,5618132,2016/04/29,Gardena,3,0,NULL,NULL,"New Patient - Monitor"
35771471862,5490867,2016/04/29,Warren,42,0,NULL,NULL,"New Patient - Monitor"
36154754384,5625157,2016/04/29,"Oak Harbor",2,0,NULL,NULL,"New Patient - Monitor"
36552391273,5498114,2016/04/29,Dahlonega,38,0,NULL,NULL,"New Patient - Monitor"
37243727216,5639979,2016/04/29,Joplin,0,0,NULL,NULL,"New Patient - Monitor"
37271728719,5638148,2016/04/29,Ogunquit,0,0,NULL,NULL,"New Patient - Monitor"
37814755181,5534318,2016/04/29,Clanton,29,0,NULL,NULL,"New Patient - Monitor"
38169498335,5578351,2016/05/12,Woodland,29,0,NULL,NULL,"New Patient - Monitor"
38247915222,5604188,2016/04/29,"Miles City",9,0,NULL,NULL,"New Patient - Monitor"
38352569886,5554260,2016/04/29,Garberville,22,0,NULL,NULL,"New Patient - Monitor"
38962632722,5578518,2016/04/29,Calhoun,16,0,NULL,NULL,"New Patient - Monitor"
38962632722,5578517,2016/04/29,Auburn,16,1,1,1.00,"High Risk"
39225442597,5646458,2016/05/09,Mercer,7,0,NULL,NULL,"New Patient - Monitor"
39973353671,5521865,2016/04/29,Lagrange,31,0,NULL,NULL,"New Patient - Monitor"
41195128225,5638121,2016/04/29,Valentine,0,0,NULL,NULL,"New Patient - Monitor"
41487772512,5629737,2016/04/29,Sikeston,2,0,NULL,NULL,"New Patient - Monitor"
41787422569,5536723,2016/04/29,Sarasota,28,0,NULL,NULL,"New Patient - Monitor"
42155625898,5698769,2016/05/16,Lexington,0,0,NULL,NULL,"New Patient - Monitor"
43522667322,5630247,2016/04/29,Chattanooga,2,0,NULL,NULL,"New Patient - Monitor"
44262765913,5619076,2016/04/29,Roanoke,3,0,NULL,NULL,"New Patient - Monitor"
44374447177,5624177,2016/04/29,Oconomowoc,3,0,NULL,NULL,"New Patient - Monitor"
44454518353,5706152,2016/05/17,Chattanooga,0,0,NULL,NULL,"New Patient - Monitor"
44879439571,5638235,2016/04/29,Worthington,0,0,NULL,NULL,"New Patient - Monitor"
45224149774,5707153,2016/05/18,"Fort Wayne",1,0,NULL,NULL,"New Patient - Monitor"
45323163235,5628425,2016/04/29,"Fort Worth",2,0,NULL,NULL,"New Patient - Monitor"
45387813178,5732260,2016/05/30,"Williams Bay",6,0,NULL,NULL,"New Patient - Monitor"
45555578626,5569865,2016/04/29,Columbia,17,0,NULL,NULL,"New Patient - Monitor"
45555578626,5637937,2016/04/29,"Palm Springs",0,1,1,1.00,"High Risk"
45776871772,5639986,2016/04/29,Troy,0,0,NULL,NULL,"New Patient - Monitor"
46743846962,5646967,2016/05/04,Cambridge,2,0,NULL,NULL,"New Patient - Monitor"
46813661897,5588131,2016/05/05,Coralville,20,0,NULL,NULL,"New Patient - Monitor"
47132785262,5636076,2016/04/29,"Fort Worth",1,0,NULL,NULL,"New Patient - Monitor"
48956634469,5504588,2016/04/29,Douglasville,37,0,NULL,NULL,"New Patient - Monitor"
49187448629,5712462,2016/05/20,Brockton,2,0,NULL,NULL,"New Patient - Monitor"
49832537585,5609553,2016/05/18,Gorham,28,0,NULL,NULL,"New Patient - Monitor"
51419337233,5552772,2016/05/10,"Twin Mountain",34,0,NULL,NULL,"New Patient - Monitor"
51686844695,5707166,2016/05/18,Corbin,1,0,NULL,NULL,"New Patient - Monitor"
51896556266,5715162,2016/05/19,"Lake Lure",1,0,NULL,NULL,"New Patient - Monitor"
51896556266,5738529,2016/05/31,"Lake Lure",6,1,0,0.00,"Medium Risk"
53189235487,5639489,2016/04/29,Albany,0,0,NULL,NULL,"New Patient - Monitor"
53196727171,5640269,2016/04/29,Macon,0,0,NULL,NULL,"New Patient - Monitor"
53628917368,5641228,2016/04/29,"Osage Beach",0,0,NULL,NULL,"New Patient - Monitor"
53924187266,5641476,2016/04/29,"Cripple Creek",0,0,NULL,NULL,"New Patient - Monitor"
54672661869,5629523,2016/04/29,Victorville,2,0,NULL,NULL,"New Patient - Monitor"
55379236939,5638542,2016/04/29,Bryant,0,0,NULL,NULL,"New Patient - Monitor"
55842268592,5732461,2016/05/30,Douglasville,6,0,NULL,NULL,"New Patient - Monitor"
55986161184,5532316,2016/04/29,Dahlonega,29,0,NULL,NULL,"New Patient - Monitor"
56548277857,5599183,2016/04/29,Aspen,10,0,NULL,NULL,"New Patient - Monitor"
56548277857,5599192,2016/04/29,Carlsbad,10,1,1,1.00,"High Risk"
56692679146,5681211,2016/05/18,"Castle Rock",8,0,NULL,NULL,"New Patient - Monitor"
57789887931,5322246,2016/05/16,Bradenton,103,0,NULL,NULL,"New Patient - Monitor"
58265189621,5605995,2016/04/29,Lexington,9,0,NULL,NULL,"New Patient - Monitor"
58484372618,5478508,2016/04/29,Madisonville,44,0,NULL,NULL,"New Patient - Monitor"
58592639111,5640228,2016/04/29,Olathe,0,0,NULL,NULL,"New Patient - Monitor"
59333852786,5562532,2016/05/25,Oconomowoc,47,0,NULL,NULL,"New Patient - Monitor"
59445133189,5718734,2016/05/25,"Grand Junction",6,0,NULL,NULL,"New Patient - Monitor"
59533349681,5637872,2016/04/29,"Battle Creek",0,0,NULL,NULL,"New Patient - Monitor"
59564484672,5457824,2016/05/11,Ogunquit,61,0,NULL,NULL,"New Patient - Monitor"
59626275835,5531303,2016/04/29,Calhoun,29,0,NULL,NULL,"New Patient - Monitor"
61893284664,5578980,2016/04/29,Calhoun,16,0,NULL,NULL,"New Patient - Monitor"
62299458551,5570118,2016/05/11,"Oak Harbor",29,0,NULL,NULL,"New Patient - Monitor"
62379291326,5628648,2016/04/29,Newport,2,0,NULL,NULL,"New Patient - Monitor"
63214315353,5716218,2016/05/20,"Soddy Daisy",2,0,NULL,NULL,"New Patient - Monitor"
63428437855,5430959,2016/04/29,Cary,56,0,NULL,NULL,"New Patient - Monitor"
64498118518,5636980,2016/04/29,Dublin,1,0,NULL,NULL,"New Patient - Monitor"
64498118518,5636977,2016/04/29,Calhoun,1,1,0,0.00,"Low Risk"
64646567849,5661332,2016/05/06,Blythewood,1,0,NULL,NULL,"New Patient - Monitor"
64666919787,5640468,2016/04/29,"Bella Vista",0,0,NULL,NULL,"New Patient - Monitor"
64926864451,5596046,2016/04/29,"Saint Louis",11,0,NULL,NULL,"New Patient - Monitor"
64934635841,5636530,2016/04/29,"Charles Town",1,0,NULL,NULL,"New Patient - Monitor"
65448689531,5637358,2016/04/29,"Bella Vista",1,0,NULL,NULL,"New Patient - Monitor"
65556286469,5576805,2016/04/29,Billings,16,0,NULL,NULL,"New Patient - Monitor"
65565257915,5677135,2016/05/20,Gardena,11,0,NULL,NULL,"New Patient - Monitor"
65565257915,5728836,2016/05/24,Gardena,4,1,1,1.00,"High Risk"
66314344693,5640641,2016/04/29,Mullins,0,0,NULL,NULL,"New Patient - Monitor"
66385679235,5493991,2016/04/29,Cary,39,0,NULL,NULL,"New Patient - Monitor"
66494969535,5539130,2016/04/29,Albany,28,0,NULL,NULL,"New Patient - Monitor"
67756552131,5479020,2016/04/29,"Lenoir City",44,0,NULL,NULL,"New Patient - Monitor"
68165314285,5621135,2016/04/29,"Miles City",3,0,NULL,NULL,"New Patient - Monitor"
68281618582,5636070,2016/04/29,"Rocky Mount",1,0,NULL,NULL,"New Patient - Monitor"
68875168461,5598475,2016/04/29,Plainfield,10,0,NULL,NULL,"New Patient - Monitor"
69232637513,5615016,2016/05/31,Grayling,36,0,NULL,NULL,"New Patient - Monitor"
72658625567,5608932,2016/04/29,Winthrop,9,0,NULL,NULL,"New Patient - Monitor"
73253585346,5637554,2016/04/29,Victorville,0,0,NULL,NULL,"New Patient - Monitor"
73365797377,5689653,2016/05/16,"Castle Rock",4,0,NULL,NULL,"New Patient - Monitor"
73698268241,5637522,2016/04/29,Cary,0,0,NULL,NULL,"New Patient - Monitor"
74115928841,5572303,2016/04/29,Gardena,17,0,NULL,NULL,"New Patient - Monitor"
74335992338,5639302,2016/05/02,Chattanooga,3,0,NULL,NULL,"New Patient - Monitor"
74335992338,5708929,2016/05/17,"Little River",0,1,1,1.00,"High Risk"
74617182468,5590978,2016/04/29,Gardena,14,0,NULL,NULL,"New Patient - Monitor"
75927489941,5631109,2016/04/29,Ogunquit,2,0,NULL,NULL,"New Patient - Monitor"
76542214594,5612431,2016/04/29,Gretna,4,0,NULL,NULL,"New Patient - Monitor"
77543553483,5641813,2016/04/29,Roanoke,0,0,NULL,NULL,"New Patient - Monitor"
78549546682,5589091,2016/04/29,Princeton,14,0,NULL,NULL,"New Patient - Monitor"
79347781684,5630445,2016/04/29,Hampton,2,0,NULL,NULL,"New Patient - Monitor"
79385681333,5680694,2016/05/12,Mullins,2,0,NULL,NULL,"New Patient - Monitor"
81217869379,5637543,2016/04/29,Eugene,0,0,NULL,NULL,"New Patient - Monitor"
82186114497,5636832,2016/04/29,"Miles City",1,0,NULL,NULL,"New Patient - Monitor"
82799595198,5595396,2016/04/29,"Little River",11,0,NULL,NULL,"New Patient - Monitor"
82915128241,5640474,2016/04/29,"Fort Wayne",0,0,NULL,NULL,"New Patient - Monitor"
82915128241,5640633,2016/04/29,Douglasville,0,1,0,0.00,"Low Risk"
83287147316,5625142,2016/04/29,Lagrange,2,0,NULL,NULL,"New Patient - Monitor"
84281639584,5659705,2016/05/04,Eugene,0,0,NULL,NULL,"New Patient - Monitor"
84466359152,5631417,2016/04/29,"Fort Worth",1,0,NULL,NULL,"New Patient - Monitor"
84967383742,5625158,2016/04/29,Vandalia,2,0,NULL,NULL,"New Patient - Monitor"
85457935622,5587875,2016/04/29,Dahlonega,14,0,NULL,NULL,"New Patient - Monitor"
85887171578,5603072,2016/05/25,Ogunquit,36,0,NULL,NULL,"New Patient - Monitor"
85976977119,5497614,2016/04/29,Troy,39,0,NULL,NULL,"New Patient - Monitor"
85997128896,5629906,2016/04/29,Mobile,2,0,NULL,NULL,"New Patient - Monitor"
87855174624,5709062,2016/05/19,"Oak Harbor",2,0,NULL,NULL,"New Patient - Monitor"
88976772212,5640071,2016/04/29,Vandalia,0,0,NULL,NULL,"New Patient - Monitor"
89413383318,5361416,2016/04/29,Griffin,72,0,NULL,NULL,"New Patient - Monitor"
91645777599,5607919,2016/04/29,Cary,9,0,NULL,NULL,"New Patient - Monitor"
92199621521,5622696,2016/04/29,Ogunquit,3,0,NULL,NULL,"New Patient - Monitor"
92646467998,5525358,2016/04/29,Gardena,30,0,NULL,NULL,"New Patient - Monitor"
93934745867,5640134,2016/05/03,"Miles City",4,0,NULL,NULL,"New Patient - Monitor"
94339872718,5587466,2016/04/29,"Fort Worth",14,0,NULL,NULL,"New Patient - Monitor"
94797911842,5605136,2016/04/29,Gardena,9,0,NULL,NULL,"New Patient - Monitor"
95292445811,5489053,2016/04/29,Lagrange,42,0,NULL,NULL,"New Patient - Monitor"
95295827342,5560893,2016/04/29,Bryant,21,0,NULL,NULL,"New Patient - Monitor"
95622993624,5619187,2016/04/29,"Forest Grove",3,0,NULL,NULL,"New Patient - Monitor"
97599711357,5637700,2016/04/29,Orlando,0,0,NULL,NULL,"New Patient - Monitor"
97829695116,5641926,2016/04/29,Lincolnton,0,0,NULL,NULL,"New Patient - Monitor"
98247527761,5544381,2016/04/29,Orlando,24,0,NULL,NULL,"New Patient - Monitor"
98379235869,5621514,2016/04/29,Dahlonega,3,0,NULL,NULL,"New Patient - Monitor"
98791544133,5546661,2016/04/29,Livermore,24,0,NULL,NULL,"New Patient - Monitor"
99612996974,5637524,2016/04/29,Sarasota,0,0,NULL,NULL,"New Patient - Monitor"
99637671331,5642880,2016/04/29,Bryant,0,0,NULL,NULL,"New Patient - Monitor"
99948393975,5620206,2016/04/29,Montgomery,3,0,NULL,NULL,"New Patient - Monitor"
99991756798,5659018,2016/05/06,"Little River",2,0,NULL,NULL,"New Patient - Monitor"
99991756798,5725082,2016/05/25,Coralville,5,1,0,0.00,"Medium Risk"
112000000000,5625156,2016/04/29,"Rocky Mount",2,0,NULL,NULL,"New Patient - Monitor"
112000000000,5590244,2016/04/29,"Saint Louis",14,1,1,1.00,"High Risk"
112000000000,5638341,2016/04/29,Pittsburgh,0,2,2,1.00,"High Risk"
115000000000,5505247,2016/05/04,"Grand Junction",42,0,NULL,NULL,"New Patient - Monitor"
116000000000,5466013,2016/04/29,Cary,46,0,NULL,NULL,"New Patient - Monitor"
116000000000,5628457,2016/04/29,Gardena,2,1,0,0.00,"Low Risk"
118000000000,5646477,2016/05/11,Leesburg,9,0,NULL,NULL,"New Patient - Monitor"
122000000000,5549999,2016/05/12,Burlington,36,0,NULL,NULL,"New Patient - Monitor"
125000000000,5641893,2016/04/29,Sikeston,0,0,NULL,NULL,"New Patient - Monitor"
127000000000,5719582,2016/05/25,Boone,6,0,NULL,NULL,"New Patient - Monitor"
131000000000,5598004,2016/04/29,Leesburg,10,0,NULL,NULL,"New Patient - Monitor"
132000000000,5704991,2016/05/24,Charlotte,8,0,NULL,NULL,"New Patient - Monitor"
133000000000,5640107,2016/04/29,Lagrange,0,0,NULL,NULL,"New Patient - Monitor"
133000000000,5488430,2016/04/29,Livermore,42,1,0,0.00,"High Risk"
137000000000,5594094,2016/04/29,Cambridge,11,0,NULL,NULL,"New Patient - Monitor"
137000000000,5652608,2016/05/04,Garberville,1,1,1,1.00,"High Risk"
137000000000,5591315,2016/05/12,"Lake Lure",27,2,2,1.00,"High Risk"
137000000000,5692741,2016/05/17,Auburn,5,3,3,1.00,"High Risk"
138000000000,5615608,2016/04/29,"Lake Lure",4,0,NULL,NULL,"New Patient - Monitor"
138000000000,5523287,2016/04/29,Enterprise,31,1,0,0.00,"High Risk"
139000000000,5641736,2016/04/29,Raton,0,0,NULL,NULL,"New Patient - Monitor"
139000000000,5614431,2016/05/25,"Castle Rock",30,1,0,0.00,"High Risk"
140000000000,5648597,2016/05/02,Huntingdon,0,0,NULL,NULL,"New Patient - Monitor"
142000000000,5635691,2016/04/29,"Mount Arlington",1,0,NULL,NULL,"New Patient - Monitor"
144000000000,5561975,2016/05/04,Hampton,26,0,NULL,NULL,"New Patient - Monitor"
144000000000,5677098,2016/05/11,Bryant,2,1,0,0.00,"Low Risk"
146000000000,5669394,2016/05/10,Huntingdon,4,0,NULL,NULL,"New Patient - Monitor"
149000000000,5639132,2016/04/29,"Battle Creek",0,0,NULL,NULL,"New Patient - Monitor"
149000000000,5597632,2016/04/29,Orlando,11,1,0,0.00,"High Risk"
152000000000,5666538,2016/05/18,Columbus,13,0,NULL,NULL,"New Patient - Monitor"
153000000000,5558627,2016/04/29,Lagrange,22,0,NULL,NULL,"New Patient - Monitor"
153000000000,5558626,2016/04/29,Lagrange,22,1,1,1.00,"High Risk"
153000000000,5677115,2016/05/16,Orlando,7,2,2,1.00,"High Risk"
154000000000,5638633,2016/04/29,Vandalia,0,0,NULL,NULL,"New Patient - Monitor"
155000000000,5642250,2016/04/29,"Clinton Township",0,0,NULL,NULL,"New Patient - Monitor"
155000000000,5638155,2016/04/29,Albuquerque,0,1,0,0.00,"Low Risk"
155000000000,5531208,2016/04/29,Albany,29,2,0,0.00,"High Risk"
156000000000,5628855,2016/04/29,"Clinton Township",2,0,NULL,NULL,"New Patient - Monitor"
156000000000,5712071,2016/05/19,Montgomery,1,1,1,1.00,"High Risk"
168000000000,5719706,2016/05/25,"Soddy Daisy",6,0,NULL,NULL,"New Patient - Monitor"
169000000000,5637528,2016/04/29,Dublin,0,0,NULL,NULL,"New Patient - Monitor"
169000000000,5632916,2016/04/29,Enterprise,1,1,0,0.00,"Low Risk"
169000000000,5542224,2016/04/29,Sarasota,24,2,0,0.00,"High Risk"
169000000000,5594108,2016/05/20,Newport,32,3,0,0.00,"High Risk"
172000000000,5629513,2016/04/29,Saginaw,2,0,NULL,NULL,"New Patient - Monitor"
173000000000,5638480,2016/04/29,"Battle Creek",0,0,NULL,NULL,"New Patient - Monitor"
173000000000,5631239,2016/04/29,"Eau Claire",2,1,0,0.00,"Low Risk"
173000000000,5626139,2016/04/29,Columbia,2,2,0,0.00,"Low Risk"
173000000000,5586620,2016/04/29,Macon,14,3,1,0.33,"High Risk"
174000000000,5451632,2016/04/29,"Saint Louis",50,0,NULL,NULL,"New Patient - Monitor"
175000000000,5577103,2016/04/29,"Saint Louis",16,0,NULL,NULL,"New Patient - Monitor"
178000000000,5499423,2016/04/29,Billings,38,0,NULL,NULL,"New Patient - Monitor"
178000000000,5593357,2016/04/29,Boone,11,1,0,0.00,"High Risk"
180000000000,5719941,2016/05/24,"Forest Grove",5,0,NULL,NULL,"New Patient - Monitor"
181000000000,5518216,2016/04/29,"Castle Rock",31,0,NULL,NULL,"New Patient - Monitor"
183000000000,5638939,2016/04/29,Coralville,0,0,NULL,NULL,"New Patient - Monitor"
183000000000,5633137,2016/04/29,Victorville,1,1,0,0.00,"Low Risk"
183000000000,5677392,2016/05/10,Albany,0,2,0,0.00,"Low Risk"
183000000000,5705002,2016/05/24,Dahlonega,8,3,0,0.00,"High Risk"
185000000000,5621899,2016/05/31,Mobile,35,0,NULL,NULL,"New Patient - Monitor"
186000000000,5603851,2016/04/29,Mobile,9,0,NULL,NULL,"New Patient - Monitor"
188000000000,5640130,2016/05/03,"Bella Vista",4,0,NULL,NULL,"New Patient - Monitor"
189000000000,5646420,2016/05/13,"El Reno",11,0,NULL,NULL,"New Patient - Monitor"
191000000000,5638491,2016/04/29,Vandalia,0,0,NULL,NULL,"New Patient - Monitor"
194000000000,5740038,2016/05/31,Douglasville,6,0,NULL,NULL,"New Patient - Monitor"
198000000000,5600111,2016/05/25,Coralville,36,0,NULL,NULL,"New Patient - Monitor"
199000000000,5494047,2016/04/29,Douglasville,39,0,NULL,NULL,"New Patient - Monitor"
212000000000,5532198,2016/04/29,Blythewood,29,0,NULL,NULL,"New Patient - Monitor"
214000000000,5603614,2016/04/29,Jasper,9,0,NULL,NULL,"New Patient - Monitor"
215000000000,5641770,2016/04/29,Deerfield,0,0,NULL,NULL,"New Patient - Monitor"
215000000000,5640652,2016/04/29,"Twin Mountain",0,1,0,0.00,"Low Risk"
216000000000,5625106,2016/04/29,Lagrange,2,0,NULL,NULL,"New Patient - Monitor"
219000000000,5607394,2016/04/29,Princeton,9,0,NULL,NULL,"New Patient - Monitor"
221000000000,5499164,2016/04/29,Cambridge,38,0,NULL,NULL,"New Patient - Monitor"
221000000000,5606639,2016/04/29,Macon,9,1,0,0.00,"High Risk"
221000000000,5646434,2016/05/10,"Rocky Mount",8,2,1,0.50,"High Risk"
224000000000,5639962,2016/04/29,"Mount Arlington",0,0,NULL,NULL,"New Patient - Monitor"
227000000000,5602856,2016/04/29,Lagrange,10,0,NULL,NULL,"New Patient - Monitor"
227000000000,5599889,2016/04/29,"Cripple Creek",10,1,1,1.00,"High Risk"
227000000000,5637742,2016/04/29,"Cedar Rapids",0,2,1,0.50,"High Risk"
227000000000,5639500,2016/04/29,Livermore,0,3,1,0.33,"Medium Risk"
227000000000,5634115,2016/04/29,Vandalia,1,4,1,0.25,"Medium Risk"
231000000000,5515907,2016/04/29,"Charles Town",32,0,NULL,NULL,"New Patient - Monitor"
231000000000,5570052,2016/05/16,"Oak Harbor",34,1,0,0.00,"High Risk"
232000000000,5676036,2016/05/12,Eureka,3,0,NULL,NULL,"New Patient - Monitor"
233000000000,5640752,2016/04/29,Midway,0,0,NULL,NULL,"New Patient - Monitor"
235000000000,5413185,2016/04/29,Lexington,59,0,NULL,NULL,"New Patient - Monitor"
237000000000,5654797,2016/05/05,Brockton,2,0,NULL,NULL,"New Patient - Monitor"
238000000000,5532452,2016/04/29,Douglasville,29,0,NULL,NULL,"New Patient - Monitor"
249000000000,5633839,2016/04/29,Bryant,1,0,NULL,NULL,"New Patient - Monitor"
251000000000,5641440,2016/04/29,Woodstock,0,0,NULL,NULL,"New Patient - Monitor"
254000000000,5669183,2016/05/06,Auburn,0,0,NULL,NULL,"New Patient - Monitor"
254000000000,5527397,2016/05/06,"Elk City",37,1,0,0.00,"High Risk"
256000000000,5628649,2016/04/29,Bryant,2,0,NULL,NULL,"New Patient - Monitor"
256000000000,5625254,2016/04/29,Columbia,2,1,1,1.00,"High Risk"
256000000000,5710632,2016/05/18,"Battle Creek",1,2,1,0.50,"High Risk"
256000000000,5740662,2016/05/31,Boone,6,3,1,0.33,"Medium Risk"
257000000000,5590418,2016/04/29,Winthrop,14,0,NULL,NULL,"New Patient - Monitor"
258000000000,5639099,2016/04/29,Oconomowoc,0,0,NULL,NULL,"New Patient - Monitor"
258000000000,5640300,2016/04/29,Batesville,0,1,0,0.00,"Low Risk"
258000000000,5641056,2016/04/29,Eugene,0,2,0,0.00,"Low Risk"
258000000000,5642783,2016/04/29,Auburn,0,3,0,0.00,"Low Risk"
259000000000,5594546,2016/05/30,Burlington,42,0,NULL,NULL,"New Patient - Monitor"
260000000000,5607093,2016/04/29,"Max Meadows",9,0,NULL,NULL,"New Patient - Monitor"
260000000000,5624843,2016/04/29,Oconomowoc,3,1,1,1.00,"High Risk"
260000000000,5607092,2016/04/29,Lexington,9,2,1,0.50,"High Risk"
262000000000,5609931,2016/04/29,Dublin,9,0,NULL,NULL,"New Patient - Monitor"
262000000000,5637980,2016/04/29,Huntingdon,0,1,1,1.00,"High Risk"
262000000000,5649165,2016/05/03,Blythewood,1,2,1,0.50,"High Risk"
264000000000,5588673,2016/05/19,Hampton,34,0,NULL,NULL,"New Patient - Monitor"
265000000000,5638370,2016/04/29,Albany,0,0,NULL,NULL,"New Patient - Monitor"
268000000000,5738044,2016/05/31,Garberville,6,0,NULL,NULL,"New Patient - Monitor"
270000000000,5639571,2016/04/29,Eugene,0,0,NULL,NULL,"New Patient - Monitor"
271000000000,5677161,2016/05/18,Saginaw,9,0,NULL,NULL,"New Patient - Monitor"
274000000000,5635414,2016/04/29,"Williams Bay",1,0,NULL,NULL,"New Patient - Monitor"
276000000000,5677110,2016/05/20,Dublin,11,0,NULL,NULL,"New Patient - Monitor"
282000000000,5684449,2016/05/13,Coralville,2,0,NULL,NULL,"New Patient - Monitor"
284000000000,5605666,2016/05/06,"Palm Springs",16,0,NULL,NULL,"New Patient - Monitor"
284000000000,5605671,2016/05/20,"Lenoir City",30,1,1,1.00,"High Risk"
284000000000,5732378,2016/05/30,"Rocky Mount",6,2,1,0.50,"High Risk"
284000000000,5605673,2016/05/30,Winthrop,40,3,1,0.33,"High Risk"
285000000000,5677144,2016/05/19,Sikeston,10,0,NULL,NULL,"New Patient - Monitor"
287000000000,5600151,2016/04/29,Joplin,10,0,NULL,NULL,"New Patient - Monitor"
291000000000,5508680,2016/04/29,Raleigh,37,0,NULL,NULL,"New Patient - Monitor"
294000000000,5625759,2016/04/29,Calhoun,2,0,NULL,NULL,"New Patient - Monitor"
294000000000,5590793,2016/04/29,Hartford,14,1,0,0.00,"High Risk"
294000000000,5660644,2016/05/06,Lamar,2,2,1,0.50,"High Risk"
298000000000,5645806,2016/05/04,Albuquerque,2,0,NULL,NULL,"New Patient - Monitor"
299000000000,5478830,2016/04/29,Spearfish,44,0,NULL,NULL,"New Patient - Monitor"
299000000000,5638759,2016/04/29,Albany,0,1,0,0.00,"Low Risk"
311000000000,5628907,2016/04/29,Columbia,2,0,NULL,NULL,"New Patient - Monitor"
313000000000,5642297,2016/04/29,"Battle Creek",0,0,NULL,NULL,"New Patient - Monitor"
314000000000,5604424,2016/04/29,Mercer,9,0,NULL,NULL,"New Patient - Monitor"
314000000000,5638776,2016/04/29,Raton,0,1,0,0.00,"Low Risk"
314000000000,5715606,2016/05/25,"Fort Worth",7,2,0,0.00,"Medium Risk"
315000000000,5694778,2016/05/18,Livermore,5,0,NULL,NULL,"New Patient - Monitor"
320000000000,5640366,2016/04/29,"El Reno",0,0,NULL,NULL,"New Patient - Monitor"
322000000000,5624102,2016/04/29,Bradenton,3,0,NULL,NULL,"New Patient - Monitor"
322000000000,5530209,2016/04/29,Leesburg,29,1,0,0.00,"High Risk"
327000000000,5627215,2016/04/29,Leesburg,2,0,NULL,NULL,"New Patient - Monitor"
327000000000,5630472,2016/04/29,Dahlonega,2,1,0,0.00,"Low Risk"
329000000000,5546448,2016/04/29,Leesburg,24,0,NULL,NULL,"New Patient - Monitor"
331000000000,5617313,2016/04/29,Roanoke,4,0,NULL,NULL,"New Patient - Monitor"
331000000000,5638618,2016/04/29,Leesburg,0,1,0,0.00,"Low Risk"
332000000000,5669373,2016/05/10,"Miles City",4,0,NULL,NULL,"New Patient - Monitor"
333000000000,5577078,2016/05/03,Columbia,20,0,NULL,NULL,"New Patient - Monitor"
333000000000,5577062,2016/05/11,Columbia,28,1,0,0.00,"High Risk"
334000000000,5666219,2016/05/11,Chattanooga,6,0,NULL,NULL,"New Patient - Monitor"
334000000000,5681966,2016/05/12,Orlando,2,1,0,0.00,"Low Risk"
336000000000,5640036,2016/04/29,Jasper,0,0,NULL,NULL,"New Patient - Monitor"
336000000000,5639619,2016/04/29,Plainfield,0,1,0,0.00,"Low Risk"
337000000000,5633767,2016/04/29,Mullins,1,0,NULL,NULL,"New Patient - Monitor"
338000000000,5632709,2016/04/29,Carlsbad,1,0,NULL,NULL,"New Patient - Monitor"
339000000000,5466619,2016/04/29,Pittsburgh,46,0,NULL,NULL,"New Patient - Monitor"
339000000000,5630184,2016/04/29,Charlotte,2,1,1,1.00,"High Risk"
342000000000,5576302,2016/04/29,"Saint Louis",16,0,NULL,NULL,"New Patient - Monitor"
343000000000,5628068,2016/04/29,Albany,2,0,NULL,NULL,"New Patient - Monitor"
349000000000,5457766,2016/05/04,Oconomowoc,54,0,NULL,NULL,"New Patient - Monitor"
349000000000,5723232,2016/05/20,"Battle Creek",0,1,0,0.00,"Low Risk"
350000000000,5638769,2016/04/29,Troy,0,0,NULL,NULL,"New Patient - Monitor"
353000000000,5640698,2016/05/03,Dallas,4,0,NULL,NULL,"New Patient - Monitor"
353000000000,5683113,2016/05/13,"Eau Claire",2,1,0,0.00,"Low Risk"
355000000000,5615514,2016/05/04,Columbus,9,0,NULL,NULL,"New Patient - Monitor"
357000000000,5660633,2016/05/06,Dublin,2,0,NULL,NULL,"New Patient - Monitor"
358000000000,5640195,2016/04/29,Dahlonega,0,0,NULL,NULL,"New Patient - Monitor"
359000000000,5632022,2016/04/29,Clanton,1,0,NULL,NULL,"New Patient - Monitor"
359000000000,5526181,2016/05/12,Albany,43,1,0,0.00,"High Risk"
359000000000,5526180,2016/05/12,"Bowling Green",43,2,0,0.00,"High Risk"
359000000000,5526185,2016/05/19,Lexington,50,3,0,0.00,"High Risk"
359000000000,5526184,2016/05/19,Dublin,50,4,0,0.00,"High Risk"
359000000000,5721608,2016/05/24,Dahlonega,5,5,0,0.00,"Medium Risk"
360000000000,5616519,2016/04/29,Lexington,4,0,NULL,NULL,"New Patient - Monitor"
362000000000,5638363,2016/04/29,Charlotte,0,0,NULL,NULL,"New Patient - Monitor"
366000000000,5530902,2016/04/29,Columbia,29,0,NULL,NULL,"New Patient - Monitor"
370000000000,5515978,2016/04/29,"Fort Wayne",32,0,NULL,NULL,"New Patient - Monitor"
372000000000,5639379,2016/04/29,Leesburg,0,0,NULL,NULL,"New Patient - Monitor"
372000000000,5606885,2016/04/29,Albany,9,1,0,0.00,"High Risk"
373000000000,5631474,2016/04/29,Gardena,1,0,NULL,NULL,"New Patient - Monitor"
374000000000,5738121,2016/05/25,"Fort Collins",0,0,NULL,NULL,"New Patient - Monitor"
377000000000,5574534,2016/04/29,Joplin,17,0,NULL,NULL,"New Patient - Monitor"
383000000000,5640427,2016/04/29,Dahlonega,0,0,NULL,NULL,"New Patient - Monitor"
387000000000,5639394,2016/04/29,Batesville,0,0,NULL,NULL,"New Patient - Monitor"
387000000000,5640275,2016/04/29,"Fort Worth",0,1,0,0.00,"Low Risk"
388000000000,5504830,2016/04/29,"Max Meadows",37,0,NULL,NULL,"New Patient - Monitor"
389000000000,5638185,2016/04/29,Cambridge,0,0,NULL,NULL,"New Patient - Monitor"
389000000000,5651184,2016/05/03,Columbia,0,1,0,0.00,"Low Risk"
390000000000,5669600,2016/05/10,Calhoun,4,0,NULL,NULL,"New Patient - Monitor"
392000000000,5638390,2016/04/29,Columbus,0,0,NULL,NULL,"New Patient - Monitor"
394000000000,5696995,2016/05/16,Dallas,3,0,NULL,NULL,"New Patient - Monitor"
398000000000,5641186,2016/04/29,Brockton,0,0,NULL,NULL,"New Patient - Monitor"
398000000000,5641196,2016/04/29,Albany,0,1,0,0.00,"Low Risk"
414000000000,5560874,2016/04/29,"Saint Louis",21,0,NULL,NULL,"New Patient - Monitor"
414000000000,5680693,2016/05/12,Brockton,2,1,1,1.00,"High Risk"
418000000000,5603041,2016/04/29,Victorville,10,0,NULL,NULL,"New Patient - Monitor"
419000000000,5702534,2016/05/19,"Miles City",3,0,NULL,NULL,"New Patient - Monitor"
422000000000,5638431,2016/04/29,Moore,0,0,NULL,NULL,"New Patient - Monitor"
423000000000,5525199,2016/04/29,"Fort Worth",30,0,NULL,NULL,"New Patient - Monitor"
426000000000,5639596,2016/04/29,Lexington,0,0,NULL,NULL,"New Patient - Monitor"
427000000000,5617266,2016/04/29,"Castle Rock",4,0,NULL,NULL,"New Patient - Monitor"
427000000000,5507840,2016/04/29,Lagrange,37,1,1,1.00,"High Risk"
427000000000,5617267,2016/04/29,Woodland,4,2,2,1.00,"High Risk"
429000000000,5419856,2016/04/29,Albany,58,0,NULL,NULL,"New Patient - Monitor"
430000000000,5640608,2016/04/29,Mullins,0,0,NULL,NULL,"New Patient - Monitor"
432000000000,5642142,2016/04/29,Sarasota,0,0,NULL,NULL,"New Patient - Monitor"
434000000000,5640816,2016/04/29,Livermore,0,0,NULL,NULL,"New Patient - Monitor"
436000000000,5629148,2016/04/29,Blythewood,2,0,NULL,NULL,"New Patient - Monitor"
436000000000,5669390,2016/05/10,Dublin,4,1,0,0.00,"Medium Risk"
441000000000,5629629,2016/04/29,"Soddy Daisy",2,0,NULL,NULL,"New Patient - Monitor"
442000000000,5559138,2016/04/29,Tyler,21,0,NULL,NULL,"New Patient - Monitor"
444000000000,5539566,2016/04/29,"Bella Vista",28,0,NULL,NULL,"New Patient - Monitor"
444000000000,5452494,2016/05/30,"Oak Harbor",81,1,0,0.00,"High Risk"
446000000000,5712423,2016/05/20,Blythewood,2,0,NULL,NULL,"New Patient - Monitor"
449000000000,5520171,2016/04/29,Albany,31,0,NULL,NULL,"New Patient - Monitor"
452000000000,5595491,2016/04/29,Irmo,11,0,NULL,NULL,"New Patient - Monitor"
452000000000,5400525,2016/04/29,Auburn,63,1,1,1.00,"High Risk"
452000000000,5603211,2016/05/25,Huntingdon,36,2,1,0.50,"High Risk"
453000000000,5639428,2016/04/29,"Battle Creek",0,0,NULL,NULL,"New Patient - Monitor"
453000000000,5706180,2016/05/17,"Joshua Tree",0,1,0,0.00,"Low Risk"
454000000000,5484401,2016/04/29,Raleigh,43,0,NULL,NULL,"New Patient - Monitor"
456000000000,5621865,2016/04/29,Gorham,3,0,NULL,NULL,"New Patient - Monitor"
456000000000,5602056,2016/04/29,Enterprise,10,1,0,0.00,"High Risk"
457000000000,5525503,2016/04/29,Raleigh,30,0,NULL,NULL,"New Patient - Monitor"
457000000000,5710633,2016/05/18,"Castle Rock",1,1,1,1.00,"High Risk"
457000000000,5740663,2016/05/31,Burlington,6,2,1,0.50,"High Risk"
459000000000,5482629,2016/04/29,Saginaw,43,0,NULL,NULL,"New Patient - Monitor"
462000000000,5640471,2016/04/29,Gretna,0,0,NULL,NULL,"New Patient - Monitor"
463000000000,5614815,2016/04/29,Appleton,4,0,NULL,NULL,"New Patient - Monitor"
463000000000,5640781,2016/04/29,"Fort Worth",0,1,0,0.00,"Low Risk"
466000000000,5613929,2016/05/17,Shreveport,22,0,NULL,NULL,"New Patient - Monitor"
468000000000,5680547,2016/05/11,Albany,1,0,NULL,NULL,"New Patient - Monitor"
474000000000,5634169,2016/04/29,Yellville,1,0,NULL,NULL,"New Patient - Monitor"
474000000000,5641282,2016/04/29,Raton,0,1,0,0.00,"Low Risk"
478000000000,5630616,2016/04/29,"Saint Louis",2,0,NULL,NULL,"New Patient - Monitor"
478000000000,5630609,2016/04/29,Enterprise,2,1,0,0.00,"Low Risk"
484000000000,5397204,2016/05/11,"Battle Creek",76,0,NULL,NULL,"New Patient - Monitor"
485000000000,5675649,2016/05/18,Oconomowoc,9,0,NULL,NULL,"New Patient - Monitor"
486000000000,5635218,2016/04/29,"Lenoir City",1,0,NULL,NULL,"New Patient - Monitor"
486000000000,5637749,2016/04/29,Mercer,0,1,0,0.00,"Low Risk"
488000000000,5499115,2016/04/29,Saginaw,38,0,NULL,NULL,"New Patient - Monitor"
489000000000,5520645,2016/04/29,"Fort Collins",31,0,NULL,NULL,"New Patient - Monitor"
492000000000,5548311,2016/05/24,"Fort Worth",48,0,NULL,NULL,"New Patient - Monitor"
492000000000,5548310,2016/05/24,Eugene,48,1,0,0.00,"High Risk"
497000000000,5628714,2016/04/29,Coralville,2,0,NULL,NULL,"New Patient - Monitor"
499000000000,5637665,2016/04/29,Livermore,0,0,NULL,NULL,"New Patient - Monitor"
511000000000,5618024,2016/04/29,"Fort Collins",4,0,NULL,NULL,"New Patient - Monitor"
512000000000,5560375,2016/04/29,Orlando,21,0,NULL,NULL,"New Patient - Monitor"
513000000000,5483053,2016/04/29,Oscoda,43,0,NULL,NULL,"New Patient - Monitor"
513000000000,5338569,2016/04/29,"Miles City",78,1,0,0.00,"High Risk"
513000000000,5483054,2016/04/29,Raleigh,43,2,0,0.00,"High Risk"
513000000000,5680689,2016/05/12,Albany,2,3,0,0.00,"Low Risk"
515000000000,5638745,2016/04/29,"Fort Collins",0,0,NULL,NULL,"New Patient - Monitor"
517000000000,5641767,2016/04/29,Eugene,0,0,NULL,NULL,"New Patient - Monitor"
518000000000,5661390,2016/05/06,"Osage Beach",1,0,NULL,NULL,"New Patient - Monitor"
532000000000,5638649,2016/04/29,Mullins,0,0,NULL,NULL,"New Patient - Monitor"
535000000000,5728818,2016/05/25,Gardena,5,0,NULL,NULL,"New Patient - Monitor"
538000000000,5640294,2016/04/29,Woodland,0,0,NULL,NULL,"New Patient - Monitor"
540000000000,5656276,2016/05/04,Hartford,0,0,NULL,NULL,"New Patient - Monitor"
542000000000,5638652,2016/04/29,Oconomowoc,0,0,NULL,NULL,"New Patient - Monitor"
543000000000,5637582,2016/04/29,Saginaw,0,0,NULL,NULL,"New Patient - Monitor"
543000000000,5720741,2016/05/24,Victorville,5,1,0,0.00,"Medium Risk"
544000000000,5633843,2016/04/29,Mobile,1,0,NULL,NULL,"New Patient - Monitor"
544000000000,5633842,2016/04/29,Dublin,1,1,0,0.00,"Low Risk"
545000000000,5515433,2016/04/29,"Mount Arlington",32,0,NULL,NULL,"New Patient - Monitor"
545000000000,5677155,2016/05/17,Indianapolis,8,1,0,0.00,"High Risk"
546000000000,5521679,2016/05/06,Hampton,38,0,NULL,NULL,"New Patient - Monitor"
548000000000,5642319,2016/04/29,Columbia,0,0,NULL,NULL,"New Patient - Monitor"
548000000000,5641959,2016/04/29,"Max Meadows",0,1,0,0.00,"Low Risk"
549000000000,5729362,2016/05/24,Enterprise,0,0,NULL,NULL,"New Patient - Monitor"
552000000000,5486593,2016/04/29,Blythewood,42,0,NULL,NULL,"New Patient - Monitor"
552000000000,5677946,2016/05/12,Hampton,2,1,1,1.00,"High Risk"
552000000000,5677942,2016/05/12,Columbia,2,2,1,0.50,"High Risk"
552000000000,5749338,2016/05/31,Charlotte,0,3,1,0.33,"Medium Risk"
553000000000,5573136,2016/04/29,Eugene,17,0,NULL,NULL,"New Patient - Monitor"
556000000000,5683665,2016/05/11,Chattanooga,0,0,NULL,NULL,"New Patient - Monitor"
559000000000,5626971,2016/04/29,Saginaw,2,0,NULL,NULL,"New Patient - Monitor"
559000000000,5385496,2016/04/29,Albany,66,1,1,1.00,"High Risk"
560000000000,5634532,2016/04/29,Mullins,1,0,NULL,NULL,"New Patient - Monitor"
564000000000,5608351,2016/04/29,Corbin,9,0,NULL,NULL,"New Patient - Monitor"
564000000000,5596302,2016/04/29,Olathe,11,1,0,0.00,"High Risk"
566000000000,5548365,2016/05/12,"Castle Rock",36,0,NULL,NULL,"New Patient - Monitor"
567000000000,5602052,2016/04/29,"Saint Louis",10,0,NULL,NULL,"New Patient - Monitor"
567000000000,5640991,2016/04/29,"Cedar Rapids",0,1,0,0.00,"Low Risk"
568000000000,5619778,2016/04/29,Gardena,3,0,NULL,NULL,"New Patient - Monitor"
572000000000,5630303,2016/04/29,"East Syracuse",2,0,NULL,NULL,"New Patient - Monitor"
572000000000,5736057,2016/05/25,"El Reno",0,1,0,0.00,"Low Risk"
573000000000,5710635,2016/05/18,Orlando,1,0,NULL,NULL,"New Patient - Monitor"
573000000000,5740656,2016/05/31,Albany,6,1,0,0.00,"Medium Risk"
579000000000,5638219,2016/04/29,Oconomowoc,0,0,NULL,NULL,"New Patient - Monitor"
579000000000,5628609,2016/04/29,Billings,2,1,0,0.00,"Low Risk"
579000000000,5599881,2016/05/02,Tyler,13,2,0,0.00,"High Risk"
579000000000,5693744,2016/05/13,"Saint Louis",0,3,1,0.33,"Medium Risk"
581000000000,5602849,2016/04/29,"Lenoir City",10,0,NULL,NULL,"New Patient - Monitor"
583000000000,5467880,2016/04/29,Victorville,45,0,NULL,NULL,"New Patient - Monitor"
583000000000,5751617,2016/05/31,Corbin,0,1,1,1.00,"High Risk"
585000000000,5623706,2016/04/29,Jasper,3,0,NULL,NULL,"New Patient - Monitor"
585000000000,5654487,2016/05/03,"Miles City",0,1,0,0.00,"Low Risk"
586000000000,5575608,2016/04/29,Huntingdon,16,0,NULL,NULL,"New Patient - Monitor"
587000000000,5631803,2016/05/31,Victorville,33,0,NULL,NULL,"New Patient - Monitor"
589000000000,5637998,2016/04/29,"Osage Beach",0,0,NULL,NULL,"New Patient - Monitor"
589000000000,5633116,2016/04/29,"Lenoir City",1,1,0,0.00,"Low Risk"
589000000000,5560794,2016/04/29,"Saint Louis",21,2,0,0.00,"High Risk"
589000000000,5630317,2016/04/29,"Max Meadows",2,3,0,0.00,"Low Risk"
589000000000,5669034,2016/05/06,Mobile,0,4,0,0.00,"Low Risk"
592000000000,5630461,2016/04/29,Columbus,2,0,NULL,NULL,"New Patient - Monitor"
592000000000,5674564,2016/05/17,Princeton,8,1,0,0.00,"High Risk"
593000000000,5431238,2016/04/29,"Bella Vista",56,0,NULL,NULL,"New Patient - Monitor"
595000000000,5625155,2016/04/29,Charlotte,2,0,NULL,NULL,"New Patient - Monitor"
597000000000,5639141,2016/04/29,Auburn,0,0,NULL,NULL,"New Patient - Monitor"
597000000000,5716611,2016/05/19,Gardena,0,1,0,0.00,"Low Risk"
599000000000,5561342,2016/04/29,Leesburg,21,0,NULL,NULL,"New Patient - Monitor"
612000000000,5639174,2016/04/29,Boone,0,0,NULL,NULL,"New Patient - Monitor"
612000000000,5542250,2016/04/29,Albany,24,1,0,0.00,"High Risk"
612000000000,5680543,2016/05/11,Albany,1,2,0,0.00,"Low Risk"
614000000000,5700892,2016/05/16,Coralville,0,0,NULL,NULL,"New Patient - Monitor"
614000000000,5701922,2016/05/30,Spearfish,14,1,0,0.00,"High Risk"
616000000000,5401782,2016/04/29,Eugene,63,0,NULL,NULL,"New Patient - Monitor"
617000000000,5637138,2016/04/29,Blythewood,1,0,NULL,NULL,"New Patient - Monitor"
618000000000,5562108,2016/05/09,Ogunquit,31,0,NULL,NULL,"New Patient - Monitor"
623000000000,5571396,2016/05/02,"Battle Creek",20,0,NULL,NULL,"New Patient - Monitor"
623000000000,5658471,2016/05/16,Calhoun,12,1,1,1.00,"High Risk"
624000000000,5630432,2016/04/29,Huntingdon,2,0,NULL,NULL,"New Patient - Monitor"
626000000000,5597672,2016/04/29,Calhoun,11,0,NULL,NULL,"New Patient - Monitor"
628000000000,5640638,2016/04/29,Hampton,0,0,NULL,NULL,"New Patient - Monitor"
630000000000,5638791,2016/04/29,"Lenoir City",0,0,NULL,NULL,"New Patient - Monitor"
631000000000,5623015,2016/04/29,"Castle Rock",3,0,NULL,NULL,"New Patient - Monitor"
631000000000,5608413,2016/04/29,Woodland,9,1,1,1.00,"High Risk"
632000000000,5640754,2016/04/29,"Saint Louis",0,0,NULL,NULL,"New Patient - Monitor"
636000000000,5737991,2016/05/30,Gardena,5,0,NULL,NULL,"New Patient - Monitor"
637000000000,5637659,2016/04/29,Lagrange,0,0,NULL,NULL,"New Patient - Monitor"
637000000000,5732459,2016/05/30,Sikeston,6,1,0,0.00,"Medium Risk"
638000000000,5531870,2016/04/29,Livermore,29,0,NULL,NULL,"New Patient - Monitor"
639000000000,5640276,2016/04/29,Valentine,0,0,NULL,NULL,"New Patient - Monitor"
642000000000,5677156,2016/05/17,"Bay City",8,0,NULL,NULL,"New Patient - Monitor"
643000000000,5626096,2016/04/29,Dublin,2,0,NULL,NULL,"New Patient - Monitor"
645000000000,5448672,2016/04/29,Midway,51,0,NULL,NULL,"New Patient - Monitor"
647000000000,5624584,2016/04/29,Pittsburgh,3,0,NULL,NULL,"New Patient - Monitor"
649000000000,5642242,2016/04/29,Columbia,0,0,NULL,NULL,"New Patient - Monitor"
654000000000,5640178,2016/04/29,Vandalia,0,0,NULL,NULL,"New Patient - Monitor"
655000000000,5585597,2016/04/29,Calhoun,15,0,NULL,NULL,"New Patient - Monitor"
656000000000,5625141,2016/04/29,Winthrop,2,0,NULL,NULL,"New Patient - Monitor"
656000000000,5648264,2016/05/11,"Castle Rock",9,1,1,1.00,"High Risk"
657000000000,5640654,2016/04/29,"Battle Creek",0,0,NULL,NULL,"New Patient - Monitor"
657000000000,5634074,2016/04/29,"Saint Mary",1,1,0,0.00,"Low Risk"
657000000000,5614861,2016/05/11,"Soddy Daisy",16,2,0,0.00,"High Risk"
658000000000,5709065,2016/05/19,"Castle Rock",2,0,NULL,NULL,"New Patient - Monitor"
663000000000,5570975,2016/05/12,"Grand Junction",30,0,NULL,NULL,"New Patient - Monitor"
667000000000,5629503,2016/04/29,Chattanooga,2,0,NULL,NULL,"New Patient - Monitor"
667000000000,5633961,2016/04/29,Moore,1,1,0,0.00,"Low Risk"
669000000000,5637981,2016/04/29,Warren,0,0,NULL,NULL,"New Patient - Monitor"
670000000000,5626036,2016/04/29,"Eau Claire",2,0,NULL,NULL,"New Patient - Monitor"
673000000000,5638476,2016/04/29,Raleigh,0,0,NULL,NULL,"New Patient - Monitor"
673000000000,5681991,2016/05/12,Columbus,2,1,0,0.00,"Low Risk"
673000000000,5707510,2016/05/17,"Max Meadows",0,2,1,0.50,"High Risk"
673000000000,5708043,2016/05/19,"Rocky Mount",2,3,1,0.33,"Medium Risk"
677000000000,5638360,2016/04/29,"Forest Grove",0,0,NULL,NULL,"New Patient - Monitor"
677000000000,5715963,2016/05/20,"Battle Creek",2,1,0,0.00,"Low Risk"
677000000000,5738545,2016/05/31,"Lenoir City",6,2,0,0.00,"Medium Risk"
678000000000,5453094,2016/05/16,Oconomowoc,67,0,NULL,NULL,"New Patient - Monitor"
679000000000,5638849,2016/04/29,Cambridge,0,0,NULL,NULL,"New Patient - Monitor"
679000000000,5563183,2016/04/29,Columbus,21,1,0,0.00,"High Risk"
681000000000,5626029,2016/04/29,"Fort Wayne",2,0,NULL,NULL,"New Patient - Monitor"
682000000000,5750834,2016/05/31,Shreveport,0,0,NULL,NULL,"New Patient - Monitor"
685000000000,5597751,2016/04/29,Tyler,11,0,NULL,NULL,"New Patient - Monitor"
686000000000,5710650,2016/05/18,Calhoun,1,0,NULL,NULL,"New Patient - Monitor"
686000000000,5738536,2016/05/31,Carlsbad,6,1,0,0.00,"Medium Risk"
687000000000,5562890,2016/04/29,"Cripple Creek",21,0,NULL,NULL,"New Patient - Monitor"
688000000000,5713291,2016/05/24,Cary,6,0,NULL,NULL,"New Patient - Monitor"
693000000000,5736065,2016/05/25,Oconomowoc,0,0,NULL,NULL,"New Patient - Monitor"
694000000000,5640700,2016/05/03,Orlando,4,0,NULL,NULL,"New Patient - Monitor"
696000000000,5639125,2016/04/29,Warren,0,0,NULL,NULL,"New Patient - Monitor"
698000000000,5640436,2016/04/29,"Saint Louis",0,0,NULL,NULL,"New Patient - Monitor"
699000000000,5640330,2016/04/29,Vandalia,0,0,NULL,NULL,"New Patient - Monitor"
699000000000,5551288,2016/04/29,Bryant,23,1,0,0.00,"High Risk"
714000000000,5600220,2016/04/29,Mercer,10,0,NULL,NULL,"New Patient - Monitor"
714000000000,5640081,2016/04/29,Bryant,0,1,1,1.00,"High Risk"
718000000000,5487143,2016/04/29,Dublin,42,0,NULL,NULL,"New Patient - Monitor"
723000000000,5715066,2016/05/24,Bryant,6,0,NULL,NULL,"New Patient - Monitor"
724000000000,5637515,2016/04/29,Kuttawa,0,0,NULL,NULL,"New Patient - Monitor"
724000000000,5560124,2016/04/29,Columbus,21,1,0,0.00,"High Risk"
724000000000,5640531,2016/04/29,Boone,0,2,0,0.00,"Low Risk"
725000000000,5524189,2016/04/29,Tatum,30,0,NULL,NULL,"New Patient - Monitor"
725000000000,5676401,2016/05/12,Huntingdon,3,1,0,0.00,"Low Risk"
726000000000,5521232,2016/04/29,"Max Meadows",31,0,NULL,NULL,"New Patient - Monitor"
727000000000,5628614,2016/04/29,"Delray Beach",2,0,NULL,NULL,"New Patient - Monitor"
729000000000,5621133,2016/05/12,"Forest Grove",16,0,NULL,NULL,"New Patient - Monitor"
730000000000,5676075,2016/05/12,Dublin,3,0,NULL,NULL,"New Patient - Monitor"
733000000000,5507781,2016/05/02,Winthrop,40,0,NULL,NULL,"New Patient - Monitor"
734000000000,5595569,2016/05/10,Kuttawa,22,0,NULL,NULL,"New Patient - Monitor"
736000000000,5478883,2016/04/29,Billings,44,0,NULL,NULL,"New Patient - Monitor"
737000000000,5558421,2016/04/29,"Cripple Creek",22,0,NULL,NULL,"New Patient - Monitor"
739000000000,5624183,2016/04/29,Albany,3,0,NULL,NULL,"New Patient - Monitor"
745000000000,5551694,2016/04/29,Eugene,23,0,NULL,NULL,"New Patient - Monitor"
747000000000,5640919,2016/04/29,Calhoun,0,0,NULL,NULL,"New Patient - Monitor"
747000000000,5645403,2016/05/02,Chattanooga,0,1,0,0.00,"Low Risk"
748000000000,5640067,2016/04/29,"Bella Vista",0,0,NULL,NULL,"New Patient - Monitor"
751000000000,5630428,2016/04/29,Columbia,2,0,NULL,NULL,"New Patient - Monitor"
751000000000,5639715,2016/04/29,Douglasville,0,1,1,1.00,"High Risk"
759000000000,5585973,2016/04/29,Vandalia,14,0,NULL,NULL,"New Patient - Monitor"
759000000000,5585967,2016/04/29,Columbus,14,1,0,0.00,"High Risk"
762000000000,5699869,2016/05/16,"Elk City",0,0,NULL,NULL,"New Patient - Monitor"
762000000000,5708934,2016/05/17,"Little River",0,1,0,0.00,"Low Risk"
765000000000,5583017,2016/04/29,Corbin,15,0,NULL,NULL,"New Patient - Monitor"
765000000000,5583025,2016/05/12,Auburn,28,1,1,1.00,"High Risk"
773000000000,5626229,2016/04/29,Harrison,2,0,NULL,NULL,"New Patient - Monitor"
776000000000,5684287,2016/05/13,"El Reno",2,0,NULL,NULL,"New Patient - Monitor"
776000000000,5710639,2016/05/18,Billings,1,1,0,0.00,"Low Risk"
777000000000,5515887,2016/04/29,Livermore,32,0,NULL,NULL,"New Patient - Monitor"
778000000000,5675873,2016/05/13,Newport,4,0,NULL,NULL,"New Patient - Monitor"
784000000000,5622841,2016/04/29,Vandalia,3,0,NULL,NULL,"New Patient - Monitor"
786000000000,5531353,2016/04/29,Princeton,29,0,NULL,NULL,"New Patient - Monitor"
787000000000,5642646,2016/04/29,Mobile,0,0,NULL,NULL,"New Patient - Monitor"
787000000000,5654746,2016/05/05,Silverton,2,1,0,0.00,"Low Risk"
787000000000,5694740,2016/05/18,"Eau Claire",5,2,0,0.00,"Medium Risk"
790000000000,5641908,2016/04/29,Bradenton,0,0,NULL,NULL,"New Patient - Monitor"
794000000000,5552917,2016/04/29,"Mount Arlington",23,0,NULL,NULL,"New Patient - Monitor"
795000000000,5653370,2016/05/05,Calhoun,2,0,NULL,NULL,"New Patient - Monitor"
795000000000,5652424,2016/05/05,Eureka,2,1,0,0.00,"Low Risk"
796000000000,5639646,2016/04/29,Dahlonega,0,0,NULL,NULL,"New Patient - Monitor"
798000000000,5551583,2016/04/29,"Fort Wayne",23,0,NULL,NULL,"New Patient - Monitor"
798000000000,5630157,2016/05/30,Owasso,33,1,0,0.00,"High Risk"
799000000000,5511720,2016/04/29,Clanton,32,0,NULL,NULL,"New Patient - Monitor"
799000000000,5693236,2016/05/13,"Battle Creek",0,1,0,0.00,"Low Risk"
800000000000,5689684,2016/05/16,Orlando,4,0,NULL,NULL,"New Patient - Monitor"
816000000000,5557877,2016/04/29,Winthrop,22,0,NULL,NULL,"New Patient - Monitor"
817000000000,5628702,2016/04/29,Lagrange,2,0,NULL,NULL,"New Patient - Monitor"
817000000000,5593964,2016/04/29,Lincolnton,11,1,0,0.00,"High Risk"
818000000000,5637796,2016/04/29,Alpharetta,0,0,NULL,NULL,"New Patient - Monitor"
821000000000,5676443,2016/05/18,Livermore,9,0,NULL,NULL,"New Patient - Monitor"
822000000000,5638330,2016/04/29,"Saint Louis",0,0,NULL,NULL,"New Patient - Monitor"
822000000000,5639649,2016/04/29,Raleigh,0,1,0,0.00,"Low Risk"
822000000000,5638396,2016/04/29,Blythewood,0,2,0,0.00,"Low Risk"
823000000000,5425697,2016/04/29,"Little River",57,0,NULL,NULL,"New Patient - Monitor"
828000000000,5532934,2016/04/29,Gardena,29,0,NULL,NULL,"New Patient - Monitor"
834000000000,5533039,2016/05/04,Midway,34,0,NULL,NULL,"New Patient - Monitor"
835000000000,5628613,2016/04/29,Lagrange,2,0,NULL,NULL,"New Patient - Monitor"
838000000000,5566277,2016/04/29,Tyler,18,0,NULL,NULL,"New Patient - Monitor"
838000000000,5640434,2016/05/11,Columbus,12,1,0,0.00,"High Risk"
838000000000,5685501,2016/05/17,Eugene,6,2,0,0.00,"Medium Risk"
838000000000,5716528,2016/05/19,Corbin,1,3,0,0.00,"Low Risk"
838000000000,5716529,2016/05/19,Dublin,1,4,0,0.00,"Low Risk"
838000000000,5719659,2016/05/20,"Palm Springs",1,5,0,0.00,"Low Risk"
838000000000,5726818,2016/05/25,"Detroit Lakes",5,6,0,0.00,"Medium Risk"
841000000000,5639660,2016/04/29,Blythewood,0,0,NULL,NULL,"New Patient - Monitor"
841000000000,5587998,2016/04/29,Dublin,14,1,0,0.00,"High Risk"
842000000000,5604383,2016/04/29,"Bella Vista",9,0,NULL,NULL,"New Patient - Monitor"
845000000000,5687282,2016/05/16,Dahlonega,5,0,NULL,NULL,"New Patient - Monitor"
847000000000,5641363,2016/04/29,"Grand Junction",0,0,NULL,NULL,"New Patient - Monitor"
847000000000,5618144,2016/04/29,Walden,3,1,0,0.00,"Low Risk"
852000000000,5647808,2016/05/02,Garberville,0,0,NULL,NULL,"New Patient - Monitor"
862000000000,5640175,2016/04/29,"Mount Arlington",0,0,NULL,NULL,"New Patient - Monitor"
866000000000,5630244,2016/04/29,Cary,2,0,NULL,NULL,"New Patient - Monitor"
866000000000,5673448,2016/05/09,Hampton,0,1,0,0.00,"Low Risk"
866000000000,5583905,2016/05/16,"Fort Worth",32,2,0,0.00,"High Risk"
867000000000,5640256,2016/04/29,Newport,0,0,NULL,NULL,"New Patient - Monitor"
868000000000,5640062,2016/04/29,Moore,0,0,NULL,NULL,"New Patient - Monitor"
868000000000,5642828,2016/04/29,Owensboro,0,1,0,0.00,"Low Risk"
871000000000,5702531,2016/05/19,"El Reno",3,0,NULL,NULL,"New Patient - Monitor"
872000000000,5641161,2016/04/29,Saginaw,0,0,NULL,NULL,"New Patient - Monitor"
872000000000,5640303,2016/04/29,"Bowling Green",0,1,0,0.00,"Low Risk"
872000000000,5638970,2016/04/29,Boone,0,2,0,0.00,"Low Risk"
872000000000,5571428,2016/04/29,"Max Meadows",17,3,0,0.00,"High Risk"
872000000000,5626699,2016/04/29,Shakopee,2,4,0,0.00,"Low Risk"
875000000000,5642644,2016/04/29,Raleigh,0,0,NULL,NULL,"New Patient - Monitor"
875000000000,5586515,2016/04/29,"Fort Worth",14,1,0,0.00,"High Risk"
875000000000,5682001,2016/05/12,"Battle Creek",2,2,0,0.00,"Low Risk"
875000000000,5572687,2016/05/13,"East Syracuse",31,3,0,0.00,"High Risk"
876000000000,5732466,2016/05/30,Livermore,6,0,NULL,NULL,"New Patient - Monitor"
880000000000,5646483,2016/05/11,Albany,9,0,NULL,NULL,"New Patient - Monitor"
885000000000,5638958,2016/04/29,Plainfield,0,0,NULL,NULL,"New Patient - Monitor"
888000000000,5397342,2016/04/29,"Fort Collins",64,0,NULL,NULL,"New Patient - Monitor"
894000000000,5638594,2016/04/29,"Fort Collins",0,0,NULL,NULL,"New Patient - Monitor"
894000000000,5701860,2016/05/16,Corbin,0,1,0,0.00,"Low Risk"
894000000000,5714573,2016/05/19,Eugene,1,2,0,0.00,"Low Risk"
895000000000,5654776,2016/05/05,Batesville,2,0,NULL,NULL,"New Patient - Monitor"
898000000000,5615549,2016/05/05,Albany,10,0,NULL,NULL,"New Patient - Monitor"
900000000000,5640895,2016/04/29,Joplin,0,0,NULL,NULL,"New Patient - Monitor"
912000000000,5522585,2016/04/29,Livermore,31,0,NULL,NULL,"New Patient - Monitor"
912000000000,5635592,2016/04/29,"Little River",1,1,0,0.00,"Low Risk"
912000000000,5661983,2016/05/09,Raleigh,4,2,0,0.00,"Medium Risk"
912000000000,5721372,2016/05/19,Mullins,0,3,0,0.00,"Low Risk"
912000000000,5734084,2016/05/30,Bradenton,6,4,0,0.00,"Medium Risk"
914000000000,5595046,2016/04/29,Dublin,11,0,NULL,NULL,"New Patient - Monitor"
916000000000,5638196,2016/04/29,Albany,0,0,NULL,NULL,"New Patient - Monitor"
917000000000,5665985,2016/05/09,Bryant,4,0,NULL,NULL,"New Patient - Monitor"
918000000000,5637498,2016/04/29,Lamar,0,0,NULL,NULL,"New Patient - Monitor"
922000000000,5631112,2016/04/29,Sarasota,2,0,NULL,NULL,"New Patient - Monitor"
924000000000,5638399,2016/04/29,Saginaw,0,0,NULL,NULL,"New Patient - Monitor"
925000000000,5638696,2016/04/29,Coralville,0,0,NULL,NULL,"New Patient - Monitor"
927000000000,5625130,2016/04/29,Charlotte,2,0,NULL,NULL,"New Patient - Monitor"
927000000000,5641322,2016/04/29,Victorville,0,1,1,1.00,"High Risk"
927000000000,5489418,2016/04/29,"Battle Creek",42,2,1,0.50,"High Risk"
928000000000,5543959,2016/04/29,"Cripple Creek",24,0,NULL,NULL,"New Patient - Monitor"
932000000000,5638571,2016/04/29,Huntingdon,0,0,NULL,NULL,"New Patient - Monitor"
933000000000,5564010,2016/04/29,Midway,18,0,NULL,NULL,"New Patient - Monitor"
934000000000,5451595,2016/04/29,Gorham,50,0,NULL,NULL,"New Patient - Monitor"
934000000000,5627629,2016/04/29,Charlotte,2,1,0,0.00,"Low Risk"
934000000000,5519243,2016/04/29,"Saint Louis",31,2,1,0.50,"High Risk"
936000000000,5598444,2016/04/29,Tyler,10,0,NULL,NULL,"New Patient - Monitor"
938000000000,5628960,2016/04/29,Silverton,2,0,NULL,NULL,"New Patient - Monitor"
942000000000,5534098,2016/04/29,"Battle Creek",29,0,NULL,NULL,"New Patient - Monitor"
944000000000,5621404,2016/04/29,Orlando,3,0,NULL,NULL,"New Patient - Monitor"
944000000000,5621402,2016/04/29,"Saint Louis",3,1,0,0.00,"Low Risk"
945000000000,5615205,2016/05/31,Albany,36,0,NULL,NULL,"New Patient - Monitor"
949000000000,5628660,2016/04/29,Oconomowoc,2,0,NULL,NULL,"New Patient - Monitor"
949000000000,5639387,2016/04/29,Gooding,0,1,0,0.00,"Low Risk"
949000000000,5629273,2016/04/29,Mercer,2,2,0,0.00,"Low Risk"
949000000000,5712116,2016/05/19,Russellville,1,3,0,0.00,"Low Risk"
956000000000,5602528,2016/04/29,"Bay City",10,0,NULL,NULL,"New Patient - Monitor"
957000000000,5624367,2016/04/29,Dublin,3,0,NULL,NULL,"New Patient - Monitor"
957000000000,5632759,2016/04/29,Lubbock,1,1,0,0.00,"Low Risk"
957000000000,5735537,2016/05/25,"Rocky Mount",0,2,0,0.00,"Low Risk"
962000000000,5477604,2016/04/29,Saginaw,44,0,NULL,NULL,"New Patient - Monitor"
962000000000,5631091,2016/04/29,Hampton,2,1,1,1.00,"High Risk"
963000000000,5551055,2016/04/29,"Forest Grove",23,0,NULL,NULL,"New Patient - Monitor"
963000000000,5632760,2016/05/04,Oconomowoc,6,1,1,1.00,"High Risk"
963000000000,5661343,2016/05/06,Cary,1,2,2,1.00,"High Risk"
963000000000,5689092,2016/05/12,Coralville,0,3,3,1.00,"High Risk"
963000000000,5744554,2016/05/30,Columbus,0,4,3,0.75,"High Risk"
964000000000,5452612,2016/04/29,Cambridge,50,0,NULL,NULL,"New Patient - Monitor"
964000000000,5682692,2016/05/13,Saginaw,3,1,1,1.00,"High Risk"
967000000000,5561947,2016/04/29,Woodstock,21,0,NULL,NULL,"New Patient - Monitor"
967000000000,5661977,2016/05/09,"Cedar Rapids",4,1,1,1.00,"High Risk"
971000000000,5702167,2016/05/18,"Battle Creek",2,0,NULL,NULL,"New Patient - Monitor"
974000000000,5638090,2016/04/29,Lagrange,0,0,NULL,NULL,"New Patient - Monitor"
974000000000,5652024,2016/05/03,Batesville,0,1,0,0.00,"Low Risk"
975000000000,5638239,2016/04/29,Livermore,0,0,NULL,NULL,"New Patient - Monitor"
975000000000,5575673,2016/04/29,Dublin,16,1,0,0.00,"High Risk"
975000000000,5631656,2016/04/29,Hampton,1,2,0,0.00,"Low Risk"
975000000000,5615597,2016/05/03,"Cedar Rapids",8,3,0,0.00,"High Risk"
975000000000,5743758,2016/05/30,Princeton,0,4,0,0.00,"Low Risk"
977000000000,5494451,2016/04/29,Enterprise,39,0,NULL,NULL,"New Patient - Monitor"
977000000000,5638756,2016/04/29,Dublin,0,1,0,0.00,"Low Risk"
977000000000,5638489,2016/04/29,"Bowling Green",0,2,0,0.00,"Low Risk"
979000000000,5638226,2016/04/29,Albany,0,0,NULL,NULL,"New Patient - Monitor"
989000000000,5550370,2016/04/29,"Fort Wayne",23,0,NULL,NULL,"New Patient - Monitor"
991000000000,5696984,2016/05/17,"Cedar Rapids",4,0,NULL,NULL,"New Patient - Monitor"
996000000000,5734668,2016/05/31,Coralville,7,0,NULL,NULL,"New Patient - Monitor"
998000000000,5729609,2016/05/24,Kuttawa,0,0,NULL,NULL,"New Patient - Monitor"
999000000000,5622419,2016/04/29,"Bella Vista",3,0,NULL,NULL,"New Patient - Monitor"
999000000000,5539987,2016/04/29,Chicago,28,1,0,0.00,"High Risk"
999000000000,5540119,2016/05/02,"Fort Worth",31,2,0,0.00,"High Risk"
999000000000,5654542,2016/05/04,Sikeston,1,3,1,0.33,"Medium Risk"
1120000000000,5629376,2016/04/29,"Saint Louis",2,0,NULL,NULL,"New Patient - Monitor"
1120000000000,5660640,2016/05/06,"Fort Wayne",2,1,0,0.00,"Low Risk"
1120000000000,5694750,2016/05/18,Blythewood,5,2,1,0.50,"High Risk"
1120000000000,5740001,2016/05/31,Columbus,6,3,1,0.33,"Medium Risk"
1130000000000,5470072,2016/04/29,Pittsburgh,45,0,NULL,NULL,"New Patient - Monitor"
1130000000000,5628643,2016/04/29,Macon,2,1,0,0.00,"Low Risk"
1140000000000,5590627,2016/04/29,Roanoke,14,0,NULL,NULL,"New Patient - Monitor"
1140000000000,5590629,2016/04/29,Albany,14,1,1,1.00,"High Risk"
1140000000000,5590628,2016/04/29,"Detroit Lakes",14,2,2,1.00,"High Risk"
1140000000000,5537656,2016/04/29,Eugene,28,3,3,1.00,"High Risk"
1140000000000,5656294,2016/05/04,Oconomowoc,0,4,4,1.00,"High Risk"
1140000000000,5683692,2016/05/11,Albuquerque,0,5,4,0.80,"High Risk"
1150000000000,5569596,2016/04/29,Appleton,18,0,NULL,NULL,"New Patient - Monitor"
1150000000000,5493384,2016/04/29,Mobile,39,1,0,0.00,"High Risk"
1170000000000,5640561,2016/04/29,"Mount Arlington",0,0,NULL,NULL,"New Patient - Monitor"
1170000000000,5710634,2016/05/18,Pittsburgh,1,1,0,0.00,"Low Risk"
1170000000000,5732254,2016/05/30,Gooding,6,2,0,0.00,"Medium Risk"
1180000000000,5535795,2016/04/29,Moore,28,0,NULL,NULL,"New Patient - Monitor"
1190000000000,5641191,2016/04/29,Dublin,0,0,NULL,NULL,"New Patient - Monitor"
1190000000000,5561246,2016/04/29,Cary,21,1,0,0.00,"High Risk"
1190000000000,5638863,2016/04/29,Douglasville,0,2,0,0.00,"Low Risk"
1190000000000,5580321,2016/05/11,Cambridge,28,3,0,0.00,"High Risk"
1200000000000,5631259,2016/04/29,Livermore,2,0,NULL,NULL,"New Patient - Monitor"
1230000000000,5642186,2016/04/29,Pittsburgh,0,0,NULL,NULL,"New Patient - Monitor"
1230000000000,5635352,2016/04/29,Shreveport,1,1,0,0.00,"Low Risk"
1240000000000,5601951,2016/04/29,"Mount Arlington",10,0,NULL,NULL,"New Patient - Monitor"
1250000000000,5619059,2016/04/29,Dublin,3,0,NULL,NULL,"New Patient - Monitor"
1250000000000,5641857,2016/04/29,Alpharetta,0,1,0,0.00,"Low Risk"
1250000000000,5604859,2016/04/29,Hampton,9,2,0,0.00,"High Risk"
1250000000000,5431049,2016/05/09,Indianapolis,66,3,0,0.00,"High Risk"
1280000000000,5641170,2016/04/29,Calhoun,0,0,NULL,NULL,"New Patient - Monitor"
1280000000000,5638417,2016/04/29,Cambridge,0,1,0,0.00,"Low Risk"
1290000000000,5639285,2016/04/29,Boone,0,0,NULL,NULL,"New Patient - Monitor"
1290000000000,5666033,2016/05/09,Livermore,4,1,0,0.00,"Medium Risk"
1320000000000,5490245,2016/04/29,Dublin,42,0,NULL,NULL,"New Patient - Monitor"
1320000000000,5490246,2016/04/29,Burlington,42,1,0,0.00,"High Risk"
1320000000000,5543486,2016/05/09,Hampton,34,2,0,0.00,"High Risk"
1320000000000,5713705,2016/05/18,Auburn,0,3,1,0.33,"Medium Risk"
1330000000000,5637792,2016/04/29,Chicago,0,0,NULL,NULL,"New Patient - Monitor"
1340000000000,5512225,2016/04/29,Hampton,32,0,NULL,NULL,"New Patient - Monitor"
1340000000000,5714565,2016/05/19,"Johnson City",1,1,0,0.00,"Low Risk"
1340000000000,5740647,2016/05/30,"Fort Wayne",5,2,0,0.00,"Medium Risk"
1350000000000,5640283,2016/04/29,Mercer,0,0,NULL,NULL,"New Patient - Monitor"
1360000000000,5734063,2016/05/30,Gardena,6,0,NULL,NULL,"New Patient - Monitor"
1380000000000,5656582,2016/05/04,"Cedar Rapids",0,0,NULL,NULL,"New Patient - Monitor"
1410000000000,5576359,2016/04/29,"Saint Louis",16,0,NULL,NULL,"New Patient - Monitor"
1420000000000,5619752,2016/04/29,"Mount Arlington",3,0,NULL,NULL,"New Patient - Monitor"
1420000000000,5217179,2016/04/29,Dahlonega,115,1,1,1.00,"High Risk"
1420000000000,5661335,2016/05/06,Raleigh,1,2,1,0.50,"High Risk"
1420000000000,5733203,2016/05/31,"Joshua Tree",7,3,1,0.33,"Medium Risk"
1430000000000,5615000,2016/04/29,Pittsburgh,4,0,NULL,NULL,"New Patient - Monitor"
1430000000000,5680571,2016/05/11,"Mount Arlington",1,1,1,1.00,"High Risk"
1440000000000,5638188,2016/04/29,Woodland,0,0,NULL,NULL,"New Patient - Monitor"
1440000000000,5673276,2016/05/09,"Fort Worth",0,1,0,0.00,"Low Risk"
1440000000000,5674155,2016/05/16,"Fort Wayne",7,2,0,0.00,"Medium Risk"
1450000000000,5565214,2016/04/29,Midway,18,0,NULL,NULL,"New Patient - Monitor"
1450000000000,5495928,2016/05/04,Oconomowoc,44,1,0,0.00,"High Risk"
1450000000000,5592749,2016/05/04,"Detroit Lakes",16,2,1,0.50,"High Risk"
1460000000000,5555577,2016/04/29,Cambridge,22,0,NULL,NULL,"New Patient - Monitor"
1470000000000,5387722,2016/04/29,Blythewood,65,0,NULL,NULL,"New Patient - Monitor"
1470000000000,5641791,2016/04/29,Coralville,0,1,0,0.00,"Low Risk"
1470000000000,5694812,2016/05/18,Raleigh,5,2,0,0.00,"Medium Risk"
1470000000000,5603210,2016/05/25,Calhoun,36,3,0,0.00,"High Risk"
1480000000000,5592571,2016/04/29,Vandalia,11,0,NULL,NULL,"New Patient - Monitor"
1480000000000,5573128,2016/04/29,Lagrange,17,1,1,1.00,"High Risk"
1490000000000,5638984,2016/04/29,Cary,0,0,NULL,NULL,"New Patient - Monitor"
1490000000000,5642885,2016/04/29,Billings,0,1,0,0.00,"Low Risk"
1490000000000,5597685,2016/04/29,"Cedar Rapids",11,2,0,0.00,"High Risk"
1490000000000,5639417,2016/04/29,Clanton,0,3,0,0.00,"Low Risk"
1490000000000,5640898,2016/04/29,Albany,0,4,0,0.00,"Low Risk"
1490000000000,5693843,2016/05/13,Leesburg,0,5,0,0.00,"Low Risk"
1510000000000,5637727,2016/04/29,Victorville,0,0,NULL,NULL,"New Patient - Monitor"
1520000000000,5635223,2016/05/02,Orlando,4,0,NULL,NULL,"New Patient - Monitor"
1520000000000,5661921,2016/05/09,"Cedar Rapids",4,1,0,0.00,"Medium Risk"
1530000000000,5235655,2016/04/29,Cary,109,0,NULL,NULL,"New Patient - Monitor"
1530000000000,5523110,2016/05/06,Griffin,38,1,0,0.00,"High Risk"
1530000000000,5523111,2016/05/06,"Battle Creek",38,2,0,0.00,"High Risk"
1530000000000,5570664,2016/05/13,"Battle Creek",31,3,0,0.00,"High Risk"
1550000000000,5687341,2016/05/16,Livermore,5,0,NULL,NULL,"New Patient - Monitor"
1570000000000,5560854,2016/04/29,"Max Meadows",21,0,NULL,NULL,"New Patient - Monitor"
1580000000000,5637986,2016/04/29,"Battle Creek",0,0,NULL,NULL,"New Patient - Monitor"
1600000000000,5637599,2016/04/29,Columbus,0,0,NULL,NULL,"New Patient - Monitor"
1610000000000,5628407,2016/04/29,Lagrange,2,0,NULL,NULL,"New Patient - Monitor"
1640000000000,5631101,2016/04/29,Aspen,2,0,NULL,NULL,"New Patient - Monitor"
1650000000000,5622303,2016/04/29,Lubbock,3,0,NULL,NULL,"New Patient - Monitor"
1660000000000,5625705,2016/04/29,Mobile,2,0,NULL,NULL,"New Patient - Monitor"
1680000000000,5562091,2016/04/29,Cary,21,0,NULL,NULL,"New Patient - Monitor"
1680000000000,5691021,2016/05/13,Cary,1,1,0,0.00,"Low Risk"
1680000000000,5677121,2016/05/18,Columbus,9,2,0,0.00,"High Risk"
1690000000000,5637513,2016/04/29,Albuquerque,0,0,NULL,NULL,"New Patient - Monitor"
1720000000000,5489022,2016/04/29,Lincolnton,42,0,NULL,NULL,"New Patient - Monitor"
1720000000000,5495128,2016/04/29,Altoona,39,1,1,1.00,"High Risk"
1730000000000,5516684,2016/04/29,Victorville,32,0,NULL,NULL,"New Patient - Monitor"
1730000000000,5646360,2016/05/11,Coralville,9,1,1,1.00,"High Risk"
1750000000000,5640039,2016/04/29,"Clinton Township",0,0,NULL,NULL,"New Patient - Monitor"
1750000000000,5641423,2016/04/29,Albany,0,1,0,0.00,"Low Risk"
1750000000000,5592441,2016/04/29,Columbus,11,2,0,0.00,"High Risk"
1760000000000,5621520,2016/04/29,"Fort Wayne",3,0,NULL,NULL,"New Patient - Monitor"
1760000000000,5636801,2016/04/29,"Saint Louis",1,1,1,1.00,"High Risk"
1760000000000,5717922,2016/05/31,Gooding,12,2,1,0.50,"High Risk"
1780000000000,5726219,2016/05/24,"Osage Beach",4,0,NULL,NULL,"New Patient - Monitor"
1780000000000,5732540,2016/05/31,"Fort Worth",7,1,0,0.00,"Medium Risk"
1790000000000,5544344,2016/04/29,Orlando,24,0,NULL,NULL,"New Patient - Monitor"
1790000000000,5677149,2016/05/16,"Forest Grove",7,1,1,1.00,"High Risk"
1800000000000,5551442,2016/05/12,"Osage Beach",36,0,NULL,NULL,"New Patient - Monitor"
1810000000000,5534361,2016/04/29,Pittsburgh,29,0,NULL,NULL,"New Patient - Monitor"
1820000000000,5490545,2016/04/29,"Battle Creek",42,0,NULL,NULL,"New Patient - Monitor"
1820000000000,5641705,2016/04/29,Sarasota,0,1,0,0.00,"Low Risk"
1830000000000,5639882,2016/04/29,"Miles City",0,0,NULL,NULL,"New Patient - Monitor"
1830000000000,5632836,2016/04/29,Raleigh,1,1,0,0.00,"Low Risk"
1840000000000,5641269,2016/04/29,Alpharetta,0,0,NULL,NULL,"New Patient - Monitor"
1850000000000,5552936,2016/04/29,"Soddy Daisy",23,0,NULL,NULL,"New Patient - Monitor"
1850000000000,5735258,2016/05/25,Burlington,0,1,0,0.00,"Low Risk"
1870000000000,5641057,2016/04/29,Griffin,0,0,NULL,NULL,"New Patient - Monitor"
1870000000000,5672263,2016/05/09,Hampton,0,1,0,0.00,"Low Risk"
1880000000000,5624578,2016/04/29,Raleigh,3,0,NULL,NULL,"New Patient - Monitor"
1880000000000,5634187,2016/04/29,Gardena,1,1,0,0.00,"Low Risk"
1880000000000,5537273,2016/04/29,Troy,28,2,0,0.00,"High Risk"
1890000000000,5541991,2016/04/29,Columbus,24,0,NULL,NULL,"New Patient - Monitor"
1890000000000,5638011,2016/04/29,Columbus,0,1,0,0.00,"Low Risk"
1900000000000,5551044,2016/04/29,Eugene,23,0,NULL,NULL,"New Patient - Monitor"
1920000000000,5625001,2016/04/29,"Cripple Creek",3,0,NULL,NULL,"New Patient - Monitor"
1920000000000,5736067,2016/05/25,Walden,0,1,0,0.00,"Low Risk"
1930000000000,5641129,2016/04/29,Columbia,0,0,NULL,NULL,"New Patient - Monitor"
1930000000000,5639631,2016/05/03,Gardena,4,1,0,0.00,"Medium Risk"
1940000000000,5634243,2016/04/29,Batesville,1,0,NULL,NULL,"New Patient - Monitor"
1950000000000,5694513,2016/05/17,Huntingdon,4,0,NULL,NULL,"New Patient - Monitor"
1960000000000,5640350,2016/04/29,"Mount Arlington",0,0,NULL,NULL,"New Patient - Monitor"
1960000000000,5602435,2016/04/29,Mullins,10,1,0,0.00,"High Risk"
1960000000000,5640710,2016/04/29,Woodland,0,2,1,0.50,"High Risk"
1960000000000,5640347,2016/04/29,Deerfield,0,3,1,0.33,"Medium Risk"
1970000000000,5588728,2016/04/29,Vandalia,14,0,NULL,NULL,"New Patient - Monitor"
1970000000000,5694777,2016/05/18,Livermore,5,1,0,0.00,"Medium Risk"
2000000000000,5638054,2016/04/29,Cary,0,0,NULL,NULL,"New Patient - Monitor"
2000000000000,5634423,2016/04/29,Dublin,1,1,0,0.00,"Low Risk"
2000000000000,5652602,2016/05/04,Gardena,1,2,0,0.00,"Low Risk"
2000000000000,5713401,2016/05/20,"Osage Beach",2,3,0,0.00,"Low Risk"
2120000000000,5573760,2016/05/16,Dublin,34,0,NULL,NULL,"New Patient - Monitor"
2150000000000,5641472,2016/04/29,Leesburg,0,0,NULL,NULL,"New Patient - Monitor"
2150000000000,5694745,2016/05/18,Albany,5,1,0,0.00,"Medium Risk"
2150000000000,5734655,2016/05/30,Coralville,6,2,0,0.00,"Medium Risk"
2160000000000,5596598,2016/04/29,"Soddy Daisy",11,0,NULL,NULL,"New Patient - Monitor"
2160000000000,5640108,2016/04/29,"Soddy Daisy",0,1,0,0.00,"Low Risk"
2170000000000,5641503,2016/04/29,"Fort Worth",0,0,NULL,NULL,"New Patient - Monitor"
2170000000000,5705001,2016/05/24,"Battle Creek",8,1,0,0.00,"High Risk"
2180000000000,5638902,2016/04/29,Albuquerque,0,0,NULL,NULL,"New Patient - Monitor"
2180000000000,5685300,2016/05/16,Oconomowoc,5,1,0,0.00,"Medium Risk"
2190000000000,5591397,2016/04/29,Roanoke,14,0,NULL,NULL,"New Patient - Monitor"
2190000000000,5611848,2016/04/29,Lexington,4,1,0,0.00,"Medium Risk"
2210000000000,5613288,2016/04/29,"Fort Wayne",4,0,NULL,NULL,"New Patient - Monitor"
2210000000000,5613287,2016/04/29,Vandalia,4,1,0,0.00,"Medium Risk"
2210000000000,5546620,2016/04/29,Mobile,24,2,0,0.00,"High Risk"
2210000000000,5689672,2016/05/16,"Johnson City",4,3,0,0.00,"Medium Risk"
2220000000000,5615513,2016/05/04,Pittsburgh,9,0,NULL,NULL,"New Patient - Monitor"
2230000000000,5613315,2016/04/29,"Castle Rock",4,0,NULL,NULL,"New Patient - Monitor"
2230000000000,5634235,2016/04/29,Livermore,1,1,0,0.00,"Low Risk"
2230000000000,5483554,2016/04/29,Cambridge,43,2,0,0.00,"High Risk"
2230000000000,5637740,2016/04/29,Alpharetta,0,3,0,0.00,"Low Risk"
2230000000000,5570757,2016/04/29,Roanoke,17,4,0,0.00,"High Risk"
2240000000000,5638861,2016/04/29,Owasso,0,0,NULL,NULL,"New Patient - Monitor"
2270000000000,5627562,2016/04/29,"Castle Rock",2,0,NULL,NULL,"New Patient - Monitor"
2290000000000,5638250,2016/04/29,Victorville,0,0,NULL,NULL,"New Patient - Monitor"
2290000000000,5598651,2016/04/29,Worthington,10,1,0,0.00,"High Risk"
2320000000000,5569514,2016/04/29,Charlotte,18,0,NULL,NULL,"New Patient - Monitor"
2320000000000,5390283,2016/05/11,Gardena,77,1,1,1.00,"High Risk"
2340000000000,5565811,2016/04/29,Orlando,18,0,NULL,NULL,"New Patient - Monitor"
2350000000000,5639345,2016/04/29,Mercer,0,0,NULL,NULL,"New Patient - Monitor"
2350000000000,5635237,2016/05/02,Gardena,4,1,0,0.00,"Medium Risk"
2360000000000,5628420,2016/04/29,Bloomington,2,0,NULL,NULL,"New Patient - Monitor"
2370000000000,5620484,2016/04/29,Eugene,3,0,NULL,NULL,"New Patient - Monitor"
2370000000000,5740068,2016/05/31,"Miles City",6,1,0,0.00,"Medium Risk"
2390000000000,5641806,2016/04/29,Mercer,0,0,NULL,NULL,"New Patient - Monitor"
2390000000000,5638933,2016/04/29,Mercer,0,1,0,0.00,"Low Risk"
2400000000000,5471059,2016/04/29,Russellville,45,0,NULL,NULL,"New Patient - Monitor"
2400000000000,5637655,2016/04/29,"Fort Worth",0,1,0,0.00,"Low Risk"
2420000000000,5626454,2016/04/29,"Fort Worth",2,0,NULL,NULL,"New Patient - Monitor"
2430000000000,5626007,2016/04/29,Midway,2,0,NULL,NULL,"New Patient - Monitor"
2430000000000,5641336,2016/04/29,Columbus,0,1,0,0.00,"Low Risk"
2430000000000,5576137,2016/04/29,Plainfield,16,2,0,0.00,"High Risk"
2430000000000,5669376,2016/05/10,Huntingdon,4,3,0,0.00,"Medium Risk"
2430000000000,5748206,2016/05/31,Corbin,1,4,0,0.00,"Low Risk"
2440000000000,5494750,2016/04/29,Calhoun,39,0,NULL,NULL,"New Patient - Monitor"
2440000000000,5502075,2016/04/29,"Mount Arlington",38,1,1,1.00,"High Risk"
2440000000000,5530393,2016/04/29,Tyler,29,2,1,0.50,"High Risk"
2460000000000,5734660,2016/05/30,Griffin,6,0,NULL,NULL,"New Patient - Monitor"
2470000000000,5531919,2016/04/29,Calhoun,29,0,NULL,NULL,"New Patient - Monitor"
2480000000000,5641171,2016/04/29,Gretna,0,0,NULL,NULL,"New Patient - Monitor"
2490000000000,5607917,2016/04/29,"Charles Town",9,0,NULL,NULL,"New Patient - Monitor"
2490000000000,5637996,2016/04/29,Bloomington,0,1,0,0.00,"Low Risk"
2490000000000,5535928,2016/05/11,Coralville,40,2,0,0.00,"High Risk"
2490000000000,5701187,2016/05/16,"Elk City",0,3,0,0.00,"Low Risk"
2490000000000,5716215,2016/05/20,"Mount Arlington",2,4,0,0.00,"Low Risk"
2500000000000,5728810,2016/05/24,Orlando,4,0,NULL,NULL,"New Patient - Monitor"
2510000000000,5638216,2016/04/29,Alpharetta,0,0,NULL,NULL,"New Patient - Monitor"
2510000000000,5638309,2016/04/29,Walden,0,1,0,0.00,"Low Risk"
2510000000000,5638329,2016/04/29,"Castle Rock",0,2,0,0.00,"Low Risk"
2520000000000,5525717,2016/04/29,Orlando,30,0,NULL,NULL,"New Patient - Monitor"
2520000000000,5638463,2016/04/29,Mercer,0,1,0,0.00,"Low Risk"
2530000000000,5583419,2016/04/29,Boone,15,0,NULL,NULL,"New Patient - Monitor"
2530000000000,5501384,2016/04/29,"Johnson City",38,1,0,0.00,"High Risk"
2540000000000,5637621,2016/04/29,"Max Meadows",0,0,NULL,NULL,"New Patient - Monitor"
2540000000000,5627308,2016/04/29,Carlsbad,2,1,0,0.00,"Low Risk"
2540000000000,5677145,2016/05/19,Joplin,10,2,1,0.50,"High Risk"
2590000000000,5546335,2016/04/29,Raleigh,24,0,NULL,NULL,"New Patient - Monitor"
2590000000000,5546336,2016/04/29,Columbus,24,1,0,0.00,"High Risk"
2590000000000,5637824,2016/04/29,"Miles City",0,2,0,0.00,"Low Risk"
2590000000000,5547853,2016/05/18,"Rocky Mount",42,3,0,0.00,"High Risk"
2620000000000,5588225,2016/04/29,Roanoke,14,0,NULL,NULL,"New Patient - Monitor"
2620000000000,5639908,2016/04/29,"Fort Wayne",0,1,0,0.00,"Low Risk"
2620000000000,5625164,2016/04/29,Lincolnton,2,2,0,0.00,"Low Risk"
2620000000000,5556707,2016/04/29,"Forest Grove",22,3,0,0.00,"High Risk"
2620000000000,5639738,2016/04/29,Batesville,0,4,1,0.25,"Medium Risk"
2620000000000,5719388,2016/05/19,"Johnson City",0,5,1,0.20,"Medium Risk"
2620000000000,5725196,2016/05/20,"Fort Collins",0,6,1,0.17,"Low Risk"
2620000000000,5719131,2016/05/25,Woodland,6,7,1,0.14,"Medium Risk"
2620000000000,5749718,2016/05/31,Dublin,0,8,2,0.25,"Medium Risk"
2630000000000,5708935,2016/05/17,Dublin,0,0,NULL,NULL,"New Patient - Monitor"
2640000000000,5631512,2016/04/29,Owasso,1,0,NULL,NULL,"New Patient - Monitor"
2640000000000,5676895,2016/05/11,Calhoun,2,1,0,0.00,"Low Risk"
2650000000000,5609941,2016/04/29,"El Reno",9,0,NULL,NULL,"New Patient - Monitor"
2650000000000,5573130,2016/04/29,Lagrange,17,1,1,1.00,"High Risk"
2650000000000,5687324,2016/05/16,Raleigh,5,2,1,0.50,"High Risk"
2670000000000,5534332,2016/04/29,Columbus,29,0,NULL,NULL,"New Patient - Monitor"
2670000000000,5592387,2016/04/29,Calhoun,11,1,0,0.00,"High Risk"
2670000000000,5661915,2016/05/09,Boone,4,2,1,0.50,"High Risk"
2690000000000,5639198,2016/04/29,Livermore,0,0,NULL,NULL,"New Patient - Monitor"
2710000000000,5654788,2016/05/05,Calhoun,2,0,NULL,NULL,"New Patient - Monitor"
2710000000000,5677142,2016/05/18,"Grand Junction",9,1,0,0.00,"High Risk"
2730000000000,5704996,2016/05/24,Sikeston,8,0,NULL,NULL,"New Patient - Monitor"
2740000000000,5646664,2016/05/04,Boone,2,0,NULL,NULL,"New Patient - Monitor"
2750000000000,5640760,2016/04/29,Irmo,0,0,NULL,NULL,"New Patient - Monitor"
2750000000000,5641747,2016/04/29,"Castle Rock",0,1,0,0.00,"Low Risk"
2760000000000,5562536,2016/04/29,"Cripple Creek",21,0,NULL,NULL,"New Patient - Monitor"
2760000000000,5638428,2016/04/29,"Clinton Township",0,1,0,0.00,"Low Risk"
2760000000000,5634151,2016/04/29,Livermore,1,2,0,0.00,"Low Risk"
2760000000000,5637367,2016/04/29,Sarasota,1,3,0,0.00,"Low Risk"
2760000000000,5639514,2016/04/29,"Cripple Creek",0,4,0,0.00,"Low Risk"
2780000000000,5630278,2016/04/29,Oconomowoc,2,0,NULL,NULL,"New Patient - Monitor"
2790000000000,5641564,2016/04/29,Owasso,0,0,NULL,NULL,"New Patient - Monitor"
2790000000000,5641443,2016/04/29,Saginaw,0,1,0,0.00,"Low Risk"
2810000000000,5499773,2016/04/29,Albany,38,0,NULL,NULL,"New Patient - Monitor"
2830000000000,5628146,2016/04/29,Raleigh,2,0,NULL,NULL,"New Patient - Monitor"
2830000000000,5617194,2016/04/29,Columbus,4,1,1,1.00,"High Risk"
2830000000000,5668428,2016/05/06,"East Syracuse",0,2,1,0.50,"High Risk"
2850000000000,5638693,2016/04/29,Vandalia,0,0,NULL,NULL,"New Patient - Monitor"
2860000000000,5612960,2016/04/29,Columbia,4,0,NULL,NULL,"New Patient - Monitor"
2860000000000,5737307,2016/05/31,Eureka,6,1,0,0.00,"Medium Risk"
2870000000000,5595974,2016/04/29,Roanoke,11,0,NULL,NULL,"New Patient - Monitor"
2880000000000,5618143,2016/04/29,Gardena,3,0,NULL,NULL,"New Patient - Monitor"
2880000000000,5565770,2016/04/29,Plainfield,18,1,0,0.00,"High Risk"
2880000000000,5639098,2016/04/29,Mobile,0,2,1,0.50,"High Risk"
2880000000000,5568117,2016/05/09,Gretna,28,3,1,0.33,"High Risk"
2890000000000,5600695,2016/04/29,"Clinton Township",10,0,NULL,NULL,"New Patient - Monitor"
2890000000000,5600689,2016/04/29,Dublin,10,1,0,0.00,"High Risk"
2900000000000,5625165,2016/04/29,Mobile,2,0,NULL,NULL,"New Patient - Monitor"
2910000000000,5641006,2016/04/29,Boone,0,0,NULL,NULL,"New Patient - Monitor"
2910000000000,5713492,2016/05/24,Dahlonega,6,1,0,0.00,"Medium Risk"
2920000000000,5477783,2016/04/29,Corbin,44,0,NULL,NULL,"New Patient - Monitor"
2920000000000,5639399,2016/04/29,Indianapolis,0,1,0,0.00,"Low Risk"
2920000000000,5615540,2016/05/04,Lexington,9,2,0,0.00,"High Risk"
2930000000000,5642746,2016/04/29,Columbus,0,0,NULL,NULL,"New Patient - Monitor"
2930000000000,5570649,2016/05/12,Garberville,30,1,0,0.00,"High Risk"
2930000000000,5574032,2016/05/30,Gardena,48,2,0,0.00,"High Risk"
2930000000000,5574031,2016/05/30,"Castle Rock",48,3,0,0.00,"High Risk"
2940000000000,5621910,2016/04/29,Troy,3,0,NULL,NULL,"New Patient - Monitor"
2940000000000,5592805,2016/04/29,Cary,11,1,0,0.00,"High Risk"
2950000000000,5673598,2016/05/09,Appleton,0,0,NULL,NULL,"New Patient - Monitor"
2950000000000,5595993,2016/05/19,Spearfish,31,1,0,0.00,"High Risk"
2950000000000,5673808,2016/05/30,Princeton,21,2,1,0.50,"High Risk"
2950000000000,5751951,2016/05/31,Columbia,0,3,1,0.33,"Medium Risk"
2950000000000,5750260,2016/05/31,Gorham,0,4,1,0.25,"Medium Risk"
2960000000000,5595653,2016/04/29,Moore,11,0,NULL,NULL,"New Patient - Monitor"
2960000000000,5595649,2016/04/29,Olathe,11,1,1,1.00,"High Risk"
2970000000000,5641729,2016/04/29,Livermore,0,0,NULL,NULL,"New Patient - Monitor"
2980000000000,5552831,2016/04/29,Oscoda,23,0,NULL,NULL,"New Patient - Monitor"
2980000000000,5642475,2016/04/29,Deerfield,0,1,1,1.00,"High Risk"
2980000000000,5661361,2016/05/06,Gooding,1,2,1,0.50,"High Risk"
2980000000000,5584073,2016/05/19,Ogunquit,35,3,1,0.33,"High Risk"
2980000000000,5584074,2016/05/24,Dublin,40,4,2,0.50,"High Risk"
2990000000000,5554425,2016/04/29,Columbus,22,0,NULL,NULL,"New Patient - Monitor"
3000000000000,5659826,2016/05/05,"Rocky Mount",1,0,NULL,NULL,"New Patient - Monitor"
3000000000000,5735428,2016/05/25,Indianapolis,0,1,1,1.00,"High Risk"
3000000000000,5743189,2016/05/31,"Johnson City",1,2,1,0.50,"High Risk"
3120000000000,5351199,2016/04/29,Mullins,73,0,NULL,NULL,"New Patient - Monitor"
3120000000000,5567960,2016/05/06,Boone,25,1,0,0.00,"High Risk"
3130000000000,5703399,2016/05/16,Columbia,0,0,NULL,NULL,"New Patient - Monitor"
3140000000000,5569532,2016/04/29,"Forest Grove",18,0,NULL,NULL,"New Patient - Monitor"
3140000000000,5573140,2016/04/29,Victorville,17,1,0,0.00,"High Risk"
3150000000000,5637557,2016/04/29,"Bowling Green",0,0,NULL,NULL,"New Patient - Monitor"
3150000000000,5680281,2016/05/11,"Battle Creek",1,1,0,0.00,"Low Risk"
3160000000000,5516605,2016/04/29,Dahlonega,32,0,NULL,NULL,"New Patient - Monitor"
3160000000000,5644237,2016/05/02,Victorville,0,1,0,0.00,"Low Risk"
3170000000000,5643062,2016/05/02,Batesville,0,0,NULL,NULL,"New Patient - Monitor"
3170000000000,5704998,2016/05/25,"Soddy Daisy",9,1,1,1.00,"High Risk"
3170000000000,5615375,2016/05/30,Bryant,35,2,1,0.50,"High Risk"
3180000000000,5631249,2016/04/29,"Bay City",2,0,NULL,NULL,"New Patient - Monitor"
3180000000000,5492883,2016/04/29,Victorville,39,1,0,0.00,"High Risk"
3180000000000,5660638,2016/05/06,Batesville,2,2,0,0.00,"Low Risk"
3180000000000,5485075,2016/05/13,"Castle Rock",57,3,0,0.00,"High Risk"
3180000000000,5485076,2016/05/13,Sikeston,57,4,0,0.00,"High Risk"
3180000000000,5696108,2016/05/20,Burlington,7,5,0,0.00,"Medium Risk"
3190000000000,5641878,2016/04/29,"Max Meadows",0,0,NULL,NULL,"New Patient - Monitor"
3190000000000,5592539,2016/04/29,"Fort Collins",11,1,0,0.00,"High Risk"
3190000000000,5680041,2016/05/16,Columbia,6,2,1,0.50,"High Risk"
3200000000000,5642424,2016/04/29,"Castle Rock",0,0,NULL,NULL,"New Patient - Monitor"
3230000000000,5640319,2016/04/29,Orlando,0,0,NULL,NULL,"New Patient - Monitor"
3230000000000,5587475,2016/04/29,"Battle Creek",14,1,0,0.00,"High Risk"
3230000000000,5689694,2016/05/16,"Cedar Rapids",4,2,0,0.00,"Medium Risk"
3230000000000,5702528,2016/05/19,Brockton,3,3,0,0.00,"Low Risk"
3240000000000,5566027,2016/05/05,Griffin,24,0,NULL,NULL,"New Patient - Monitor"
3240000000000,5615612,2016/05/05,Raleigh,10,1,1,1.00,"High Risk"
3250000000000,5564672,2016/04/29,Oscoda,18,0,NULL,NULL,"New Patient - Monitor"
3250000000000,5576499,2016/04/29,Indianapolis,16,1,0,0.00,"High Risk"
3260000000000,5539789,2016/04/29,Albany,28,0,NULL,NULL,"New Patient - Monitor"
3260000000000,5471731,2016/04/29,Dahlonega,45,1,0,0.00,"High Risk"
3270000000000,5483275,2016/04/29,Burlington,43,0,NULL,NULL,"New Patient - Monitor"
3270000000000,5483274,2016/04/29,Yellville,43,1,1,1.00,"High Risk"
3270000000000,5638857,2016/04/29,"Fort Worth",0,2,2,1.00,"High Risk"
3270000000000,5631489,2016/04/29,"Fort Worth",1,3,2,0.67,"High Risk"
3270000000000,5728808,2016/05/24,Dublin,4,4,3,0.75,"High Risk"
3280000000000,5712421,2016/05/20,"Miles City",2,0,NULL,NULL,"New Patient - Monitor"
3290000000000,5641295,2016/04/29,Appleton,0,0,NULL,NULL,"New Patient - Monitor"
3320000000000,5478546,2016/04/29,Warren,44,0,NULL,NULL,"New Patient - Monitor"
3320000000000,5640040,2016/04/29,Dahlonega,0,1,1,1.00,"High Risk"
3330000000000,5472821,2016/04/29,Corbin,45,0,NULL,NULL,"New Patient - Monitor"
3330000000000,5632495,2016/04/29,Columbus,1,1,0,0.00,"Low Risk"
3330000000000,5642393,2016/04/29,Columbia,0,2,1,0.50,"High Risk"
3330000000000,5585508,2016/05/03,"Castle Rock",19,3,2,0.67,"High Risk"
3340000000000,5589601,2016/05/12,Ogunquit,27,0,NULL,NULL,"New Patient - Monitor"
3340000000000,5589604,2016/05/20,Columbia,35,1,0,0.00,"High Risk"
3350000000000,5629903,2016/04/29,Huntingdon,2,0,NULL,NULL,"New Patient - Monitor"
3350000000000,5615578,2016/05/05,Corbin,10,1,1,1.00,"High Risk"
3360000000000,5522032,2016/05/05,"Fort Collins",37,0,NULL,NULL,"New Patient - Monitor"
3360000000000,5676087,2016/05/12,Vandalia,3,1,1,1.00,"High Risk"
3370000000000,5641357,2016/04/29,"Bowling Green",0,0,NULL,NULL,"New Patient - Monitor"
3370000000000,5601230,2016/04/29,"Fort Worth",10,1,0,0.00,"High Risk"
3370000000000,5638164,2016/04/29,"Lenoir City",0,2,0,0.00,"Low Risk"
3370000000000,5628612,2016/04/29,"Castle Rock",2,3,0,0.00,"Low Risk"
3370000000000,5578125,2016/05/25,Kuttawa,42,4,0,0.00,"High Risk"
3380000000000,5483939,2016/04/29,Sikeston,43,0,NULL,NULL,"New Patient - Monitor"
3380000000000,5595347,2016/04/29,Calhoun,11,1,1,1.00,"High Risk"
3380000000000,5634164,2016/04/29,Boone,1,2,1,0.50,"High Risk"
3380000000000,5642901,2016/04/29,"Bowling Green",0,3,2,0.67,"High Risk"
3390000000000,5634237,2016/04/29,Clanton,1,0,NULL,NULL,"New Patient - Monitor"
3390000000000,5707269,2016/05/18,"Bella Vista",1,1,1,1.00,"High Risk"
3410000000000,5498089,2016/04/29,Dublin,38,0,NULL,NULL,"New Patient - Monitor"
3410000000000,5646444,2016/05/12,Dahlonega,10,1,0,0.00,"High Risk"
3410000000000,5719696,2016/05/24,Leesburg,5,2,0,0.00,"Medium Risk"
3430000000000,5587516,2016/04/29,Orlando,14,0,NULL,NULL,"New Patient - Monitor"
3430000000000,5698761,2016/05/16,Walden,0,1,1,1.00,"High Risk"
3430000000000,5711160,2016/05/18,"Castle Rock",0,2,1,0.50,"High Risk"
3430000000000,5707179,2016/05/19,"Castle Rock",2,3,1,0.33,"Medium Risk"
3440000000000,5492968,2016/05/04,"Fort Worth",44,0,NULL,NULL,"New Patient - Monitor"
3440000000000,5669020,2016/05/09,Griffin,3,1,0,0.00,"Low Risk"
3440000000000,5694799,2016/05/18,Albany,5,2,0,0.00,"Medium Risk"
3440000000000,5719583,2016/05/25,Livermore,6,3,1,0.33,"Medium Risk"
3450000000000,5630575,2016/04/29,Russellville,2,0,NULL,NULL,"New Patient - Monitor"
3450000000000,5715560,2016/05/19,Orlando,1,1,1,1.00,"High Risk"
3450000000000,5712438,2016/05/20,Livermore,2,2,2,1.00,"High Risk"
3470000000000,5574964,2016/05/16,"Battle Creek",34,0,NULL,NULL,"New Patient - Monitor"
3480000000000,5627098,2016/04/29,Coralville,2,0,NULL,NULL,"New Patient - Monitor"
3490000000000,5629539,2016/04/29,Mullins,2,0,NULL,NULL,"New Patient - Monitor"
3500000000000,5615538,2016/05/04,Joplin,9,0,NULL,NULL,"New Patient - Monitor"
3510000000000,5524870,2016/04/29,Cooperstown,30,0,NULL,NULL,"New Patient - Monitor"
3520000000000,5630299,2016/04/29,Georgetown,2,0,NULL,NULL,"New Patient - Monitor"
3540000000000,5574022,2016/04/29,Columbus,17,0,NULL,NULL,"New Patient - Monitor"
3540000000000,5639556,2016/04/29,"Rocky Mount",0,1,0,0.00,"Low Risk"
3550000000000,5642570,2016/04/29,Gretna,0,0,NULL,NULL,"New Patient - Monitor"
3550000000000,5713110,2016/05/24,Albany,6,1,0,0.00,"Medium Risk"
3560000000000,5632720,2016/04/29,Mercer,1,0,NULL,NULL,"New Patient - Monitor"
3560000000000,5639598,2016/04/29,Princeton,0,1,1,1.00,"High Risk"
3570000000000,5564877,2016/05/09,Georgetown,28,0,NULL,NULL,"New Patient - Monitor"
3570000000000,5689679,2016/05/16,"Bella Vista",4,1,0,0.00,"Medium Risk"
3570000000000,5719586,2016/05/25,Blythewood,6,2,0,0.00,"Medium Risk"
3590000000000,5580520,2016/04/29,"Fort Worth",15,0,NULL,NULL,"New Patient - Monitor"
3600000000000,5637984,2016/04/29,Madisonville,0,0,NULL,NULL,"New Patient - Monitor"
3600000000000,5716227,2016/05/20,Cooperstown,2,1,0,0.00,"Low Risk"
3620000000000,5561763,2016/04/29,Victorville,21,0,NULL,NULL,"New Patient - Monitor"
3620000000000,5613635,2016/04/29,Altoona,4,1,1,1.00,"High Risk"
3620000000000,5551657,2016/05/12,Coralville,36,2,1,0.50,"High Risk"
3640000000000,5598365,2016/04/29,Joplin,10,0,NULL,NULL,"New Patient - Monitor"
3650000000000,5536651,2016/04/29,"Castle Rock",28,0,NULL,NULL,"New Patient - Monitor"
3650000000000,5637645,2016/04/29,Appleton,0,1,1,1.00,"High Risk"
3650000000000,5638449,2016/04/29,Plainfield,0,2,1,0.50,"High Risk"
3650000000000,5635866,2016/04/29,Cary,1,3,1,0.33,"Medium Risk"
3650000000000,5542464,2016/04/29,Griffin,24,4,1,0.25,"High Risk"
3660000000000,5640072,2016/04/29,Vandalia,0,0,NULL,NULL,"New Patient - Monitor"
3660000000000,5542096,2016/04/29,Albuquerque,24,1,0,0.00,"High Risk"
3660000000000,5663304,2016/05/05,Garberville,0,2,0,0.00,"Low Risk"
3660000000000,5677103,2016/05/16,Coralville,7,3,0,0.00,"Medium Risk"
3670000000000,5641603,2016/04/29,Albany,0,0,NULL,NULL,"New Patient - Monitor"
3670000000000,5642166,2016/04/29,Altoona,0,1,0,0.00,"Low Risk"
3670000000000,5598979,2016/05/02,"Saint Louis",13,2,0,0.00,"High Risk"
3670000000000,5650609,2016/05/11,Dublin,8,3,1,0.33,"High Risk"
3680000000000,5627548,2016/04/29,Shakopee,2,0,NULL,NULL,"New Patient - Monitor"
3680000000000,5604659,2016/05/30,Ogunquit,40,1,0,0.00,"High Risk"
3680000000000,5740644,2016/05/30,Bradenton,5,2,0,0.00,"Medium Risk"
3690000000000,5639029,2016/04/29,Irmo,0,0,NULL,NULL,"New Patient - Monitor"
3690000000000,5661327,2016/05/06,Raleigh,1,1,0,0.00,"Low Risk"
3710000000000,5640463,2016/04/29,Bradenton,0,0,NULL,NULL,"New Patient - Monitor"
3710000000000,5640123,2016/05/03,Russellville,4,1,0,0.00,"Medium Risk"
3720000000000,5636920,2016/04/29,"Mount Arlington",1,0,NULL,NULL,"New Patient - Monitor"
3730000000000,5641491,2016/04/29,Lagrange,0,0,NULL,NULL,"New Patient - Monitor"
3730000000000,5670926,2016/05/10,Newport,4,1,0,0.00,"Medium Risk"
3740000000000,5495491,2016/04/29,"Max Meadows",39,0,NULL,NULL,"New Patient - Monitor"
3740000000000,5574527,2016/04/29,"Rocky Mount",17,1,0,0.00,"High Risk"
3750000000000,5638365,2016/04/29,Dublin,0,0,NULL,NULL,"New Patient - Monitor"
3750000000000,5637895,2016/04/29,Calhoun,0,1,0,0.00,"Low Risk"
3750000000000,5640705,2016/04/29,Silverton,0,2,0,0.00,"Low Risk"
3750000000000,5561350,2016/04/29,Oconomowoc,21,3,0,0.00,"High Risk"
3760000000000,5718066,2016/05/19,"Fort Wayne",0,0,NULL,NULL,"New Patient - Monitor"
3770000000000,5639319,2016/04/29,Garberville,0,0,NULL,NULL,"New Patient - Monitor"
3790000000000,5661024,2016/05/05,Grayling,0,0,NULL,NULL,"New Patient - Monitor"
3790000000000,5688180,2016/05/12,Lexington,0,1,0,0.00,"Low Risk"
3790000000000,5690696,2016/05/20,"Castle Rock",8,2,0,0.00,"High Risk"
3800000000000,5638778,2016/04/29,"Lenoir City",0,0,NULL,NULL,"New Patient - Monitor"
3810000000000,5684797,2016/05/11,Hartford,0,0,NULL,NULL,"New Patient - Monitor"
3820000000000,5498104,2016/04/29,Moore,38,0,NULL,NULL,"New Patient - Monitor"
3820000000000,5638919,2016/04/29,"Fort Collins",0,1,0,0.00,"Low Risk"
3820000000000,5613944,2016/05/24,Eugene,29,2,0,0.00,"High Risk"
3820000000000,5740039,2016/05/31,Albany,6,3,1,0.33,"Medium Risk"
3830000000000,5533962,2016/04/29,Albany,29,0,NULL,NULL,"New Patient - Monitor"
3830000000000,5588628,2016/04/29,Livermore,14,1,0,0.00,"High Risk"
3830000000000,5590751,2016/04/29,Mercer,14,2,0,0.00,"High Risk"
3850000000000,5571816,2016/04/29,Appleton,17,0,NULL,NULL,"New Patient - Monitor"
3850000000000,5506249,2016/04/29,Mobile,37,1,0,0.00,"High Risk"
3850000000000,5639825,2016/04/29,"Bowling Green",0,2,1,0.50,"High Risk"
3850000000000,5638872,2016/04/29,Mercer,0,3,1,0.33,"Medium Risk"
3860000000000,5589516,2016/04/29,"Lenoir City",14,0,NULL,NULL,"New Patient - Monitor"
3860000000000,5676450,2016/05/09,Douglasville,0,1,1,1.00,"High Risk"
3880000000000,5626145,2016/04/29,"Rocky Mount",2,0,NULL,NULL,"New Patient - Monitor"
3880000000000,5637753,2016/04/29,Lamar,0,1,1,1.00,"High Risk"
3880000000000,5472441,2016/04/29,Livermore,45,2,1,0.50,"High Risk"
3880000000000,5472443,2016/04/29,Cambridge,45,3,1,0.33,"High Risk"
3880000000000,5526179,2016/04/29,"Mount Arlington",30,4,1,0.25,"High Risk"
3880000000000,5695597,2016/05/13,Orlando,0,5,1,0.20,"Medium Risk"
3890000000000,5653377,2016/05/05,Kuttawa,2,0,NULL,NULL,"New Patient - Monitor"
3900000000000,5677140,2016/05/18,Joplin,9,0,NULL,NULL,"New Patient - Monitor"
3920000000000,5629597,2016/04/29,Aspen,2,0,NULL,NULL,"New Patient - Monitor"
3920000000000,5601185,2016/04/29,Bryant,10,1,0,0.00,"High Risk"
3920000000000,5636849,2016/04/29,"Delray Beach",1,2,0,0.00,"Low Risk"
3930000000000,5577577,2016/04/29,Corbin,16,0,NULL,NULL,"New Patient - Monitor"
3940000000000,5564718,2016/04/29,Calhoun,18,0,NULL,NULL,"New Patient - Monitor"
3950000000000,5501518,2016/04/29,Dahlonega,38,0,NULL,NULL,"New Patient - Monitor"
3950000000000,5585174,2016/05/12,"Fort Worth",28,1,1,1.00,"High Risk"
3970000000000,5637529,2016/04/29,"Mount Arlington",0,0,NULL,NULL,"New Patient - Monitor"
3970000000000,5636130,2016/04/29,Orlando,1,1,0,0.00,"Low Risk"
3970000000000,5641441,2016/04/29,"Bella Vista",0,2,1,0.50,"High Risk"
3990000000000,5637828,2016/04/29,"Cripple Creek",0,0,NULL,NULL,"New Patient - Monitor"
3990000000000,5619053,2016/04/29,Saginaw,3,1,0,0.00,"Low Risk"
4000000000000,5546630,2016/04/29,Alpharetta,24,0,NULL,NULL,"New Patient - Monitor"
4000000000000,5641070,2016/04/29,Huntingdon,0,1,0,0.00,"Low Risk"
4000000000000,5638466,2016/04/29,"Battle Creek",0,2,0,0.00,"Low Risk"
4000000000000,5641311,2016/04/29,"Miles City",0,3,0,0.00,"Low Risk"
4000000000000,5641837,2016/04/29,Corbin,0,4,0,0.00,"Low Risk"
4110000000000,5495897,2016/04/29,Burlington,39,0,NULL,NULL,"New Patient - Monitor"
4120000000000,5576323,2016/04/29,"Twin Mountain",16,0,NULL,NULL,"New Patient - Monitor"
4130000000000,5576454,2016/05/12,Victorville,29,0,NULL,NULL,"New Patient - Monitor"
4140000000000,5473233,2016/04/29,"Bay City",45,0,NULL,NULL,"New Patient - Monitor"
4140000000000,5595356,2016/04/29,Mercer,11,1,1,1.00,"High Risk"
4140000000000,5594633,2016/04/29,Saginaw,11,2,1,0.50,"High Risk"
4140000000000,5671608,2016/05/09,"Johnson City",0,3,1,0.33,"Medium Risk"
4150000000000,5640265,2016/04/29,"Charles Town",0,0,NULL,NULL,"New Patient - Monitor"
4150000000000,5680669,2016/05/12,Huntingdon,2,1,0,0.00,"Low Risk"
4160000000000,5641355,2016/04/29,Eugene,0,0,NULL,NULL,"New Patient - Monitor"
4160000000000,5615624,2016/05/06,Boone,11,1,0,0.00,"High Risk"
4160000000000,5549104,2016/05/17,Charlotte,41,2,1,0.50,"High Risk"
4180000000000,5615976,2016/05/30,Coralville,35,0,NULL,NULL,"New Patient - Monitor"
4200000000000,5625147,2016/04/29,Olathe,2,0,NULL,NULL,"New Patient - Monitor"
4200000000000,5569576,2016/04/29,"Rocky Mount",18,1,1,1.00,"High Risk"
4200000000000,5476858,2016/04/29,Hampton,44,2,1,0.50,"High Risk"
4200000000000,5631450,2016/04/29,Aspen,1,3,1,0.33,"Medium Risk"
4200000000000,5590862,2016/05/20,Garberville,35,4,1,0.25,"High Risk"
4220000000000,5598810,2016/04/29,Vandalia,10,0,NULL,NULL,"New Patient - Monitor"
4220000000000,5561194,2016/04/29,"Battle Creek",21,1,0,0.00,"High Risk"
4230000000000,5719572,2016/05/25,Batesville,6,0,NULL,NULL,"New Patient - Monitor"
4240000000000,5542112,2016/04/29,Harrison,24,0,NULL,NULL,"New Patient - Monitor"
4250000000000,5541569,2016/04/29,"Fort Collins",24,0,NULL,NULL,"New Patient - Monitor"
4250000000000,5637912,2016/04/29,Harrison,0,1,0,0.00,"Low Risk"
4250000000000,5676068,2016/05/11,Gardena,2,2,0,0.00,"Low Risk"
4260000000000,5642549,2016/04/29,"Bay City",0,0,NULL,NULL,"New Patient - Monitor"
4260000000000,5539587,2016/04/29,Boone,28,1,0,0.00,"High Risk"
4260000000000,5639936,2016/04/29,"Fort Collins",0,2,0,0.00,"Low Risk"
4260000000000,5730674,2016/05/24,Corbin,0,3,0,0.00,"Low Risk"
4280000000000,5525409,2016/04/29,Silverton,30,0,NULL,NULL,"New Patient - Monitor"
4280000000000,5551151,2016/04/29,Enterprise,23,1,0,0.00,"High Risk"
4280000000000,5587273,2016/04/29,Boone,14,2,0,0.00,"High Risk"
4280000000000,5615517,2016/05/05,"Fort Worth",10,3,1,0.33,"High Risk"
4280000000000,5594437,2016/05/13,Coralville,25,4,1,0.25,"High Risk"
4290000000000,5641489,2016/04/29,"Eau Claire",0,0,NULL,NULL,"New Patient - Monitor"
4290000000000,5638548,2016/04/29,Warren,0,1,0,0.00,"Low Risk"
4290000000000,5631423,2016/04/29,Princeton,1,2,0,0.00,"Low Risk"
4300000000000,5693159,2016/05/12,Burlington,0,0,NULL,NULL,"New Patient - Monitor"
4330000000000,5618698,2016/04/29,Orlando,3,0,NULL,NULL,"New Patient - Monitor"
4330000000000,5732270,2016/05/30,"Williams Bay",6,1,0,0.00,"Medium Risk"
4340000000000,5516720,2016/04/29,"Twin Mountain",32,0,NULL,NULL,"New Patient - Monitor"
4360000000000,5637641,2016/04/29,Lagrange,0,0,NULL,NULL,"New Patient - Monitor"
4360000000000,5639815,2016/04/29,"Rocky Mount",0,1,0,0.00,"Low Risk"
4370000000000,5623834,2016/04/29,"Max Meadows",3,0,NULL,NULL,"New Patient - Monitor"
4400000000000,5666008,2016/05/09,Tyler,4,0,NULL,NULL,"New Patient - Monitor"
4410000000000,5637572,2016/04/29,"Fort Worth",0,0,NULL,NULL,"New Patient - Monitor"
4410000000000,5587720,2016/04/29,Mercer,14,1,0,0.00,"High Risk"
4440000000000,5522473,2016/04/29,Gardena,31,0,NULL,NULL,"New Patient - Monitor"
4440000000000,5638256,2016/04/29,Grayling,0,1,0,0.00,"Low Risk"
4440000000000,5537998,2016/05/11,"Lake Lure",40,2,0,0.00,"High Risk"
4440000000000,5728807,2016/05/24,Charlotte,4,3,0,0.00,"Medium Risk"
4450000000000,5458502,2016/04/29,Boone,49,0,NULL,NULL,"New Patient - Monitor"
4450000000000,5476594,2016/04/29,Sarasota,44,1,1,1.00,"High Risk"
4450000000000,5595358,2016/04/29,Eugene,11,2,2,1.00,"High Risk"
4460000000000,5639966,2016/04/29,Aspen,0,0,NULL,NULL,"New Patient - Monitor"
4460000000000,5656772,2016/05/05,Batesville,1,1,0,0.00,"Low Risk"
4460000000000,5663241,2016/05/12,Fairmont,7,2,0,0.00,"Medium Risk"
4470000000000,5539339,2016/04/29,"Twin Mountain",28,0,NULL,NULL,"New Patient - Monitor"
4470000000000,5539647,2016/04/29,Chicago,28,1,0,0.00,"High Risk"
4470000000000,5697110,2016/05/17,"Cedar Rapids",4,2,0,0.00,"Medium Risk"
4480000000000,5629500,2016/04/29,Albuquerque,2,0,NULL,NULL,"New Patient - Monitor"
4480000000000,5611940,2016/04/29,Dahlonega,4,1,0,0.00,"Medium Risk"
4480000000000,5539469,2016/04/29,Shakopee,28,2,1,0.50,"High Risk"
4480000000000,5539470,2016/04/29,"Saint Louis",28,3,1,0.33,"High Risk"
4480000000000,5539468,2016/04/29,Victorville,28,4,1,0.25,"High Risk"
4480000000000,5713287,2016/05/24,"Battle Creek",6,5,1,0.20,"Medium Risk"
4490000000000,5637879,2016/04/29,Hampton,0,0,NULL,NULL,"New Patient - Monitor"
4490000000000,5593516,2016/04/29,Dahlonega,11,1,0,0.00,"High Risk"
4490000000000,5715079,2016/05/25,Grayling,7,2,1,0.50,"High Risk"
4490000000000,5726941,2016/05/31,Tyler,11,3,2,0.67,"High Risk"
4500000000000,5639610,2016/04/29,"Saint Louis",0,0,NULL,NULL,"New Patient - Monitor"
4500000000000,5639553,2016/04/29,"Bowling Green",0,1,0,0.00,"Low Risk"
4510000000000,5624402,2016/04/29,Spearfish,3,0,NULL,NULL,"New Patient - Monitor"
4520000000000,5451745,2016/04/29,Dublin,50,0,NULL,NULL,"New Patient - Monitor"
4520000000000,5594560,2016/04/29,"Saint Louis",11,1,1,1.00,"High Risk"
4530000000000,5636369,2016/04/29,Sarasota,1,0,NULL,NULL,"New Patient - Monitor"
4540000000000,5488182,2016/04/29,"Bella Vista",42,0,NULL,NULL,"New Patient - Monitor"
4560000000000,5527956,2016/05/10,Coralville,41,0,NULL,NULL,"New Patient - Monitor"
4560000000000,5527960,2016/05/19,"Fort Worth",50,1,0,0.00,"High Risk"
4570000000000,5641448,2016/04/29,Livermore,0,0,NULL,NULL,"New Patient - Monitor"
4570000000000,5713340,2016/05/20,Grayling,2,1,0,0.00,"Low Risk"
4580000000000,5538722,2016/05/05,"Fort Worth",34,0,NULL,NULL,"New Patient - Monitor"
4590000000000,5638356,2016/04/29,Bryant,0,0,NULL,NULL,"New Patient - Monitor"
4590000000000,5529015,2016/05/02,Bryant,33,1,0,0.00,"High Risk"
4590000000000,5670806,2016/05/09,Burlington,3,2,1,0.50,"High Risk"
4590000000000,5676040,2016/05/12,Russellville,3,3,1,0.33,"Medium Risk"
4590000000000,5716614,2016/05/19,Woodland,0,4,1,0.25,"Medium Risk"
4600000000000,5630458,2016/04/29,Columbus,2,0,NULL,NULL,"New Patient - Monitor"
4600000000000,5642643,2016/04/29,"Forest Grove",0,1,0,0.00,"Low Risk"
4620000000000,5639763,2016/04/29,"Castle Rock",0,0,NULL,NULL,"New Patient - Monitor"
4620000000000,5218520,2016/04/29,Dublin,115,1,0,0.00,"High Risk"
4620000000000,5639898,2016/04/29,"Bay City",0,2,0,0.00,"Low Risk"
4620000000000,5638015,2016/04/29,Roanoke,0,3,0,0.00,"Low Risk"
4640000000000,5561436,2016/04/29,Raleigh,21,0,NULL,NULL,"New Patient - Monitor"
4640000000000,5615510,2016/05/03,"Battle Creek",8,1,0,0.00,"High Risk"
4650000000000,5640476,2016/04/29,"Fort Collins",0,0,NULL,NULL,"New Patient - Monitor"
4650000000000,5552817,2016/05/04,Oconomowoc,28,1,0,0.00,"High Risk"
4670000000000,5574680,2016/04/29,Orlando,17,0,NULL,NULL,"New Patient - Monitor"
4670000000000,5508644,2016/04/29,Cary,37,1,1,1.00,"High Risk"
4680000000000,5489424,2016/04/29,"Miles City",42,0,NULL,NULL,"New Patient - Monitor"
4680000000000,5565385,2016/05/06,Cary,25,1,0,0.00,"High Risk"
4690000000000,5637767,2016/04/29,"Forest Grove",0,0,NULL,NULL,"New Patient - Monitor"
4690000000000,5636700,2016/05/02,Albany,4,1,0,0.00,"Medium Risk"
4700000000000,5371429,2016/04/29,Boone,70,0,NULL,NULL,"New Patient - Monitor"
4700000000000,5711635,2016/05/18,"Fort Collins",0,1,0,0.00,"Low Risk"
4720000000000,5623726,2016/04/29,Tyler,3,0,NULL,NULL,"New Patient - Monitor"
4720000000000,5694744,2016/05/18,"Eau Claire",5,1,0,0.00,"Medium Risk"
4750000000000,5707177,2016/05/19,"Castle Rock",2,0,NULL,NULL,"New Patient - Monitor"
4760000000000,5579313,2016/04/29,"Oak Harbor",16,0,NULL,NULL,"New Patient - Monitor"
4760000000000,5641034,2016/04/29,Worthington,0,1,0,0.00,"Low Risk"
4770000000000,5637839,2016/04/29,Vandalia,0,0,NULL,NULL,"New Patient - Monitor"
4780000000000,5614557,2016/04/29,Mullins,4,0,NULL,NULL,"New Patient - Monitor"
4780000000000,5525806,2016/04/29,"Fort Collins",30,1,0,0.00,"High Risk"
4780000000000,5614551,2016/04/29,Oconomowoc,4,2,0,0.00,"Medium Risk"
4780000000000,5652616,2016/05/05,"Oak Harbor",2,3,0,0.00,"Low Risk"
4780000000000,5694811,2016/05/18,Blythewood,5,4,1,0.25,"Medium Risk"
4790000000000,5642687,2016/04/29,Mobile,0,0,NULL,NULL,"New Patient - Monitor"
4800000000000,5715987,2016/05/19,Leesburg,1,0,NULL,NULL,"New Patient - Monitor"
4800000000000,5738528,2016/05/31,"Mount Arlington",6,1,1,1.00,"High Risk"
4810000000000,5451768,2016/04/29,"Max Meadows",50,0,NULL,NULL,"New Patient - Monitor"
4820000000000,5627481,2016/04/29,Sikeston,2,0,NULL,NULL,"New Patient - Monitor"
4850000000000,5628730,2016/04/29,Mullins,2,0,NULL,NULL,"New Patient - Monitor"
4860000000000,5562154,2016/04/29,Enterprise,21,0,NULL,NULL,"New Patient - Monitor"
4860000000000,5640926,2016/04/29,Woodland,0,1,0,0.00,"Low Risk"
4860000000000,5634853,2016/04/29,Albany,1,2,0,0.00,"Low Risk"
4870000000000,5560310,2016/04/29,Appleton,21,0,NULL,NULL,"New Patient - Monitor"
4870000000000,5630249,2016/04/29,"Rocky Mount",2,1,1,1.00,"High Risk"
4870000000000,5708234,2016/05/19,Raleigh,2,2,1,0.50,"High Risk"
4880000000000,5601991,2016/04/29,"Clinton Township",10,0,NULL,NULL,"New Patient - Monitor"
4880000000000,5638728,2016/04/29,Plainfield,0,1,1,1.00,"High Risk"
4900000000000,5629031,2016/04/29,Lubbock,2,0,NULL,NULL,"New Patient - Monitor"
4900000000000,5601433,2016/04/29,Woodland,10,1,0,0.00,"High Risk"
4900000000000,5638987,2016/04/29,"Fort Wayne",0,2,0,0.00,"Low Risk"
4900000000000,5642800,2016/04/29,Saginaw,0,3,0,0.00,"Low Risk"
4900000000000,5641053,2016/04/29,Jasper,0,4,0,0.00,"Low Risk"
4910000000000,5734059,2016/05/30,Eugene,6,0,NULL,NULL,"New Patient - Monitor"
4920000000000,5521768,2016/04/29,Madisonville,31,0,NULL,NULL,"New Patient - Monitor"
4920000000000,5625259,2016/04/29,"Max Meadows",2,1,1,1.00,"High Risk"
4920000000000,5525558,2016/04/29,Moore,30,2,1,0.50,"High Risk"
4920000000000,5521769,2016/04/29,Gardena,31,3,1,0.33,"High Risk"
4920000000000,5521774,2016/04/29,Columbus,31,4,2,0.50,"High Risk"
4920000000000,5521773,2016/04/29,"Cripple Creek",31,5,3,0.60,"High Risk"
4920000000000,5547183,2016/04/29,Columbus,23,6,4,0.67,"High Risk"
4930000000000,5625150,2016/04/29,"Cripple Creek",2,0,NULL,NULL,"New Patient - Monitor"
4940000000000,5666031,2016/05/09,Raleigh,4,0,NULL,NULL,"New Patient - Monitor"
4950000000000,5618693,2016/04/29,Gretna,3,0,NULL,NULL,"New Patient - Monitor"
4950000000000,5573143,2016/04/29,Albany,17,1,0,0.00,"High Risk"
4950000000000,5525973,2016/04/29,Lagrange,30,2,0,0.00,"High Risk"
4950000000000,5635212,2016/05/02,Corbin,4,3,1,0.33,"Medium Risk"
4950000000000,5732480,2016/05/30,Blythewood,6,4,1,0.25,"Medium Risk"
4960000000000,5493845,2016/04/29,"Saint Louis",39,0,NULL,NULL,"New Patient - Monitor"
4960000000000,5635229,2016/05/02,"Cedar Rapids",4,1,1,1.00,"High Risk"
4970000000000,5513929,2016/04/29,"Castle Rock",32,0,NULL,NULL,"New Patient - Monitor"
4970000000000,5394455,2016/05/04,Bloomington,69,1,1,1.00,"High Risk"
4970000000000,5710637,2016/05/18,Charlotte,1,2,2,1.00,"High Risk"
4980000000000,5640591,2016/04/29,Albuquerque,0,0,NULL,NULL,"New Patient - Monitor"
4980000000000,5640390,2016/04/29,Burlington,0,1,0,0.00,"Low Risk"
4980000000000,5635842,2016/04/29,"Williams Bay",1,2,0,0.00,"Low Risk"
4980000000000,5638420,2016/04/29,Huntingdon,0,3,0,0.00,"Low Risk"
5110000000000,5638406,2016/04/29,Chattanooga,0,0,NULL,NULL,"New Patient - Monitor"
5120000000000,5639441,2016/04/29,"Saint Louis",0,0,NULL,NULL,"New Patient - Monitor"
5120000000000,5594085,2016/04/29,Albany,11,1,0,0.00,"High Risk"
5140000000000,5636359,2016/04/29,Lexington,1,0,NULL,NULL,"New Patient - Monitor"
5150000000000,5636695,2016/05/02,"Bella Vista",4,0,NULL,NULL,"New Patient - Monitor"
5160000000000,5638055,2016/04/29,Victorville,0,0,NULL,NULL,"New Patient - Monitor"
5160000000000,5629304,2016/04/29,Huntingdon,2,1,0,0.00,"Low Risk"
5160000000000,5629303,2016/04/29,"Fort Wayne",2,2,0,0.00,"Low Risk"
5160000000000,5654787,2016/05/05,Cary,2,3,0,0.00,"Low Risk"
5160000000000,5599963,2016/05/25,"Lenoir City",36,4,0,0.00,"High Risk"
5170000000000,5641354,2016/04/29,Orlando,0,0,NULL,NULL,"New Patient - Monitor"
5170000000000,5654781,2016/05/05,Columbia,2,1,0,0.00,"Low Risk"
5190000000000,5418569,2016/04/29,Albany,58,0,NULL,NULL,"New Patient - Monitor"
5210000000000,5620809,2016/04/29,Mobile,3,0,NULL,NULL,"New Patient - Monitor"
5210000000000,5631419,2016/04/29,Walden,1,1,0,0.00,"Low Risk"
5210000000000,5707823,2016/05/17,Kuttawa,0,2,1,0.50,"High Risk"
5230000000000,5531375,2016/04/29,Moore,29,0,NULL,NULL,"New Patient - Monitor"
5230000000000,5719701,2016/05/25,Albany,6,1,0,0.00,"Medium Risk"
5240000000000,5639808,2016/04/29,Blythewood,0,0,NULL,NULL,"New Patient - Monitor"
5240000000000,5668442,2016/05/06,"Fort Wayne",0,1,0,0.00,"Low Risk"
5250000000000,5565493,2016/04/29,"Rocky Mount",18,0,NULL,NULL,"New Patient - Monitor"
5250000000000,5641465,2016/04/29,Moore,0,1,0,0.00,"Low Risk"
5250000000000,5562620,2016/04/29,Boone,21,2,0,0.00,"High Risk"
5250000000000,5643105,2016/05/02,Lexington,0,3,0,0.00,"Low Risk"
5250000000000,5650011,2016/05/03,Columbia,0,4,0,0.00,"Low Risk"
5260000000000,5629183,2016/04/29,Cambridge,2,0,NULL,NULL,"New Patient - Monitor"
5280000000000,5637880,2016/04/29,"Detroit Lakes",0,0,NULL,NULL,"New Patient - Monitor"
5280000000000,5614546,2016/04/29,"Saint Louis",4,1,0,0.00,"Medium Risk"
5280000000000,5614545,2016/04/29,Valentine,4,2,0,0.00,"Medium Risk"
5290000000000,5637710,2016/04/29,Georgetown,0,0,NULL,NULL,"New Patient - Monitor"
5290000000000,5637725,2016/04/29,"Castle Rock",0,1,0,0.00,"Low Risk"
5290000000000,5689681,2016/05/16,Eugene,4,2,0,0.00,"Medium Risk"
5300000000000,5451239,2016/04/29,Albany,50,0,NULL,NULL,"New Patient - Monitor"
5300000000000,5615576,2016/05/05,Orlando,10,1,0,0.00,"High Risk"
5300000000000,5680562,2016/05/11,Raleigh,1,2,0,0.00,"Low Risk"
5310000000000,5638689,2016/04/29,Mercer,0,0,NULL,NULL,"New Patient - Monitor"
5320000000000,5523292,2016/04/29,Tyler,31,0,NULL,NULL,"New Patient - Monitor"
5330000000000,5704995,2016/05/25,"Eau Claire",9,0,NULL,NULL,"New Patient - Monitor"
5350000000000,5544393,2016/04/29,Mullins,24,0,NULL,NULL,"New Patient - Monitor"
5350000000000,5599531,2016/04/29,"Fort Collins",10,1,0,0.00,"High Risk"
5350000000000,5641453,2016/04/29,"Cripple Creek",0,2,0,0.00,"Low Risk"
5350000000000,5638471,2016/04/29,Chattanooga,0,3,0,0.00,"Low Risk"
5350000000000,5606936,2016/05/11,Boone,21,4,0,0.00,"High Risk"
5360000000000,5573497,2016/04/29,Boone,17,0,NULL,NULL,"New Patient - Monitor"
5360000000000,5629817,2016/04/29,Roanoke,2,1,0,0.00,"Low Risk"
5370000000000,5623002,2016/04/29,"Grand Junction",3,0,NULL,NULL,"New Patient - Monitor"
5370000000000,5646463,2016/05/09,Sikeston,7,1,1,1.00,"High Risk"
5380000000000,5626992,2016/04/29,"Fort Wayne",2,0,NULL,NULL,"New Patient - Monitor"
5380000000000,5712431,2016/05/20,Blythewood,2,1,0,0.00,"Low Risk"
5380000000000,5732383,2016/05/30,Hartford,6,2,0,0.00,"Medium Risk"
5390000000000,5498050,2016/04/29,Calhoun,38,0,NULL,NULL,"New Patient - Monitor"
5400000000000,5427026,2016/05/04,Eugene,62,0,NULL,NULL,"New Patient - Monitor"
5400000000000,5427027,2016/05/04,Eugene,62,1,0,0.00,"High Risk"
5420000000000,5636580,2016/04/29,Brockton,1,0,NULL,NULL,"New Patient - Monitor"
5420000000000,5605796,2016/05/30,Gardena,40,1,0,0.00,"High Risk"
5430000000000,5552915,2016/04/29,Dublin,23,0,NULL,NULL,"New Patient - Monitor"
5430000000000,5565870,2016/05/05,Dahlonega,24,1,0,0.00,"High Risk"
5430000000000,5570369,2016/05/12,Hartford,30,2,0,0.00,"High Risk"
5440000000000,5618133,2016/04/29,Columbia,3,0,NULL,NULL,"New Patient - Monitor"
5450000000000,5631098,2016/04/29,"Cedar Rapids",2,0,NULL,NULL,"New Patient - Monitor"
5450000000000,5631116,2016/04/29,Eugene,2,1,0,0.00,"Low Risk"
5450000000000,5607753,2016/04/29,Gardena,9,2,1,0.50,"High Risk"
5460000000000,5615688,2016/04/29,Victorville,4,0,NULL,NULL,"New Patient - Monitor"
5470000000000,5660277,2016/05/05,Indianapolis,1,0,NULL,NULL,"New Patient - Monitor"
5480000000000,5639584,2016/04/29,Orlando,0,0,NULL,NULL,"New Patient - Monitor"
5480000000000,5481913,2016/04/29,"Fort Collins",43,1,0,0.00,"High Risk"
5480000000000,5666037,2016/05/09,"Fort Wayne",4,2,1,0.50,"High Risk"
5490000000000,5694782,2016/05/18,"Miles City",5,0,NULL,NULL,"New Patient - Monitor"
5500000000000,5489408,2016/04/29,Mobile,42,0,NULL,NULL,"New Patient - Monitor"
5500000000000,5680545,2016/05/11,Batesville,1,1,1,1.00,"High Risk"
5500000000000,5691979,2016/05/12,"Bowling Green",0,2,2,1.00,"High Risk"
5520000000000,5517568,2016/04/29,Hartford,32,0,NULL,NULL,"New Patient - Monitor"
5540000000000,5451779,2016/04/29,Shakopee,50,0,NULL,NULL,"New Patient - Monitor"
5550000000000,5480931,2016/04/29,"Bella Vista",43,0,NULL,NULL,"New Patient - Monitor"
5560000000000,5628035,2016/04/29,Chicago,2,0,NULL,NULL,"New Patient - Monitor"
5560000000000,5471056,2016/04/29,Orlando,45,1,0,0.00,"High Risk"
5560000000000,5628034,2016/04/29,Tyler,2,2,1,0.50,"High Risk"
5570000000000,5512177,2016/04/29,"Eau Claire",32,0,NULL,NULL,"New Patient - Monitor"
5570000000000,5661193,2016/05/05,Fairmont,0,1,0,0.00,"Low Risk"
5570000000000,5712027,2016/05/18,Douglasville,0,2,0,0.00,"Low Risk"
5580000000000,5602845,2016/04/29,Woodland,10,0,NULL,NULL,"New Patient - Monitor"
5590000000000,5479944,2016/04/29,Shreveport,43,0,NULL,NULL,"New Patient - Monitor"
5590000000000,5638469,2016/04/29,Columbus,0,1,0,0.00,"Low Risk"
5600000000000,5642906,2016/04/29,Moore,0,0,NULL,NULL,"New Patient - Monitor"
5600000000000,5554805,2016/05/02,Victorville,25,1,0,0.00,"High Risk"
5600000000000,5449437,2016/05/03,Albany,55,2,1,0.50,"High Risk"
5600000000000,5449438,2016/05/03,Orlando,55,3,2,0.67,"High Risk"
5600000000000,5676107,2016/05/12,"East Syracuse",3,4,3,0.75,"High Risk"
5620000000000,5599125,2016/04/29,Griffin,10,0,NULL,NULL,"New Patient - Monitor"
5620000000000,5737327,2016/05/31,Orlando,6,1,0,0.00,"Medium Risk"
5630000000000,5602082,2016/04/29,Sarasota,10,0,NULL,NULL,"New Patient - Monitor"
5630000000000,5517649,2016/04/29,Mercer,32,1,0,0.00,"High Risk"
5640000000000,5583166,2016/04/29,Roanoke,15,0,NULL,NULL,"New Patient - Monitor"
5640000000000,5569050,2016/05/10,"Fort Collins",29,1,1,1.00,"High Risk"
5650000000000,5640211,2016/04/29,Blythewood,0,0,NULL,NULL,"New Patient - Monitor"
5650000000000,5676077,2016/05/11,Bradenton,2,1,0,0.00,"Low Risk"
5650000000000,5707165,2016/05/18,Coralville,1,2,0,0.00,"Low Risk"
5660000000000,5628997,2016/05/04,Sikeston,7,0,NULL,NULL,"New Patient - Monitor"
5660000000000,5494779,2016/05/04,Ogunquit,44,1,0,0.00,"High Risk"
5660000000000,5660998,2016/05/05,"Elk City",0,2,1,0.50,"High Risk"
5660000000000,5658552,2016/05/18,"Palm Springs",14,3,1,0.33,"High Risk"
5670000000000,5510382,2016/04/29,Livermore,37,0,NULL,NULL,"New Patient - Monitor"
5670000000000,5638397,2016/04/29,Livermore,0,1,0,0.00,"Low Risk"
5670000000000,5640354,2016/04/29,Calhoun,0,2,0,0.00,"Low Risk"
5670000000000,5639963,2016/04/29,"Fort Worth",0,3,0,0.00,"Low Risk"
5680000000000,5552765,2016/04/29,Tyler,23,0,NULL,NULL,"New Patient - Monitor"
5680000000000,5739999,2016/05/31,Gardena,6,1,1,1.00,"High Risk"
5690000000000,5551359,2016/04/29,Chicago,23,0,NULL,NULL,"New Patient - Monitor"
5700000000000,5523433,2016/04/29,Blythewood,31,0,NULL,NULL,"New Patient - Monitor"
5720000000000,5626026,2016/04/29,"Fort Wayne",2,0,NULL,NULL,"New Patient - Monitor"
5720000000000,5613480,2016/04/29,Raleigh,4,1,0,0.00,"Medium Risk"
5720000000000,5638897,2016/04/29,Huntingdon,0,2,0,0.00,"Low Risk"
5720000000000,5359346,2016/05/16,Albuquerque,89,3,1,0.33,"High Risk"
5720000000000,5702347,2016/05/18,Fairmont,2,4,1,0.25,"Medium Risk"
5720000000000,5656260,2016/05/20,"Fort Wayne",16,5,1,0.20,"High Risk"
5730000000000,5626131,2016/04/29,Eugene,2,0,NULL,NULL,"New Patient - Monitor"
5730000000000,5605391,2016/05/02,Plainfield,12,1,0,0.00,"High Risk"
5730000000000,5676048,2016/05/12,Charlotte,3,2,1,0.50,"High Risk"
5740000000000,5486636,2016/04/29,"Max Meadows",42,0,NULL,NULL,"New Patient - Monitor"
5740000000000,5558030,2016/04/29,Roanoke,22,1,1,1.00,"High Risk"
5740000000000,5558031,2016/04/29,Victorville,22,2,1,0.50,"High Risk"
5750000000000,5642767,2016/04/29,Worthington,0,0,NULL,NULL,"New Patient - Monitor"
5750000000000,5640171,2016/04/29,Victorville,0,1,0,0.00,"Low Risk"
5750000000000,5743744,2016/05/30,"Rocky Mount",0,2,0,0.00,"Low Risk"
5760000000000,5453021,2016/04/29,"Battle Creek",50,0,NULL,NULL,"New Patient - Monitor"
5760000000000,5641884,2016/04/29,Kuttawa,0,1,0,0.00,"Low Risk"
5770000000000,5517556,2016/04/29,Vandalia,32,0,NULL,NULL,"New Patient - Monitor"
5770000000000,5630377,2016/04/29,Cary,2,1,0,0.00,"Low Risk"
5770000000000,5651848,2016/05/03,Columbus,0,2,0,0.00,"Low Risk"
5770000000000,5719691,2016/05/24,"Williams Bay",5,3,0,0.00,"Medium Risk"
5780000000000,5637626,2016/04/29,"Mount Arlington",0,0,NULL,NULL,"New Patient - Monitor"
5790000000000,5713295,2016/05/24,Blythewood,6,0,NULL,NULL,"New Patient - Monitor"
5820000000000,5552638,2016/04/29,"Fort Wayne",23,0,NULL,NULL,"New Patient - Monitor"
5820000000000,5624020,2016/04/29,Warren,3,1,1,1.00,"High Risk"
5830000000000,5736301,2016/05/25,"Fort Worth",0,0,NULL,NULL,"New Patient - Monitor"
5840000000000,5639593,2016/04/29,"Saint Louis",0,0,NULL,NULL,"New Patient - Monitor"
5840000000000,5548954,2016/04/29,"Forest Grove",23,1,0,0.00,"High Risk"
5840000000000,5548957,2016/04/29,Roanoke,23,2,0,0.00,"High Risk"
5860000000000,5389043,2016/04/29,Bradenton,65,0,NULL,NULL,"New Patient - Monitor"
5870000000000,5609446,2016/04/29,Gooding,9,0,NULL,NULL,"New Patient - Monitor"
5870000000000,5642476,2016/04/29,Blythewood,0,1,0,0.00,"Low Risk"
5880000000000,5639993,2016/04/29,Coralville,0,0,NULL,NULL,"New Patient - Monitor"
5890000000000,5481833,2016/04/29,Huntingdon,43,0,NULL,NULL,"New Patient - Monitor"
5890000000000,5544443,2016/04/29,Mobile,24,1,0,0.00,"High Risk"
5900000000000,5712449,2016/05/20,"Miles City",2,0,NULL,NULL,"New Patient - Monitor"
5900000000000,5713278,2016/05/24,Vandalia,6,1,1,1.00,"High Risk"
5910000000000,5637532,2016/04/29,"Palm Springs",0,0,NULL,NULL,"New Patient - Monitor"
5920000000000,5494413,2016/04/29,Saginaw,39,0,NULL,NULL,"New Patient - Monitor"
5930000000000,5642400,2016/04/29,"Mount Arlington",0,0,NULL,NULL,"New Patient - Monitor"
5930000000000,5523120,2016/04/29,"Twin Mountain",31,1,0,0.00,"High Risk"
5930000000000,5562309,2016/04/29,"Fort Wayne",21,2,0,0.00,"High Risk"
5940000000000,5639380,2016/04/29,Eugene,0,0,NULL,NULL,"New Patient - Monitor"
5950000000000,5638147,2016/04/29,Corbin,0,0,NULL,NULL,"New Patient - Monitor"
5950000000000,5677114,2016/05/16,Orlando,7,1,0,0.00,"Medium Risk"
5960000000000,5637758,2016/04/29,Auburn,0,0,NULL,NULL,"New Patient - Monitor"
5980000000000,5490707,2016/04/29,Huntingdon,42,0,NULL,NULL,"New Patient - Monitor"
5980000000000,5562882,2016/05/05,Eugene,27,1,0,0.00,"High Risk"
5990000000000,5637489,2016/04/29,Sarasota,0,0,NULL,NULL,"New Patient - Monitor"
6000000000000,5536318,2016/04/29,"Mount Arlington",28,0,NULL,NULL,"New Patient - Monitor"
6000000000000,5638517,2016/04/29,Kuttawa,0,1,0,0.00,"Low Risk"
6000000000000,5677158,2016/05/18,"Forest Grove",9,2,0,0.00,"High Risk"
6000000000000,5694794,2016/05/18,Vandalia,5,3,0,0.00,"Medium Risk"
6120000000000,5705958,2016/05/17,Billings,0,0,NULL,NULL,"New Patient - Monitor"
6120000000000,5706756,2016/05/17,Columbus,0,1,0,0.00,"Low Risk"
6130000000000,5451790,2016/04/29,Auburn,50,0,NULL,NULL,"New Patient - Monitor"
6130000000000,5675141,2016/05/25,Victorville,16,1,0,0.00,"High Risk"
6140000000000,5640840,2016/04/29,Oconomowoc,0,0,NULL,NULL,"New Patient - Monitor"
6150000000000,5465311,2016/04/29,Columbia,46,0,NULL,NULL,"New Patient - Monitor"
6160000000000,5533666,2016/04/29,"Bay City",29,0,NULL,NULL,"New Patient - Monitor"
6160000000000,5637475,2016/04/29,Gardena,0,1,0,0.00,"Low Risk"
6160000000000,5628618,2016/04/29,Dahlonega,2,2,0,0.00,"Low Risk"
6170000000000,5537025,2016/04/29,Mobile,28,0,NULL,NULL,"New Patient - Monitor"
6170000000000,5661392,2016/05/06,Albany,1,1,0,0.00,"Low Risk"
6180000000000,5574524,2016/04/29,Plainfield,17,0,NULL,NULL,"New Patient - Monitor"
6180000000000,5472950,2016/04/29,Livermore,45,1,1,1.00,"High Risk"
6190000000000,5641712,2016/04/29,Bradenton,0,0,NULL,NULL,"New Patient - Monitor"
6190000000000,5702483,2016/05/19,Cary,3,1,0,0.00,"Low Risk"
6190000000000,5609287,2016/05/31,Eugene,41,2,0,0.00,"High Risk"
6200000000000,5551100,2016/04/29,"Lenoir City",23,0,NULL,NULL,"New Patient - Monitor"
6220000000000,5631870,2016/04/29,Vandalia,1,0,NULL,NULL,"New Patient - Monitor"
6220000000000,5596076,2016/04/29,"Bay City",11,1,0,0.00,"High Risk"
6230000000000,5642419,2016/04/29,Altoona,0,0,NULL,NULL,"New Patient - Monitor"
6230000000000,5639929,2016/04/29,"Battle Creek",0,1,0,0.00,"Low Risk"
6230000000000,5646418,2016/05/13,Charlotte,11,2,0,0.00,"High Risk"
6230000000000,5740060,2016/05/31,Batesville,6,3,1,0.33,"Medium Risk"
6240000000000,5580121,2016/05/18,Eugene,35,0,NULL,NULL,"New Patient - Monitor"
6250000000000,5746475,2016/05/30,"Forest Grove",0,0,NULL,NULL,"New Patient - Monitor"
6260000000000,5642798,2016/04/29,"East Syracuse",0,0,NULL,NULL,"New Patient - Monitor"
6270000000000,5642169,2016/04/29,"El Reno",0,0,NULL,NULL,"New Patient - Monitor"
6270000000000,5680671,2016/05/12,Huntingdon,2,1,0,0.00,"Low Risk"
6290000000000,5732365,2016/05/30,Orlando,6,0,NULL,NULL,"New Patient - Monitor"
6300000000000,5621693,2016/04/29,Owasso,3,0,NULL,NULL,"New Patient - Monitor"
6300000000000,5590755,2016/04/29,Hartford,14,1,0,0.00,"High Risk"
6300000000000,5707108,2016/05/19,Vandalia,2,2,0,0.00,"Low Risk"
6320000000000,5506021,2016/04/29,"Osage Beach",37,0,NULL,NULL,"New Patient - Monitor"
6320000000000,5696989,2016/05/16,Dallas,3,1,0,0.00,"Low Risk"
6320000000000,5694541,2016/05/17,Blythewood,4,2,0,0.00,"Medium Risk"
6330000000000,5573127,2016/04/29,Roanoke,17,0,NULL,NULL,"New Patient - Monitor"
6330000000000,5658245,2016/05/04,Corbin,0,1,0,0.00,"Low Risk"
6330000000000,5680565,2016/05/11,Albany,1,2,0,0.00,"Low Risk"
6330000000000,5697376,2016/05/13,"Rocky Mount",0,3,1,0.33,"Medium Risk"
6340000000000,5639849,2016/04/29,Raleigh,0,0,NULL,NULL,"New Patient - Monitor"
6340000000000,5637614,2016/04/29,Olathe,0,1,0,0.00,"Low Risk"
6340000000000,5729475,2016/05/24,Bryant,0,2,0,0.00,"Low Risk"
6360000000000,5640981,2016/04/29,"Palm Springs",0,0,NULL,NULL,"New Patient - Monitor"
6360000000000,5578355,2016/04/29,Columbus,16,1,0,0.00,"High Risk"
6360000000000,5740050,2016/05/31,Batesville,6,2,0,0.00,"Medium Risk"
6370000000000,5554636,2016/04/29,Charlotte,22,0,NULL,NULL,"New Patient - Monitor"
6370000000000,5563082,2016/04/29,Lexington,21,1,0,0.00,"High Risk"
6370000000000,5630442,2016/04/29,Shreveport,2,2,0,0.00,"Low Risk"
6380000000000,5569533,2016/04/29,Tyler,18,0,NULL,NULL,"New Patient - Monitor"
6380000000000,5734667,2016/05/31,"Battle Creek",7,1,0,0.00,"Medium Risk"
6390000000000,5591009,2016/04/29,Lagrange,14,0,NULL,NULL,"New Patient - Monitor"
6420000000000,5453098,2016/05/16,Indianapolis,67,0,NULL,NULL,"New Patient - Monitor"
6430000000000,5589673,2016/04/29,"Bowling Green",14,0,NULL,NULL,"New Patient - Monitor"
6440000000000,5642394,2016/04/29,Boone,0,0,NULL,NULL,"New Patient - Monitor"
6440000000000,5559948,2016/04/29,Ogunquit,21,1,0,0.00,"High Risk"
6440000000000,5590970,2016/04/29,Burlington,14,2,0,0.00,"High Risk"
6440000000000,5642796,2016/04/29,Chattanooga,0,3,1,0.33,"Medium Risk"
6440000000000,5640306,2016/04/29,Winthrop,0,4,1,0.25,"Medium Risk"
6440000000000,5669327,2016/05/10,Burlington,4,5,1,0.20,"Medium Risk"
6450000000000,5558410,2016/04/29,"Cripple Creek",22,0,NULL,NULL,"New Patient - Monitor"
6460000000000,5626352,2016/04/29,"Saint Louis",2,0,NULL,NULL,"New Patient - Monitor"
6470000000000,5629167,2016/04/29,Orlando,2,0,NULL,NULL,"New Patient - Monitor"
6470000000000,5637061,2016/04/29,Sarasota,1,1,1,1.00,"High Risk"
6470000000000,5532305,2016/05/03,Burlington,33,2,1,0.50,"High Risk"
6490000000000,5464289,2016/04/29,Raleigh,46,0,NULL,NULL,"New Patient - Monitor"
6500000000000,5524352,2016/05/02,"Johnson City",33,0,NULL,NULL,"New Patient - Monitor"
6500000000000,5668051,2016/05/06,Winthrop,0,1,1,1.00,"High Risk"
6510000000000,5564534,2016/04/29,Mobile,18,0,NULL,NULL,"New Patient - Monitor"
6520000000000,5554430,2016/04/29,Enterprise,22,0,NULL,NULL,"New Patient - Monitor"
6520000000000,5569597,2016/04/29,Bryant,18,1,0,0.00,"High Risk"
6520000000000,5732469,2016/05/30,Boone,6,2,0,0.00,"Medium Risk"
6540000000000,5510389,2016/04/29,Livermore,37,0,NULL,NULL,"New Patient - Monitor"
6550000000000,5597643,2016/04/29,"Battle Creek",11,0,NULL,NULL,"New Patient - Monitor"
6560000000000,5526187,2016/04/29,"Miles City",30,0,NULL,NULL,"New Patient - Monitor"
6560000000000,5567889,2016/04/29,Oconomowoc,18,1,0,0.00,"High Risk"
6570000000000,5627543,2016/04/29,Livermore,2,0,NULL,NULL,"New Patient - Monitor"
6570000000000,5640159,2016/04/29,"Fort Collins",0,1,0,0.00,"Low Risk"
6570000000000,5634557,2016/05/02,Albuquerque,4,2,0,0.00,"Medium Risk"
6570000000000,5655819,2016/05/04,Cary,0,3,1,0.33,"Medium Risk"
6570000000000,5687365,2016/05/16,Cary,5,4,1,0.25,"Medium Risk"
6580000000000,5616099,2016/05/24,Leesburg,29,0,NULL,NULL,"New Patient - Monitor"
6590000000000,5482740,2016/04/29,Hampton,43,0,NULL,NULL,"New Patient - Monitor"
6590000000000,5537636,2016/04/29,"Fort Worth",28,1,0,0.00,"High Risk"
6600000000000,5516717,2016/04/29,"Castle Rock",32,0,NULL,NULL,"New Patient - Monitor"
6620000000000,5661931,2016/05/09,Billings,4,0,NULL,NULL,"New Patient - Monitor"
6620000000000,5696099,2016/05/13,Livermore,0,1,0,0.00,"Low Risk"
6620000000000,5694480,2016/05/17,Batesville,4,2,0,0.00,"Medium Risk"
6620000000000,5713011,2016/05/18,Burlington,0,3,0,0.00,"Low Risk"
6620000000000,5655421,2016/05/18,"Castle Rock",15,4,0,0.00,"High Risk"
6630000000000,5498507,2016/04/29,"Castle Rock",38,0,NULL,NULL,"New Patient - Monitor"
6630000000000,5618130,2016/04/29,Calhoun,3,1,0,0.00,"Low Risk"
6630000000000,5501708,2016/04/29,Gretna,38,2,0,0.00,"High Risk"
6640000000000,5638828,2016/04/29,"Williams Bay",0,0,NULL,NULL,"New Patient - Monitor"
6640000000000,5616140,2016/04/29,Brockton,4,1,0,0.00,"Medium Risk"
6640000000000,5616139,2016/04/29,Raleigh,4,2,0,0.00,"Medium Risk"
6640000000000,5557753,2016/04/29,"Fort Collins",22,3,0,0.00,"High Risk"
6660000000000,5523409,2016/04/29,Madisonville,31,0,NULL,NULL,"New Patient - Monitor"
6670000000000,5640142,2016/04/29,"Cripple Creek",0,0,NULL,NULL,"New Patient - Monitor"
6690000000000,5718846,2016/05/19,Griffin,0,0,NULL,NULL,"New Patient - Monitor"
6690000000000,5713280,2016/05/24,Cambridge,6,1,0,0.00,"Medium Risk"
6710000000000,5618779,2016/04/29,Billings,3,0,NULL,NULL,"New Patient - Monitor"
6720000000000,5665994,2016/05/09,Dublin,4,0,NULL,NULL,"New Patient - Monitor"
6730000000000,5724349,2016/05/20,Batesville,0,0,NULL,NULL,"New Patient - Monitor"
6750000000000,5666534,2016/05/05,Huntingdon,0,0,NULL,NULL,"New Patient - Monitor"
6760000000000,5583683,2016/04/29,Winthrop,15,0,NULL,NULL,"New Patient - Monitor"
6770000000000,5637730,2016/04/29,Cambridge,0,0,NULL,NULL,"New Patient - Monitor"
6770000000000,5637702,2016/04/29,Gardena,0,1,0,0.00,"Low Risk"
6790000000000,5598510,2016/04/29,Hampton,10,0,NULL,NULL,"New Patient - Monitor"
6790000000000,5565243,2016/05/10,Bradenton,29,1,0,0.00,"High Risk"
6790000000000,5736178,2016/05/25,Sikeston,0,2,0,0.00,"Low Risk"
6810000000000,5574829,2016/04/29,Lincolnton,17,0,NULL,NULL,"New Patient - Monitor"
6830000000000,5569531,2016/04/29,Charlotte,18,0,NULL,NULL,"New Patient - Monitor"
6830000000000,5638580,2016/04/29,"Fort Collins",0,1,0,0.00,"Low Risk"
6830000000000,5625110,2016/04/29,Lubbock,2,2,0,0.00,"Low Risk"
6830000000000,5681969,2016/05/12,Spearfish,2,3,1,0.33,"Medium Risk"
6840000000000,5479053,2016/04/29,Columbus,44,0,NULL,NULL,"New Patient - Monitor"
6850000000000,5523434,2016/04/29,Lagrange,31,0,NULL,NULL,"New Patient - Monitor"
6850000000000,5632571,2016/04/29,Orlando,1,1,0,0.00,"Low Risk"
6860000000000,5637408,2016/04/29,Oconomowoc,0,0,NULL,NULL,"New Patient - Monitor"
6860000000000,5598455,2016/04/29,Chicago,10,1,0,0.00,"High Risk"
6870000000000,5612222,2016/04/29,Roanoke,4,0,NULL,NULL,"New Patient - Monitor"
6870000000000,5540523,2016/04/29,Griffin,24,1,0,0.00,"High Risk"
6880000000000,5552573,2016/05/05,Shakopee,29,0,NULL,NULL,"New Patient - Monitor"
6880000000000,5552579,2016/05/13,Burlington,37,1,1,1.00,"High Risk"
6890000000000,5611514,2016/04/29,"Cripple Creek",4,0,NULL,NULL,"New Patient - Monitor"
6890000000000,5638258,2016/04/29,Dahlonega,0,1,0,0.00,"Low Risk"
6900000000000,5676108,2016/05/12,Raleigh,3,0,NULL,NULL,"New Patient - Monitor"
6930000000000,5603886,2016/04/29,Clanton,9,0,NULL,NULL,"New Patient - Monitor"
6950000000000,5623458,2016/04/29,Princeton,3,0,NULL,NULL,"New Patient - Monitor"
6950000000000,5634232,2016/04/29,Blythewood,1,1,0,0.00,"Low Risk"
6950000000000,5702555,2016/05/25,Columbia,9,2,0,0.00,"High Risk"
6960000000000,5642087,2016/04/29,"Bay City",0,0,NULL,NULL,"New Patient - Monitor"
6960000000000,5638179,2016/04/29,"Rocky Mount",0,1,0,0.00,"Low Risk"
6960000000000,5628759,2016/04/29,Lexington,2,2,0,0.00,"Low Risk"
6970000000000,5704496,2016/05/16,"Castle Rock",0,0,NULL,NULL,"New Patient - Monitor"
6980000000000,5634797,2016/04/29,Mobile,1,0,NULL,NULL,"New Patient - Monitor"
6980000000000,5527610,2016/04/29,"Bella Vista",30,1,0,0.00,"High Risk"
6980000000000,5635236,2016/05/02,"Castle Rock",4,2,0,0.00,"Medium Risk"
6990000000000,5601123,2016/04/29,Bryant,10,0,NULL,NULL,"New Patient - Monitor"
7000000000000,5641534,2016/04/29,Appleton,0,0,NULL,NULL,"New Patient - Monitor"
7110000000000,5588235,2016/04/29,"Fort Collins",14,0,NULL,NULL,"New Patient - Monitor"
7120000000000,5543357,2016/04/29,"Fort Worth",24,0,NULL,NULL,"New Patient - Monitor"
7120000000000,5639473,2016/04/29,Douglasville,0,1,0,0.00,"Low Risk"
7120000000000,5639421,2016/04/29,Orlando,0,2,0,0.00,"Low Risk"
7120000000000,5639885,2016/04/29,Columbus,0,3,0,0.00,"Low Risk"
7120000000000,5713275,2016/05/24,Vandalia,6,4,0,0.00,"Medium Risk"
7140000000000,5636853,2016/04/29,Moore,1,0,NULL,NULL,"New Patient - Monitor"
7160000000000,5642809,2016/04/29,Albuquerque,0,0,NULL,NULL,"New Patient - Monitor"
7160000000000,5689676,2016/05/16,Boone,4,1,0,0.00,"Medium Risk"
7180000000000,5458198,2016/04/29,Dublin,49,0,NULL,NULL,"New Patient - Monitor"
7190000000000,5520322,2016/04/29,Gardena,31,0,NULL,NULL,"New Patient - Monitor"
7190000000000,5536068,2016/05/03,"Fort Wayne",32,1,0,0.00,"High Risk"
7220000000000,5566070,2016/04/29,Batesville,18,0,NULL,NULL,"New Patient - Monitor"
7220000000000,5640433,2016/04/29,Russellville,0,1,0,0.00,"Low Risk"
7220000000000,5566072,2016/04/29,"Fort Wayne",18,2,0,0.00,"High Risk"
7230000000000,5549027,2016/04/29,Huntingdon,23,0,NULL,NULL,"New Patient - Monitor"
7230000000000,5584261,2016/04/29,Carlsbad,15,1,0,0.00,"High Risk"
7230000000000,5642405,2016/04/29,Raleigh,0,2,0,0.00,"Low Risk"
7230000000000,5638142,2016/04/29,Cary,0,3,0,0.00,"Low Risk"
7230000000000,5636074,2016/04/29,Hartford,1,4,0,0.00,"Low Risk"
7230000000000,5636697,2016/05/02,Huntingdon,4,5,0,0.00,"Medium Risk"
7240000000000,5604075,2016/04/29,"Mount Arlington",9,0,NULL,NULL,"New Patient - Monitor"
7250000000000,5554959,2016/04/29,Lexington,22,0,NULL,NULL,"New Patient - Monitor"
7260000000000,5595270,2016/04/29,Gretna,11,0,NULL,NULL,"New Patient - Monitor"
7270000000000,5482953,2016/04/29,Billings,43,0,NULL,NULL,"New Patient - Monitor"
7270000000000,5601968,2016/04/29,Vandalia,10,1,0,0.00,"High Risk"
7270000000000,5639757,2016/04/29,Albany,0,2,1,0.50,"High Risk"
7270000000000,5591213,2016/04/29,"Fort Wayne",14,3,1,0.33,"High Risk"
7270000000000,5630198,2016/04/29,Charlotte,2,4,2,0.50,"High Risk"
7270000000000,5629512,2016/04/29,Auburn,2,5,3,0.60,"High Risk"
7280000000000,5637510,2016/04/29,Owasso,0,0,NULL,NULL,"New Patient - Monitor"
7280000000000,5483836,2016/04/29,Columbia,43,1,0,0.00,"High Risk"
7300000000000,5630571,2016/05/11,Eugene,14,0,NULL,NULL,"New Patient - Monitor"
7310000000000,5639888,2016/04/29,Kuttawa,0,0,NULL,NULL,"New Patient - Monitor"
7310000000000,5638712,2016/04/29,Coralville,0,1,0,0.00,"Low Risk"
7320000000000,5625221,2016/04/29,Dublin,2,0,NULL,NULL,"New Patient - Monitor"
7320000000000,5606762,2016/05/25,"Castle Rock",35,1,1,1.00,"High Risk"
7340000000000,5612982,2016/04/29,Orlando,4,0,NULL,NULL,"New Patient - Monitor"
7340000000000,5600848,2016/04/29,"Saint Louis",10,1,0,0.00,"High Risk"
7360000000000,5642516,2016/04/29,Princeton,0,0,NULL,NULL,"New Patient - Monitor"
7360000000000,5658238,2016/05/04,Clanton,0,1,0,0.00,"Low Risk"
7370000000000,5640555,2016/04/29,"Cedar Rapids",0,0,NULL,NULL,"New Patient - Monitor"
7380000000000,5612780,2016/04/29,Boone,4,0,NULL,NULL,"New Patient - Monitor"
7380000000000,5618145,2016/04/29,Altoona,3,1,1,1.00,"High Risk"
7380000000000,5646348,2016/05/09,Gardena,7,2,2,1.00,"High Risk"
7380000000000,5734647,2016/05/31,Huntingdon,7,3,3,1.00,"High Risk"
7390000000000,5639150,2016/04/29,Garberville,0,0,NULL,NULL,"New Patient - Monitor"
7390000000000,5618149,2016/04/29,"Eau Claire",3,1,0,0.00,"Low Risk"
7400000000000,5638536,2016/04/29,"Little River",0,0,NULL,NULL,"New Patient - Monitor"
7410000000000,5317449,2016/04/29,Vandalia,87,0,NULL,NULL,"New Patient - Monitor"
7430000000000,5637431,2016/04/29,Bradenton,0,0,NULL,NULL,"New Patient - Monitor"
7450000000000,5544908,2016/04/29,Madisonville,24,0,NULL,NULL,"New Patient - Monitor"
7460000000000,5554616,2016/04/29,Raton,22,0,NULL,NULL,"New Patient - Monitor"
7460000000000,5710654,2016/05/18,Lexington,1,1,0,0.00,"Low Risk"
7460000000000,5746301,2016/05/30,Hartford,0,2,1,0.50,"High Risk"
7470000000000,5615618,2016/05/05,"Johnson City",10,0,NULL,NULL,"New Patient - Monitor"
7480000000000,5641043,2016/04/29,Albuquerque,0,0,NULL,NULL,"New Patient - Monitor"
7480000000000,5595189,2016/04/29,"Bay City",11,1,0,0.00,"High Risk"
7530000000000,5577045,2016/04/29,Coralville,16,0,NULL,NULL,"New Patient - Monitor"
7530000000000,5623278,2016/04/29,Gorham,3,1,1,1.00,"High Risk"
7530000000000,5623277,2016/04/29,Oscoda,3,2,1,0.50,"High Risk"
7540000000000,5620163,2016/04/29,Macon,3,0,NULL,NULL,"New Patient - Monitor"
7540000000000,5640703,2016/05/03,Orlando,4,1,1,1.00,"High Risk"
7550000000000,5640784,2016/04/29,Auburn,0,0,NULL,NULL,"New Patient - Monitor"
7550000000000,5661980,2016/05/09,Corbin,4,1,0,0.00,"Medium Risk"
7560000000000,5522956,2016/04/29,Bradenton,31,0,NULL,NULL,"New Patient - Monitor"
7560000000000,5642008,2016/04/29,Huntingdon,0,1,0,0.00,"Low Risk"
7570000000000,5520853,2016/04/29,Albany,31,0,NULL,NULL,"New Patient - Monitor"
7570000000000,5637983,2016/04/29,Mercer,0,1,1,1.00,"High Risk"
7580000000000,5709069,2016/05/19,"Fort Wayne",2,0,NULL,NULL,"New Patient - Monitor"
7590000000000,5679423,2016/05/10,Kuttawa,0,0,NULL,NULL,"New Patient - Monitor"
7590000000000,5676079,2016/05/11,Huntingdon,2,1,0,0.00,"Low Risk"
7610000000000,5560758,2016/04/29,Sikeston,21,0,NULL,NULL,"New Patient - Monitor"
7640000000000,5528434,2016/04/29,Lamar,30,0,NULL,NULL,"New Patient - Monitor"
7640000000000,5740064,2016/05/31,Vandalia,6,1,0,0.00,"Medium Risk"
7650000000000,5616921,2016/04/29,Russellville,4,0,NULL,NULL,"New Patient - Monitor"
7650000000000,5638464,2016/04/29,Bryant,0,1,0,0.00,"Low Risk"
7660000000000,5641410,2016/04/29,Jasper,0,0,NULL,NULL,"New Patient - Monitor"
7660000000000,5629688,2016/05/03,Columbus,6,1,0,0.00,"Medium Risk"
7680000000000,5626513,2016/04/29,Princeton,2,0,NULL,NULL,"New Patient - Monitor"
7680000000000,5489420,2016/04/29,Blythewood,42,1,0,0.00,"High Risk"
7680000000000,5615536,2016/05/03,"Forest Grove",8,2,0,0.00,"High Risk"
7680000000000,5696193,2016/05/13,Oconomowoc,0,3,0,0.00,"Low Risk"
7680000000000,5670014,2016/05/18,"Osage Beach",12,4,0,0.00,"High Risk"
7680000000000,5697629,2016/05/19,Orlando,6,5,1,0.20,"Medium Risk"
7690000000000,5639768,2016/04/29,Coralville,0,0,NULL,NULL,"New Patient - Monitor"
7690000000000,5618126,2016/04/29,"Battle Creek",3,1,0,0.00,"Low Risk"
7700000000000,5631104,2016/04/29,Moore,2,0,NULL,NULL,"New Patient - Monitor"
7700000000000,5642524,2016/04/29,Dublin,0,1,0,0.00,"Low Risk"
7700000000000,5642525,2016/04/29,"Fort Collins",0,2,1,0.50,"High Risk"
7720000000000,5516633,2016/04/29,Cambridge,32,0,NULL,NULL,"New Patient - Monitor"
7720000000000,5639656,2016/04/29,"Little River",0,1,0,0.00,"Low Risk"
7730000000000,5628558,2016/04/29,Woodland,2,0,NULL,NULL,"New Patient - Monitor"
7740000000000,5494577,2016/04/29,"Miles City",39,0,NULL,NULL,"New Patient - Monitor"
7750000000000,5642193,2016/04/29,"Saint Louis",0,0,NULL,NULL,"New Patient - Monitor"
7750000000000,5638014,2016/04/29,Orlando,0,1,0,0.00,"Low Risk"
7780000000000,5624333,2016/05/12,Charlotte,16,0,NULL,NULL,"New Patient - Monitor"
7780000000000,5710657,2016/05/18,Leesburg,1,1,0,0.00,"Low Risk"
7780000000000,5702526,2016/05/19,Huntingdon,3,2,1,0.50,"High Risk"
7790000000000,5590997,2016/04/29,Vandalia,14,0,NULL,NULL,"New Patient - Monitor"
7830000000000,5628332,2016/05/03,Cooperstown,6,0,NULL,NULL,"New Patient - Monitor"
7830000000000,5628328,2016/05/03,Calhoun,6,1,1,1.00,"High Risk"
7830000000000,5676103,2016/05/11,"Fort Collins",2,2,2,1.00,"High Risk"
7840000000000,5730318,2016/05/24,Columbus,0,0,NULL,NULL,"New Patient - Monitor"
7850000000000,5515938,2016/04/29,Columbus,32,0,NULL,NULL,"New Patient - Monitor"
7850000000000,5603126,2016/04/29,Coralville,10,1,0,0.00,"High Risk"
7860000000000,5646364,2016/05/12,"Castle Rock",10,0,NULL,NULL,"New Patient - Monitor"
7870000000000,5604762,2016/04/29,Harrison,9,0,NULL,NULL,"New Patient - Monitor"
7870000000000,5707610,2016/05/17,Boone,0,1,0,0.00,"Low Risk"
7870000000000,5750950,2016/05/31,"Eau Claire",0,2,0,0.00,"Low Risk"
7880000000000,5614737,2016/05/20,Coralville,25,0,NULL,NULL,"New Patient - Monitor"
7890000000000,5732272,2016/05/30,"Williams Bay",6,0,NULL,NULL,"New Patient - Monitor"
7910000000000,5488081,2016/04/29,Boone,42,0,NULL,NULL,"New Patient - Monitor"
7910000000000,5676441,2016/05/18,"Miles City",9,1,1,1.00,"High Risk"
7930000000000,5615528,2016/05/02,"Forest Grove",7,0,NULL,NULL,"New Patient - Monitor"
7940000000000,5640393,2016/04/29,"Twin Mountain",0,0,NULL,NULL,"New Patient - Monitor"
7940000000000,5512052,2016/04/29,Silverton,32,1,0,0.00,"High Risk"
7940000000000,5702533,2016/05/19,Livermore,3,2,0,0.00,"Low Risk"
7940000000000,5707102,2016/05/19,Belousov,2,3,0,0.00,"Low Risk"
7950000000000,5608249,2016/04/29,Dahlonega,9,0,NULL,NULL,"New Patient - Monitor"
7950000000000,5728805,2016/05/24,Corbin,4,1,1,1.00,"High Risk"
7960000000000,5505017,2016/04/29,Cambridge,37,0,NULL,NULL,"New Patient - Monitor"
7960000000000,5639581,2016/04/29,"Saint Louis",0,1,1,1.00,"High Risk"
7960000000000,5611754,2016/04/29,Mercer,4,2,1,0.50,"High Risk"
7960000000000,5641325,2016/04/29,Oscoda,0,3,1,0.33,"Medium Risk"
7960000000000,5587063,2016/04/29,"Mount Arlington",14,4,1,0.25,"High Risk"
7960000000000,5684263,2016/05/13,"Mount Arlington",2,5,1,0.20,"Medium Risk"
7970000000000,5631963,2016/04/29,Cambridge,1,0,NULL,NULL,"New Patient - Monitor"
7970000000000,5634259,2016/05/05,"Battle Creek",7,1,0,0.00,"Medium Risk"
7970000000000,5663778,2016/05/12,"Castle Rock",7,2,0,0.00,"Medium Risk"
7970000000000,5690784,2016/05/19,"Bowling Green",7,3,0,0.00,"Medium Risk"
7980000000000,5514929,2016/04/29,"Saint Louis",32,0,NULL,NULL,"New Patient - Monitor"
7980000000000,5514930,2016/04/29,Mercer,32,1,0,0.00,"High Risk"
7980000000000,5514931,2016/04/29,Columbia,32,2,0,0.00,"High Risk"
7990000000000,5633503,2016/04/29,Macon,1,0,NULL,NULL,"New Patient - Monitor"
8110000000000,5616056,2016/04/29,Columbia,4,0,NULL,NULL,"New Patient - Monitor"
8120000000000,5523942,2016/04/29,Auburn,30,0,NULL,NULL,"New Patient - Monitor"
8140000000000,5527221,2016/05/09,"Joshua Tree",40,0,NULL,NULL,"New Patient - Monitor"
8150000000000,5524539,2016/04/29,"Lenoir City",30,0,NULL,NULL,"New Patient - Monitor"
8160000000000,5641450,2016/04/29,Spearfish,0,0,NULL,NULL,"New Patient - Monitor"
8160000000000,5636064,2016/04/29,Gardena,1,1,0,0.00,"Low Risk"
8160000000000,5641294,2016/04/29,Woodland,0,2,0,0.00,"Low Risk"
8160000000000,5486733,2016/04/29,Dublin,42,3,0,0.00,"High Risk"
8180000000000,5631428,2016/04/29,Hampton,1,0,NULL,NULL,"New Patient - Monitor"
8180000000000,5646630,2016/05/04,Cary,2,1,0,0.00,"Low Risk"
8190000000000,5641599,2016/04/29,"Detroit Lakes",0,0,NULL,NULL,"New Patient - Monitor"
8190000000000,5640054,2016/04/29,"Rocky Mount",0,1,0,0.00,"Low Risk"
8190000000000,5640141,2016/05/03,Douglasville,4,2,0,0.00,"Medium Risk"
8210000000000,5640337,2016/04/29,Valentine,0,0,NULL,NULL,"New Patient - Monitor"
8210000000000,5615410,2016/04/29,Dahlonega,4,1,0,0.00,"Medium Risk"
8210000000000,5624107,2016/04/29,Cary,3,2,0,0.00,"Low Risk"
8220000000000,5637517,2016/04/29,Raton,0,0,NULL,NULL,"New Patient - Monitor"
8220000000000,5680697,2016/05/12,Livermore,2,1,0,0.00,"Low Risk"
8230000000000,5669378,2016/05/10,"Bella Vista",4,0,NULL,NULL,"New Patient - Monitor"
8240000000000,5638461,2016/04/29,Vandalia,0,0,NULL,NULL,"New Patient - Monitor"
8250000000000,5707689,2016/05/17,Bryant,0,0,NULL,NULL,"New Patient - Monitor"
8270000000000,5750937,2016/05/31,Woodland,0,0,NULL,NULL,"New Patient - Monitor"
8280000000000,5666205,2016/05/05,"El Reno",0,0,NULL,NULL,"New Patient - Monitor"
8280000000000,5716237,2016/05/20,Cary,2,1,0,0.00,"Low Risk"
8330000000000,5585338,2016/04/29,Columbus,15,0,NULL,NULL,"New Patient - Monitor"
8330000000000,5563447,2016/05/10,"Castle Rock",32,1,1,1.00,"High Risk"
8360000000000,5634951,2016/04/29,Bradenton,1,0,NULL,NULL,"New Patient - Monitor"
8360000000000,5565939,2016/04/29,Lincolnton,18,1,0,0.00,"High Risk"
8370000000000,5605608,2016/04/29,"Max Meadows",9,0,NULL,NULL,"New Patient - Monitor"
8380000000000,5737290,2016/05/30,Dallas,5,0,NULL,NULL,"New Patient - Monitor"
8390000000000,5635511,2016/04/29,Coralville,1,0,NULL,NULL,"New Patient - Monitor"
8390000000000,5471716,2016/04/29,Calhoun,45,1,1,1.00,"High Risk"
8390000000000,5492518,2016/04/29,Columbia,39,2,1,0.50,"High Risk"
8400000000000,5536618,2016/04/29,Vandalia,28,0,NULL,NULL,"New Patient - Monitor"
8420000000000,5478299,2016/04/29,"Little River",44,0,NULL,NULL,"New Patient - Monitor"
8420000000000,5618140,2016/04/29,Victorville,3,1,0,0.00,"Low Risk"
8420000000000,5639876,2016/04/29,Raleigh,0,2,1,0.50,"High Risk"
8420000000000,5478298,2016/04/29,Blythewood,44,3,1,0.33,"High Risk"
8420000000000,5642924,2016/04/29,Roanoke,0,4,1,0.25,"Medium Risk"
8420000000000,5636669,2016/05/02,"Mount Arlington",4,5,1,0.20,"Medium Risk"
8430000000000,5640644,2016/04/29,"Oak Harbor",0,0,NULL,NULL,"New Patient - Monitor"
8430000000000,5625109,2016/04/29,Lagrange,2,1,0,0.00,"Low Risk"
8430000000000,5510402,2016/04/29,Owensboro,37,2,0,0.00,"High Risk"
8440000000000,5640282,2016/04/29,Dublin,0,0,NULL,NULL,"New Patient - Monitor"
8440000000000,5612157,2016/04/29,Mullins,4,1,0,0.00,"Medium Risk"
8450000000000,5577238,2016/04/29,Vandalia,16,0,NULL,NULL,"New Patient - Monitor"
8460000000000,5560703,2016/04/29,Roanoke,21,0,NULL,NULL,"New Patient - Monitor"
8460000000000,5594554,2016/05/09,Batesville,21,1,0,0.00,"High Risk"
8470000000000,5639778,2016/04/29,Gardena,0,0,NULL,NULL,"New Patient - Monitor"
8470000000000,5611745,2016/04/29,Corbin,4,1,0,0.00,"Medium Risk"
8490000000000,5635632,2016/04/29,"Mount Arlington",1,0,NULL,NULL,"New Patient - Monitor"
8490000000000,5631339,2016/04/29,Woodland,1,1,1,1.00,"High Risk"
8490000000000,5531658,2016/05/25,Burlington,55,2,1,0.50,"High Risk"
8500000000000,5556383,2016/04/29,Billings,22,0,NULL,NULL,"New Patient - Monitor"
8510000000000,5618148,2016/04/29,"Forest Grove",3,0,NULL,NULL,"New Patient - Monitor"
8520000000000,5642301,2016/04/29,"Battle Creek",0,0,NULL,NULL,"New Patient - Monitor"
8530000000000,5752454,2016/05/31,Dublin,0,0,NULL,NULL,"New Patient - Monitor"
8550000000000,5629599,2016/04/29,"Rocky Mount",2,0,NULL,NULL,"New Patient - Monitor"
8550000000000,5618643,2016/04/29,"Williams Bay",3,1,1,1.00,"High Risk"
8560000000000,5608114,2016/04/29,Mullins,9,0,NULL,NULL,"New Patient - Monitor"
8560000000000,5669396,2016/05/10,Cambridge,4,1,0,0.00,"Medium Risk"
8570000000000,5639659,2016/04/29,Cooperstown,0,0,NULL,NULL,"New Patient - Monitor"
8590000000000,5493606,2016/04/29,"Osage Beach",39,0,NULL,NULL,"New Patient - Monitor"
8590000000000,5629546,2016/04/29,"Palm Springs",2,1,1,1.00,"High Risk"
8610000000000,5493135,2016/04/29,Oconomowoc,39,0,NULL,NULL,"New Patient - Monitor"
8610000000000,5640818,2016/04/29,Coralville,0,1,1,1.00,"High Risk"
8610000000000,5646480,2016/05/11,"Battle Creek",9,2,1,0.50,"High Risk"
8620000000000,5620528,2016/04/29,Brockton,3,0,NULL,NULL,"New Patient - Monitor"
8630000000000,5618141,2016/04/29,Victorville,3,0,NULL,NULL,"New Patient - Monitor"
8630000000000,5448675,2016/04/29,Midway,51,1,1,1.00,"High Risk"
8650000000000,5640823,2016/04/29,Yellville,0,0,NULL,NULL,"New Patient - Monitor"
8650000000000,5660704,2016/05/06,Appleton,2,1,0,0.00,"Low Risk"
8650000000000,5665842,2016/05/06,Batesville,1,2,0,0.00,"Low Risk"
8650000000000,5666042,2016/05/09,Cambridge,4,3,0,0.00,"Medium Risk"
8650000000000,5670619,2016/05/25,Charlotte,19,4,1,0.25,"High Risk"
8660000000000,5525202,2016/04/29,Auburn,30,0,NULL,NULL,"New Patient - Monitor"
8660000000000,5520916,2016/04/29,Kuttawa,31,1,0,0.00,"High Risk"
8670000000000,5514089,2016/04/29,Orlando,32,0,NULL,NULL,"New Patient - Monitor"
8670000000000,5536357,2016/04/29,Oscoda,28,1,0,0.00,"High Risk"
8670000000000,5653388,2016/05/05,Shreveport,2,2,0,0.00,"Low Risk"
8670000000000,5715169,2016/05/19,Dublin,1,3,0,0.00,"Low Risk"
8670000000000,5738538,2016/05/31,"Williams Bay",6,4,1,0.25,"Medium Risk"
8680000000000,5550928,2016/04/29,Pittsburgh,23,0,NULL,NULL,"New Patient - Monitor"
8700000000000,5638337,2016/04/29,Oscoda,0,0,NULL,NULL,"New Patient - Monitor"
8710000000000,5585072,2016/05/04,Ogunquit,20,0,NULL,NULL,"New Patient - Monitor"
8720000000000,5631113,2016/04/29,"Osage Beach",2,0,NULL,NULL,"New Patient - Monitor"
8720000000000,5524307,2016/04/29,"Forest Grove",30,1,0,0.00,"High Risk"
8720000000000,5639611,2016/05/03,Coralville,4,2,0,0.00,"Medium Risk"
8730000000000,5641780,2016/04/29,Gooding,0,0,NULL,NULL,"New Patient - Monitor"
8740000000000,5598360,2016/04/29,Auburn,10,0,NULL,NULL,"New Patient - Monitor"
8740000000000,5638357,2016/04/29,"Fort Worth",0,1,0,0.00,"Low Risk"
8740000000000,5632865,2016/04/29,Dahlonega,1,2,0,0.00,"Low Risk"
8750000000000,5641339,2016/04/29,Hampton,0,0,NULL,NULL,"New Patient - Monitor"
8750000000000,5563636,2016/04/29,"Miles City",21,1,0,0.00,"High Risk"
8750000000000,5628827,2016/05/18,"Fort Collins",21,2,0,0.00,"High Risk"
8760000000000,5696998,2016/05/17,Eureka,4,0,NULL,NULL,"New Patient - Monitor"
8770000000000,5628341,2016/04/29,Dahlonega,2,0,NULL,NULL,"New Patient - Monitor"
8770000000000,5628342,2016/04/29,Orlando,2,1,0,0.00,"Low Risk"
8780000000000,5498095,2016/04/29,"Battle Creek",38,0,NULL,NULL,"New Patient - Monitor"
8780000000000,5646488,2016/05/12,Gooding,10,1,0,0.00,"High Risk"
8790000000000,5639981,2016/04/29,Huntingdon,0,0,NULL,NULL,"New Patient - Monitor"
8790000000000,5499558,2016/04/29,Mobile,38,1,0,0.00,"High Risk"
8800000000000,5580959,2016/04/29,"Fort Worth",15,0,NULL,NULL,"New Patient - Monitor"
8820000000000,5589126,2016/04/29,"Mount Arlington",14,0,NULL,NULL,"New Patient - Monitor"
8820000000000,5589127,2016/04/29,Lincolnton,14,1,0,0.00,"High Risk"
8820000000000,5641214,2016/05/03,"Palm Springs",4,2,0,0.00,"Medium Risk"
8830000000000,5593230,2016/04/29,Lincolnton,11,0,NULL,NULL,"New Patient - Monitor"
8830000000000,5712337,2016/05/18,"Rocky Mount",0,1,0,0.00,"Low Risk"
8840000000000,5637709,2016/04/29,Orlando,0,0,NULL,NULL,"New Patient - Monitor"
8840000000000,5642494,2016/04/29,"Twin Mountain",0,1,0,0.00,"Low Risk"
8840000000000,5734075,2016/05/30,Burlington,6,2,0,0.00,"Medium Risk"
8850000000000,5549515,2016/04/29,"Forest Grove",23,0,NULL,NULL,"New Patient - Monitor"
8850000000000,5549514,2016/04/29,"Forest Grove",23,1,0,0.00,"High Risk"
8870000000000,5590950,2016/04/29,Livermore,14,0,NULL,NULL,"New Patient - Monitor"
8870000000000,5618128,2016/04/29,Columbus,3,1,0,0.00,"Low Risk"
8870000000000,5622844,2016/04/29,"Bella Vista",3,2,1,0.50,"High Risk"
8880000000000,5634620,2016/04/29,Eugene,1,0,NULL,NULL,"New Patient - Monitor"
8910000000000,5677111,2016/05/20,Dallas,11,0,NULL,NULL,"New Patient - Monitor"
8940000000000,5638064,2016/04/29,"Castle Rock",0,0,NULL,NULL,"New Patient - Monitor"
8950000000000,5580320,2016/05/11,"Johnson City",28,0,NULL,NULL,"New Patient - Monitor"
8960000000000,5541013,2016/04/29,Lincolnton,24,0,NULL,NULL,"New Patient - Monitor"
8960000000000,5563532,2016/04/29,Lincolnton,21,1,1,1.00,"High Risk"
8960000000000,5638010,2016/04/29,Hartford,0,2,1,0.50,"High Risk"
8960000000000,5598619,2016/04/29,Albany,10,3,1,0.33,"High Risk"
8960000000000,5640115,2016/05/03,Albany,4,4,2,0.50,"High Risk"
8960000000000,5574802,2016/05/06,Bloomington,24,5,2,0.40,"High Risk"
8960000000000,5574806,2016/05/09,Yellville,27,6,2,0.33,"High Risk"
8960000000000,5723220,2016/05/31,Hartford,11,7,2,0.29,"High Risk"
8970000000000,5683102,2016/05/13,Raleigh,2,0,NULL,NULL,"New Patient - Monitor"
8980000000000,5516695,2016/04/29,Eugene,32,0,NULL,NULL,"New Patient - Monitor"
8990000000000,5539421,2016/04/29,Boone,28,0,NULL,NULL,"New Patient - Monitor"
8990000000000,5614367,2016/04/29,"Battle Creek",4,1,0,0.00,"Medium Risk"
9130000000000,5639377,2016/04/29,Coralville,0,0,NULL,NULL,"New Patient - Monitor"
9140000000000,5609945,2016/04/29,Eugene,9,0,NULL,NULL,"New Patient - Monitor"
9140000000000,5578544,2016/05/17,Valentine,34,1,1,1.00,"High Risk"
9150000000000,5538538,2016/04/29,Orlando,28,0,NULL,NULL,"New Patient - Monitor"
9160000000000,5576526,2016/04/29,"Fort Worth",16,0,NULL,NULL,"New Patient - Monitor"
9160000000000,5637816,2016/04/29,Gorham,0,1,0,0.00,"Low Risk"
9160000000000,5595635,2016/04/29,Troy,11,2,0,0.00,"High Risk"
9170000000000,5521216,2016/04/29,Kuttawa,31,0,NULL,NULL,"New Patient - Monitor"
9170000000000,5640735,2016/04/29,Dublin,0,1,0,0.00,"Low Risk"
9170000000000,5574548,2016/04/29,Macon,17,2,0,0.00,"High Risk"
9180000000000,5581662,2016/05/17,"Max Meadows",33,0,NULL,NULL,"New Patient - Monitor"
9180000000000,5740056,2016/05/31,"Cripple Creek",6,1,0,0.00,"Medium Risk"
9190000000000,5618135,2016/04/29,"Charles Town",3,0,NULL,NULL,"New Patient - Monitor"
9190000000000,5710646,2016/05/18,Dahlonega,1,1,1,1.00,"High Risk"
9200000000000,5551068,2016/04/29,Bryant,23,0,NULL,NULL,"New Patient - Monitor"
9200000000000,5640697,2016/05/03,Dallas,4,1,0,0.00,"Medium Risk"
9200000000000,5737315,2016/05/31,Eureka,6,2,0,0.00,"Medium Risk"
9220000000000,5550200,2016/04/29,"Battle Creek",23,0,NULL,NULL,"New Patient - Monitor"
9230000000000,5639980,2016/04/29,"Eau Claire",0,0,NULL,NULL,"New Patient - Monitor"
9230000000000,5615619,2016/05/06,"Cedar Rapids",11,1,0,0.00,"High Risk"
9240000000000,5619746,2016/04/29,"Mount Arlington",3,0,NULL,NULL,"New Patient - Monitor"
9240000000000,5639721,2016/04/29,Corbin,0,1,0,0.00,"Low Risk"
9240000000000,5680552,2016/05/11,Albany,1,2,0,0.00,"Low Risk"
9240000000000,5707264,2016/05/18,Boone,1,3,0,0.00,"Low Risk"
9250000000000,5627150,2016/04/29,"Saint Louis",2,0,NULL,NULL,"New Patient - Monitor"
9250000000000,5532979,2016/04/29,Charlotte,29,1,1,1.00,"High Risk"
9250000000000,5545271,2016/04/29,Calhoun,24,2,1,0.50,"High Risk"
9270000000000,5635157,2016/04/29,Albuquerque,1,0,NULL,NULL,"New Patient - Monitor"
9290000000000,5628739,2016/04/29,Calhoun,2,0,NULL,NULL,"New Patient - Monitor"
9290000000000,5588823,2016/05/20,"Fort Worth",35,1,0,0.00,"High Risk"
9300000000000,5637997,2016/04/29,"Osage Beach",0,0,NULL,NULL,"New Patient - Monitor"
9320000000000,5532406,2016/05/04,Ogunquit,34,0,NULL,NULL,"New Patient - Monitor"
9320000000000,5532405,2016/05/04,Bloomington,34,1,1,1.00,"High Risk"
9340000000000,5636763,2016/05/02,Cambridge,4,0,NULL,NULL,"New Patient - Monitor"
9350000000000,5639273,2016/04/29,Mobile,0,0,NULL,NULL,"New Patient - Monitor"
9350000000000,5588613,2016/04/29,"Charles Town",14,1,0,0.00,"High Risk"
9370000000000,5534768,2016/04/29,"Fort Collins",29,0,NULL,NULL,"New Patient - Monitor"
9390000000000,5626092,2016/04/29,"Fort Collins",2,0,NULL,NULL,"New Patient - Monitor"
9390000000000,5599074,2016/04/29,"Fort Worth",10,1,0,0.00,"High Risk"
9400000000000,5645408,2016/05/02,Mercer,0,0,NULL,NULL,"New Patient - Monitor"
9410000000000,5522193,2016/04/29,Calhoun,31,0,NULL,NULL,"New Patient - Monitor"
9420000000000,5631970,2016/04/29,Cambridge,1,0,NULL,NULL,"New Patient - Monitor"
9430000000000,5678182,2016/05/10,"Twin Mountain",0,0,NULL,NULL,"New Patient - Monitor"
9430000000000,5581859,2016/05/24,"Fort Worth",40,1,0,0.00,"High Risk"
9440000000000,5636999,2016/04/29,Cary,1,0,NULL,NULL,"New Patient - Monitor"
9440000000000,5413334,2016/04/29,Madisonville,59,1,0,0.00,"High Risk"
9450000000000,5520464,2016/04/29,Dublin,31,0,NULL,NULL,"New Patient - Monitor"
9460000000000,5711181,2016/05/18,"Battle Creek",0,0,NULL,NULL,"New Patient - Monitor"
9470000000000,5519136,2016/04/29,Coralville,31,0,NULL,NULL,"New Patient - Monitor"
9470000000000,5519137,2016/04/29,Sikeston,31,1,0,0.00,"High Risk"
9470000000000,5638074,2016/04/29,Joplin,0,2,0,0.00,"Low Risk"
9470000000000,5639121,2016/04/29,Cambridge,0,3,0,0.00,"Low Risk"
9480000000000,5604299,2016/04/29,Cooperstown,9,0,NULL,NULL,"New Patient - Monitor"
9480000000000,5641624,2016/04/29,Mercer,0,1,0,0.00,"Low Risk"
9480000000000,5640529,2016/04/29,"Saint Louis",0,2,0,0.00,"Low Risk"
9490000000000,5600511,2016/04/29,Plainfield,10,0,NULL,NULL,"New Patient - Monitor"
9490000000000,5596400,2016/04/29,"Fort Collins",11,1,1,1.00,"High Risk"
9490000000000,5640609,2016/04/29,Cambridge,0,2,1,0.50,"High Risk"
9490000000000,5600505,2016/04/29,Chicago,10,3,1,0.33,"High Risk"
9500000000000,5640998,2016/04/29,"Palm Springs",0,0,NULL,NULL,"New Patient - Monitor"
9500000000000,5626309,2016/04/29,Auburn,2,1,0,0.00,"Low Risk"
9500000000000,5626304,2016/04/29,Columbia,2,2,0,0.00,"Low Risk"
9520000000000,5679380,2016/05/10,"Fort Collins",0,0,NULL,NULL,"New Patient - Monitor"
9540000000000,5594665,2016/04/29,"Soddy Daisy",11,0,NULL,NULL,"New Patient - Monitor"
9540000000000,5712231,2016/05/18,Walden,0,1,0,0.00,"Low Risk"
9540000000000,5632119,2016/05/31,Mobile,33,2,0,0.00,"High Risk"
9550000000000,5712445,2016/05/20,Livermore,2,0,NULL,NULL,"New Patient - Monitor"
9560000000000,5476414,2016/04/29,Douglasville,44,0,NULL,NULL,"New Patient - Monitor"
9570000000000,5636751,2016/05/02,Cary,4,0,NULL,NULL,"New Patient - Monitor"
9570000000000,5666026,2016/05/09,Blythewood,4,1,0,0.00,"Medium Risk"
9590000000000,5523063,2016/04/29,Boone,31,0,NULL,NULL,"New Patient - Monitor"
9590000000000,5702477,2016/05/19,"Mount Arlington",3,1,1,1.00,"High Risk"
9630000000000,5524949,2016/05/09,"Palm Springs",40,0,NULL,NULL,"New Patient - Monitor"
9630000000000,5707061,2016/05/19,"Bay City",2,1,1,1.00,"High Risk"
9640000000000,5636691,2016/05/02,Russellville,4,0,NULL,NULL,"New Patient - Monitor"
9640000000000,5696999,2016/05/17,Eureka,4,1,1,1.00,"High Risk"
9640000000000,5587559,2016/05/19,Newport,34,2,1,0.50,"High Risk"
9650000000000,5583666,2016/04/29,Appleton,15,0,NULL,NULL,"New Patient - Monitor"
9650000000000,5625114,2016/04/29,Eugene,2,1,0,0.00,"Low Risk"
9650000000000,5719693,2016/05/24,"Williams Bay",5,2,0,0.00,"Medium Risk"
9660000000000,5612990,2016/04/29,Roanoke,4,0,NULL,NULL,"New Patient - Monitor"
9660000000000,5642648,2016/04/29,Vandalia,0,1,0,0.00,"Low Risk"
9660000000000,5493292,2016/05/02,Ogunquit,42,2,0,0.00,"High Risk"
9660000000000,5640957,2016/05/09,"Twin Mountain",10,3,1,0.33,"High Risk"
9660000000000,5677122,2016/05/19,Gardena,10,4,1,0.25,"High Risk"
9670000000000,5597628,2016/04/29,Orlando,11,0,NULL,NULL,"New Patient - Monitor"
9670000000000,5557543,2016/04/29,Madisonville,22,1,0,0.00,"High Risk"
9670000000000,5654002,2016/05/31,Dahlonega,28,2,1,0.50,"High Risk"
9690000000000,5683095,2016/05/13,Blythewood,2,0,NULL,NULL,"New Patient - Monitor"
9710000000000,5539858,2016/04/29,Lexington,28,0,NULL,NULL,"New Patient - Monitor"
9710000000000,5551241,2016/04/29,Winthrop,23,1,0,0.00,"High Risk"
9710000000000,5713337,2016/05/20,Coralville,2,2,1,0.50,"High Risk"
9720000000000,5637602,2016/04/29,Ogunquit,0,0,NULL,NULL,"New Patient - Monitor"
9720000000000,5642137,2016/04/29,Columbia,0,1,0,0.00,"Low Risk"
9730000000000,5710642,2016/05/18,Charlotte,1,0,NULL,NULL,"New Patient - Monitor"
9730000000000,5740671,2016/05/31,Hartford,6,1,0,0.00,"Medium Risk"
9740000000000,5639235,2016/04/29,Gardena,0,0,NULL,NULL,"New Patient - Monitor"
9740000000000,5641052,2016/04/29,"Max Meadows",0,1,0,0.00,"Low Risk"
9750000000000,5599180,2016/04/29,Corbin,10,0,NULL,NULL,"New Patient - Monitor"
9760000000000,5541090,2016/04/29,"Miles City",24,0,NULL,NULL,"New Patient - Monitor"
9770000000000,5414074,2016/04/29,Saginaw,59,0,NULL,NULL,"New Patient - Monitor"
9770000000000,5635235,2016/05/02,"Castle Rock",4,1,0,0.00,"Medium Risk"
9770000000000,5669329,2016/05/10,Burlington,4,2,1,0.50,"High Risk"
9770000000000,5730702,2016/05/24,Mobile,0,3,1,0.33,"Medium Risk"
9780000000000,5481320,2016/04/29,"Lenoir City",43,0,NULL,NULL,"New Patient - Monitor"
9780000000000,5646469,2016/05/10,Columbus,8,1,1,1.00,"High Risk"
9780000000000,5737195,2016/05/25,"Osage Beach",0,2,1,0.50,"High Risk"
9810000000000,5573133,2016/04/29,"Bowling Green",17,0,NULL,NULL,"New Patient - Monitor"
9830000000000,5568282,2016/04/29,Charlotte,18,0,NULL,NULL,"New Patient - Monitor"
9830000000000,5657195,2016/05/10,Georgetown,6,1,0,0.00,"Medium Risk"
9840000000000,5639463,2016/04/29,Enterprise,0,0,NULL,NULL,"New Patient - Monitor"
9870000000000,5635637,2016/04/29,Huntingdon,1,0,NULL,NULL,"New Patient - Monitor"
9870000000000,5631146,2016/04/29,"Miles City",2,1,0,0.00,"Low Risk"
9870000000000,5655769,2016/05/04,"Cedar Rapids",0,2,0,0.00,"Low Risk"
9880000000000,5590743,2016/04/29,Newport,14,0,NULL,NULL,"New Patient - Monitor"
9880000000000,5635216,2016/05/02,Dublin,4,1,0,0.00,"Medium Risk"
9880000000000,5629354,2016/05/17,Tyler,20,2,0,0.00,"High Risk"
9890000000000,5670803,2016/05/10,Eureka,4,0,NULL,NULL,"New Patient - Monitor"
9890000000000,5714138,2016/05/19,Mobile,1,1,0,0.00,"Low Risk"
9890000000000,5718095,2016/05/20,Vandalia,1,2,1,0.50,"High Risk"
9900000000000,5677118,2016/05/18,Eugene,9,0,NULL,NULL,"New Patient - Monitor"
9920000000000,5618127,2016/04/29,Roanoke,3,0,NULL,NULL,"New Patient - Monitor"
9920000000000,5602413,2016/04/29,Appleton,10,1,1,1.00,"High Risk"
9920000000000,5653365,2016/05/05,Shreveport,2,2,1,0.50,"High Risk"
9940000000000,5637808,2016/04/29,Dublin,0,0,NULL,NULL,"New Patient - Monitor"
9940000000000,5597459,2016/05/24,Lexington,36,1,0,0.00,"High Risk"
9950000000000,5587732,2016/04/29,Roanoke,14,0,NULL,NULL,"New Patient - Monitor"
9950000000000,5466232,2016/04/29,Leesburg,46,1,0,0.00,"High Risk"
9960000000000,5598476,2016/04/29,Gardena,10,0,NULL,NULL,"New Patient - Monitor"
9960000000000,5639037,2016/04/29,Garberville,0,1,1,1.00,"High Risk"
9960000000000,5640363,2016/04/29,Douglasville,0,2,1,0.50,"High Risk"
9960000000000,5646442,2016/05/12,"Soddy Daisy",10,3,1,0.33,"High Risk"
9970000000000,5615551,2016/05/05,Joplin,10,0,NULL,NULL,"New Patient - Monitor"
9970000000000,5576999,2016/05/16,Indianapolis,33,1,1,1.00,"High Risk"
9980000000000,5631978,2016/04/29,Pittsburgh,1,0,NULL,NULL,"New Patient - Monitor"
9990000000000,5634861,2016/04/29,Batesville,1,0,NULL,NULL,"New Patient - Monitor"
9990000000000,5630240,2016/04/29,Chattanooga,2,1,0,0.00,"Low Risk"
10000000000000,5545692,2016/04/29,Dublin,24,0,NULL,NULL,"New Patient - Monitor"
10000000000000,5618129,2016/04/29,Albany,3,1,1,1.00,"High Risk"
11100000000000,5625265,2016/04/29,"Saint Louis",2,0,NULL,NULL,"New Patient - Monitor"
11200000000000,5625988,2016/04/29,Silverton,2,0,NULL,NULL,"New Patient - Monitor"
11200000000000,5697003,2016/05/17,Eureka,4,1,0,0.00,"Medium Risk"
11300000000000,5638418,2016/04/29,Yellville,0,0,NULL,NULL,"New Patient - Monitor"
11400000000000,5646412,2016/05/12,Gardena,10,0,NULL,NULL,"New Patient - Monitor"
11500000000000,5697077,2016/05/16,"Osage Beach",3,0,NULL,NULL,"New Patient - Monitor"
11600000000000,5578379,2016/04/29,Leesburg,16,0,NULL,NULL,"New Patient - Monitor"
11600000000000,5633149,2016/04/29,"Mount Arlington",1,1,1,1.00,"High Risk"
11600000000000,5601904,2016/04/29,Burlington,10,2,2,1.00,"High Risk"
11600000000000,5511955,2016/04/29,Hampton,32,3,2,0.67,"High Risk"
11700000000000,5498530,2016/04/29,"Fort Wayne",38,0,NULL,NULL,"New Patient - Monitor"
11700000000000,5709076,2016/05/19,Bloomington,2,1,0,0.00,"Low Risk"
11800000000000,5625103,2016/04/29,Irmo,2,0,NULL,NULL,"New Patient - Monitor"
11800000000000,5683101,2016/05/13,Cary,2,1,0,0.00,"Low Risk"
11800000000000,5715946,2016/05/20,Leesburg,2,2,1,0.50,"High Risk"
11900000000000,5637584,2016/04/29,"Mount Arlington",0,0,NULL,NULL,"New Patient - Monitor"
11900000000000,5517367,2016/04/29,Calhoun,32,1,0,0.00,"High Risk"
11900000000000,5689181,2016/05/12,Charlotte,0,2,0,0.00,"Low Risk"
12000000000000,5639423,2016/04/29,Eugene,0,0,NULL,NULL,"New Patient - Monitor"
12000000000000,5639237,2016/04/29,"Mount Arlington",0,1,0,0.00,"Low Risk"
12100000000000,5563549,2016/04/29,Vandalia,21,0,NULL,NULL,"New Patient - Monitor"
12200000000000,5628338,2016/04/29,Mobile,2,0,NULL,NULL,"New Patient - Monitor"
12200000000000,5590514,2016/04/29,Lamar,14,1,1,1.00,"High Risk"
12200000000000,5628345,2016/04/29,"Fort Worth",2,2,1,0.50,"High Risk"
12200000000000,5702536,2016/05/19,"Eau Claire",3,3,1,0.33,"Medium Risk"
12300000000000,5638809,2016/04/29,Hartford,0,0,NULL,NULL,"New Patient - Monitor"
12300000000000,5646381,2016/05/09,"Bella Vista",7,1,0,0.00,"Medium Risk"
12300000000000,5711628,2016/05/19,Eureka,1,2,0,0.00,"Low Risk"
12400000000000,5525498,2016/04/29,Carlsbad,30,0,NULL,NULL,"New Patient - Monitor"
12400000000000,5582366,2016/04/29,Woodstock,15,1,0,0.00,"High Risk"
12400000000000,5525497,2016/04/29,Roanoke,30,2,0,0.00,"High Risk"
12400000000000,5640120,2016/04/29,Dublin,0,3,0,0.00,"Low Risk"
12400000000000,5716229,2016/05/20,Boone,2,4,0,0.00,"Low Risk"
12500000000000,5502935,2016/04/29,Calhoun,38,0,NULL,NULL,"New Patient - Monitor"
12500000000000,5565309,2016/04/29,Midway,18,1,0,0.00,"High Risk"
12500000000000,5587104,2016/04/29,Columbus,14,2,0,0.00,"High Risk"
12500000000000,5680549,2016/05/11,Albany,1,3,0,0.00,"Low Risk"
12500000000000,5709072,2016/05/19,"Castle Rock",2,4,0,0.00,"Low Risk"
12900000000000,5629170,2016/04/29,Boone,2,0,NULL,NULL,"New Patient - Monitor"
12900000000000,5642904,2016/04/29,Albany,0,1,0,0.00,"Low Risk"
13200000000000,5561624,2016/04/29,Leesburg,21,0,NULL,NULL,"New Patient - Monitor"
13200000000000,5572063,2016/05/13,Garberville,31,1,0,0.00,"High Risk"
13200000000000,5718195,2016/05/19,"Fort Wayne",0,2,0,0.00,"Low Risk"
13300000000000,5565166,2016/04/29,"Rocky Mount",18,0,NULL,NULL,"New Patient - Monitor"
13400000000000,5604295,2016/04/29,"Saint Louis",9,0,NULL,NULL,"New Patient - Monitor"
13400000000000,5638485,2016/04/29,Vandalia,0,1,0,0.00,"Low Risk"
13400000000000,5580052,2016/05/05,Calhoun,22,2,0,0.00,"High Risk"
13400000000000,5580063,2016/05/17,"Grand Junction",34,3,0,0.00,"High Risk"
13400000000000,5609816,2016/05/25,Chattanooga,35,4,0,0.00,"High Risk"
13500000000000,5637566,2016/04/29,Coralville,0,0,NULL,NULL,"New Patient - Monitor"
13500000000000,5637565,2016/04/29,Pittsburgh,0,1,0,0.00,"Low Risk"
13500000000000,5719695,2016/05/24,Orlando,5,2,0,0.00,"Medium Risk"
13500000000000,5728806,2016/05/24,Charlotte,4,3,0,0.00,"Medium Risk"
13600000000000,5618027,2016/04/29,Enterprise,4,0,NULL,NULL,"New Patient - Monitor"
13600000000000,5387715,2016/04/29,Russellville,65,1,1,1.00,"High Risk"
13600000000000,5645314,2016/05/02,Dallas,0,2,1,0.50,"High Risk"
13600000000000,5684007,2016/05/11,Gorham,0,3,1,0.33,"Medium Risk"
13800000000000,5638974,2016/04/29,Auburn,0,0,NULL,NULL,"New Patient - Monitor"
13800000000000,5642794,2016/04/29,Clanton,0,1,0,0.00,"Low Risk"
13800000000000,5642879,2016/04/29,Victorville,0,2,0,0.00,"Low Risk"
13800000000000,5641040,2016/04/29,"Battle Creek",0,3,0,0.00,"Low Risk"
13900000000000,5641977,2016/04/29,Lamar,0,0,NULL,NULL,"New Patient - Monitor"
13900000000000,5598606,2016/04/29,"Bay City",10,1,0,0.00,"High Risk"
13900000000000,5593569,2016/05/24,Lincolnton,36,2,0,0.00,"High Risk"
14100000000000,5642918,2016/04/29,"Saint Louis",0,0,NULL,NULL,"New Patient - Monitor"
14100000000000,5616693,2016/04/29,Livermore,4,1,1,1.00,"High Risk"
14200000000000,5540612,2016/04/29,Hampton,24,0,NULL,NULL,"New Patient - Monitor"
14200000000000,5510054,2016/04/29,Livermore,37,1,0,0.00,"High Risk"
14200000000000,5568852,2016/04/29,"Detroit Lakes",18,2,0,0.00,"High Risk"
14200000000000,5642067,2016/04/29,Columbus,0,3,1,0.33,"Medium Risk"
14200000000000,5740071,2016/05/31,Blythewood,6,4,1,0.25,"Medium Risk"
14300000000000,5637518,2016/04/29,"Bay City",0,0,NULL,NULL,"New Patient - Monitor"
14300000000000,5498944,2016/04/29,"Clinton Township",38,1,0,0.00,"High Risk"
14300000000000,5637564,2016/04/29,Roanoke,0,2,1,0.50,"High Risk"
14300000000000,5568933,2016/05/09,Oconomowoc,28,3,1,0.33,"High Risk"
14400000000000,5618134,2016/04/29,"Fort Worth",3,0,NULL,NULL,"New Patient - Monitor"
14500000000000,5633923,2016/04/29,Eugene,1,0,NULL,NULL,"New Patient - Monitor"
14500000000000,5680553,2016/05/11,Vandalia,1,1,0,0.00,"Low Risk"
14600000000000,5639644,2016/04/29,Leesburg,0,0,NULL,NULL,"New Patient - Monitor"
14600000000000,5642198,2016/04/29,Carlsbad,0,1,0,0.00,"Low Risk"
14600000000000,5641592,2016/04/29,Appleton,0,2,0,0.00,"Low Risk"
14600000000000,5548165,2016/05/10,Eugene,34,3,0,0.00,"High Risk"
14700000000000,5637106,2016/04/29,"Saint Louis",1,0,NULL,NULL,"New Patient - Monitor"
14700000000000,5601729,2016/04/29,Columbus,10,1,0,0.00,"High Risk"
14700000000000,5603151,2016/05/02,"Lenoir City",13,2,0,0.00,"High Risk"
14800000000000,5633460,2016/04/29,Gooding,1,0,NULL,NULL,"New Patient - Monitor"
14800000000000,5600587,2016/04/29,"Fort Wayne",10,1,1,1.00,"High Risk"
14800000000000,5637468,2016/04/29,Cary,0,2,1,0.50,"High Risk"
14900000000000,5583657,2016/04/29,Gooding,15,0,NULL,NULL,"New Patient - Monitor"
14900000000000,5638626,2016/04/29,Columbia,0,1,0,0.00,"Low Risk"
14900000000000,5669319,2016/05/10,"Cedar Rapids",4,2,0,0.00,"Medium Risk"
14900000000000,5676076,2016/05/12,Griffin,3,3,0,0.00,"Low Risk"
15000000000000,5615462,2016/04/29,Lagrange,4,0,NULL,NULL,"New Patient - Monitor"
15100000000000,5629139,2016/04/29,Georgetown,2,0,NULL,NULL,"New Patient - Monitor"
15100000000000,5622440,2016/04/29,Lincolnton,3,1,1,1.00,"High Risk"
15100000000000,5465174,2016/04/29,Troy,46,2,1,0.50,"High Risk"
15200000000000,5561338,2016/04/29,"Saint Louis",21,0,NULL,NULL,"New Patient - Monitor"
15200000000000,5631863,2016/04/29,Cary,1,1,0,0.00,"Low Risk"
15200000000000,5641931,2016/04/29,Bryant,0,2,1,0.50,"High Risk"
15200000000000,5631432,2016/04/29,Valentine,1,3,1,0.33,"Medium Risk"
15500000000000,5638528,2016/04/29,Batesville,0,0,NULL,NULL,"New Patient - Monitor"
15500000000000,5638515,2016/04/29,Lagrange,0,1,0,0.00,"Low Risk"
15500000000000,5556889,2016/04/29,Oconomowoc,22,2,0,0.00,"High Risk"
15500000000000,5641540,2016/04/29,Hartford,0,3,1,0.33,"Medium Risk"
15600000000000,5632887,2016/04/29,"Rocky Mount",1,0,NULL,NULL,"New Patient - Monitor"
15700000000000,5636322,2016/04/29,Lagrange,1,0,NULL,NULL,"New Patient - Monitor"
15700000000000,5640794,2016/04/29,Columbus,0,1,0,0.00,"Low Risk"
15700000000000,5641365,2016/04/29,Eugene,0,2,0,0.00,"Low Risk"
15700000000000,5641544,2016/04/29,Batesville,0,3,1,0.33,"Medium Risk"
15700000000000,5743280,2016/05/30,Coralville,0,4,1,0.25,"Medium Risk"
15800000000000,5502121,2016/04/29,Roanoke,38,0,NULL,NULL,"New Patient - Monitor"
15900000000000,5641392,2016/04/29,Gardena,0,0,NULL,NULL,"New Patient - Monitor"
15900000000000,5516688,2016/04/29,Eugene,32,1,0,0.00,"High Risk"
16000000000000,5629147,2016/04/29,Auburn,2,0,NULL,NULL,"New Patient - Monitor"
16000000000000,5573138,2016/04/29,Hartford,17,1,0,0.00,"High Risk"
16200000000000,5665055,2016/05/17,Charlotte,12,0,NULL,NULL,"New Patient - Monitor"
16200000000000,5710705,2016/05/31,Shreveport,14,1,0,0.00,"High Risk"
16200000000000,5713817,2016/05/31,Calhoun,13,2,0,0.00,"High Risk"
16300000000000,5639303,2016/04/29,Eugene,0,0,NULL,NULL,"New Patient - Monitor"
16300000000000,5591003,2016/04/29,Lagrange,14,1,0,0.00,"High Risk"
16300000000000,5605405,2016/04/29,Albany,9,2,0,0.00,"High Risk"
16400000000000,5539852,2016/04/29,Hartford,28,0,NULL,NULL,"New Patient - Monitor"
16400000000000,5694515,2016/05/17,Huntingdon,4,1,0,0.00,"Medium Risk"
16500000000000,5628928,2016/04/29,Princeton,2,0,NULL,NULL,"New Patient - Monitor"
16500000000000,5603155,2016/05/30,Grayling,41,1,1,1.00,"High Risk"
16600000000000,5626337,2016/04/29,Kuttawa,2,0,NULL,NULL,"New Patient - Monitor"
16700000000000,5677128,2016/05/20,Dallas,11,0,NULL,NULL,"New Patient - Monitor"
16800000000000,5563850,2016/04/29,Mobile,20,0,NULL,NULL,"New Patient - Monitor"
16800000000000,5640074,2016/04/29,Calhoun,0,1,0,0.00,"Low Risk"
16800000000000,5640131,2016/05/03,"Miles City",4,2,0,0.00,"Medium Risk"
16800000000000,5572544,2016/05/13,"Lake Lure",31,3,0,0.00,"High Risk"
16800000000000,5689669,2016/05/16,"Castle Rock",4,4,0,0.00,"Medium Risk"
16800000000000,5707338,2016/05/17,"Battle Creek",0,5,0,0.00,"Low Risk"
16800000000000,5745158,2016/05/30,Columbus,0,6,0,0.00,"Low Risk"
16900000000000,5502329,2016/04/29,Raleigh,38,0,NULL,NULL,"New Patient - Monitor"
16900000000000,5689688,2016/05/16,Eugene,4,1,0,0.00,"Medium Risk"
17000000000000,5618073,2016/04/29,"Saint Louis",4,0,NULL,NULL,"New Patient - Monitor"
17000000000000,5623695,2016/04/29,Valentine,3,1,1,1.00,"High Risk"
17000000000000,5643443,2016/05/02,Hampton,0,2,1,0.50,"High Risk"
17000000000000,5713577,2016/05/30,Victorville,12,3,1,0.33,"High Risk"
17100000000000,5621836,2016/04/29,"Osage Beach",3,0,NULL,NULL,"New Patient - Monitor"
17100000000000,5521211,2016/04/29,Spearfish,31,1,0,0.00,"High Risk"
17200000000000,5636991,2016/04/29,"Detroit Lakes",1,0,NULL,NULL,"New Patient - Monitor"
17200000000000,5570160,2016/04/29,Appleton,17,1,0,0.00,"High Risk"
17200000000000,5731576,2016/05/24,Winthrop,0,2,1,0.50,"High Risk"
17500000000000,5585659,2016/04/29,Gardena,15,0,NULL,NULL,"New Patient - Monitor"
17500000000000,5631747,2016/04/29,Shreveport,1,1,1,1.00,"High Risk"
17500000000000,5637875,2016/04/29,"Fort Worth",0,2,1,0.50,"High Risk"
17500000000000,5591241,2016/04/29,Albany,14,3,1,0.33,"High Risk"
17500000000000,5638895,2016/04/29,Chicago,0,4,1,0.25,"Medium Risk"
17500000000000,5491534,2016/04/29,"Williams Bay",41,5,1,0.20,"High Risk"
17600000000000,5582866,2016/04/29,Livermore,15,0,NULL,NULL,"New Patient - Monitor"
17600000000000,5582867,2016/04/29,"Eau Claire",15,1,0,0.00,"High Risk"
17700000000000,5637579,2016/04/29,Bryant,0,0,NULL,NULL,"New Patient - Monitor"
17800000000000,5639956,2016/04/29,Blythewood,0,0,NULL,NULL,"New Patient - Monitor"
17800000000000,5625177,2016/04/29,Corbin,2,1,0,0.00,"Low Risk"
17800000000000,5493497,2016/04/29,"Saint Louis",39,2,0,0.00,"High Risk"
17800000000000,5725085,2016/05/25,Gardena,5,3,0,0.00,"Medium Risk"
17900000000000,5561572,2016/04/29,Roanoke,21,0,NULL,NULL,"New Patient - Monitor"
17900000000000,5638651,2016/04/29,Batesville,0,1,0,0.00,"Low Risk"
18000000000000,5639385,2016/04/29,"Fort Collins",0,0,NULL,NULL,"New Patient - Monitor"
18100000000000,5590282,2016/04/29,"Eau Claire",14,0,NULL,NULL,"New Patient - Monitor"
18200000000000,5641537,2016/04/29,"Saint Louis",0,0,NULL,NULL,"New Patient - Monitor"
18200000000000,5522643,2016/04/29,Dahlonega,31,1,0,0.00,"High Risk"
18200000000000,5500593,2016/04/29,Columbia,38,2,0,0.00,"High Risk"
18200000000000,5629515,2016/04/29,Eugene,2,3,1,0.33,"Medium Risk"
18300000000000,5638059,2016/04/29,"Bay City",0,0,NULL,NULL,"New Patient - Monitor"
18300000000000,5638805,2016/04/29,"Cedar Rapids",0,1,0,0.00,"Low Risk"
18400000000000,5598374,2016/04/29,"Charles Town",10,0,NULL,NULL,"New Patient - Monitor"
18500000000000,5590005,2016/04/29,Calhoun,14,0,NULL,NULL,"New Patient - Monitor"
18500000000000,5639229,2016/04/29,"Saint Louis",0,1,0,0.00,"Low Risk"
18600000000000,5637485,2016/04/29,Midway,0,0,NULL,NULL,"New Patient - Monitor"
18600000000000,5636685,2016/05/02,Tatum,4,1,1,1.00,"High Risk"
18600000000000,5593896,2016/05/10,Auburn,22,2,1,0.50,"High Risk"
18600000000000,5593905,2016/05/13,Oconomowoc,25,3,1,0.33,"High Risk"
18600000000000,5701408,2016/05/16,Victorville,0,4,1,0.25,"Medium Risk"
18600000000000,5593907,2016/05/19,Columbus,31,5,1,0.20,"High Risk"
18600000000000,5719816,2016/05/31,Vandalia,12,6,1,0.17,"High Risk"
18800000000000,5744478,2016/05/30,Bryant,0,0,NULL,NULL,"New Patient - Monitor"
18900000000000,5624916,2016/04/29,Batesville,3,0,NULL,NULL,"New Patient - Monitor"
18900000000000,5582241,2016/05/02,Mobile,18,1,0,0.00,"High Risk"
18900000000000,5646439,2016/05/11,"Rocky Mount",9,2,1,0.50,"High Risk"
19000000000000,5525204,2016/04/29,Gardena,30,0,NULL,NULL,"New Patient - Monitor"
19000000000000,5603923,2016/04/29,"Cedar Rapids",9,1,1,1.00,"High Risk"
19100000000000,5628432,2016/04/29,Raton,2,0,NULL,NULL,"New Patient - Monitor"
19200000000000,5678040,2016/05/10,"Forest Grove",0,0,NULL,NULL,"New Patient - Monitor"
19300000000000,5638779,2016/04/29,Mobile,0,0,NULL,NULL,"New Patient - Monitor"
19300000000000,5642837,2016/04/29,Alpharetta,0,1,1,1.00,"High Risk"
19300000000000,5639250,2016/04/29,Gardena,0,2,1,0.50,"High Risk"
19300000000000,5585657,2016/05/18,"Cedar Rapids",34,3,1,0.33,"High Risk"
19300000000000,5737411,2016/05/25,Ogunquit,0,4,1,0.25,"Medium Risk"
19400000000000,5630231,2016/04/29,Saginaw,2,0,NULL,NULL,"New Patient - Monitor"
19600000000000,5641058,2016/04/29,Appleton,0,0,NULL,NULL,"New Patient - Monitor"
19600000000000,5740642,2016/05/30,Coralville,5,1,0,0.00,"Medium Risk"
19700000000000,5631735,2016/04/29,Coralville,1,0,NULL,NULL,"New Patient - Monitor"
19700000000000,5638572,2016/04/29,"El Reno",0,1,0,0.00,"Low Risk"
19700000000000,5591012,2016/04/29,Billings,14,2,0,0.00,"High Risk"
19700000000000,5638498,2016/04/29,"Max Meadows",0,3,0,0.00,"Low Risk"
19700000000000,5642590,2016/04/29,Coralville,0,4,0,0.00,"Low Risk"
19700000000000,5536363,2016/04/29,Livermore,28,5,0,0.00,"High Risk"
19700000000000,5632771,2016/05/04,Tyler,6,6,1,0.17,"Medium Risk"
19800000000000,5597689,2016/04/29,Columbia,11,0,NULL,NULL,"New Patient - Monitor"
19900000000000,5641014,2016/04/29,"Saint Louis",0,0,NULL,NULL,"New Patient - Monitor"
19900000000000,5369711,2016/04/29,"Cripple Creek",70,1,0,0.00,"High Risk"
19900000000000,5640862,2016/04/29,Bryant,0,2,0,0.00,"Low Risk"
19900000000000,5708815,2016/05/17,Victorville,0,3,0,0.00,"Low Risk"
20000000000000,5637963,2016/04/29,Leesburg,0,0,NULL,NULL,"New Patient - Monitor"
21200000000000,5525890,2016/04/29,Mobile,30,0,NULL,NULL,"New Patient - Monitor"
21200000000000,5575635,2016/04/29,Leesburg,16,1,0,0.00,"High Risk"
21300000000000,5617978,2016/04/29,Hartford,4,0,NULL,NULL,"New Patient - Monitor"
21400000000000,5538301,2016/04/29,Fairmont,28,0,NULL,NULL,"New Patient - Monitor"
21400000000000,5606015,2016/04/29,"Forest Grove",9,1,1,1.00,"High Risk"
21500000000000,5641064,2016/04/29,Billings,0,0,NULL,NULL,"New Patient - Monitor"
21500000000000,5628645,2016/04/29,Raleigh,2,1,0,0.00,"Low Risk"
21500000000000,5632025,2016/04/29,Billings,1,2,1,0.50,"High Risk"
21700000000000,5638932,2016/04/29,Shakopee,0,0,NULL,NULL,"New Patient - Monitor"
21700000000000,5634488,2016/04/29,Albuquerque,1,1,0,0.00,"Low Risk"
21800000000000,5466327,2016/04/29,Tyler,46,0,NULL,NULL,"New Patient - Monitor"
21800000000000,5531300,2016/04/29,Victorville,29,1,0,0.00,"High Risk"
21800000000000,5556061,2016/05/24,Sikeston,47,2,0,0.00,"High Risk"
21800000000000,5556062,2016/05/24,"Lake Lure",47,3,1,0.33,"High Risk"
21900000000000,5592280,2016/04/29,Dublin,11,0,NULL,NULL,"New Patient - Monitor"
22100000000000,5624865,2016/05/31,Georgetown,35,0,NULL,NULL,"New Patient - Monitor"
22200000000000,5638030,2016/04/29,Oconomowoc,0,0,NULL,NULL,"New Patient - Monitor"
22300000000000,5641474,2016/04/29,Leesburg,0,0,NULL,NULL,"New Patient - Monitor"
22400000000000,5638853,2016/04/29,Altoona,0,0,NULL,NULL,"New Patient - Monitor"
22400000000000,5646492,2016/05/12,"Cripple Creek",10,1,0,0.00,"High Risk"
22400000000000,5687327,2016/05/16,Livermore,5,2,0,0.00,"Medium Risk"
22400000000000,5694796,2016/05/18,"Mount Arlington",5,3,0,0.00,"Medium Risk"
22500000000000,5532908,2016/04/29,Warren,29,0,NULL,NULL,"New Patient - Monitor"
22500000000000,5532909,2016/04/29,Brockton,29,1,1,1.00,"High Risk"
22500000000000,5637617,2016/04/29,"Fort Collins",0,2,2,1.00,"High Risk"
22500000000000,5530614,2016/05/03,Raton,33,3,2,0.67,"High Risk"
22700000000000,5484718,2016/04/29,Blythewood,43,0,NULL,NULL,"New Patient - Monitor"
22700000000000,5635224,2016/05/02,Orlando,4,1,0,0.00,"Medium Risk"
22800000000000,5637312,2016/04/29,Mullins,1,0,NULL,NULL,"New Patient - Monitor"
22800000000000,5682032,2016/05/12,"Palm Springs",2,1,0,0.00,"Low Risk"
22900000000000,5639643,2016/04/29,Columbia,0,0,NULL,NULL,"New Patient - Monitor"
22900000000000,5565532,2016/04/29,Roanoke,18,1,0,0.00,"High Risk"
22900000000000,5646378,2016/05/09,Douglasville,7,2,0,0.00,"Medium Risk"
23000000000000,5519510,2016/04/29,"Cripple Creek",31,0,NULL,NULL,"New Patient - Monitor"
23200000000000,5614567,2016/04/29,Roanoke,4,0,NULL,NULL,"New Patient - Monitor"
23200000000000,5614561,2016/04/29,Roanoke,4,1,1,1.00,"High Risk"
23200000000000,5621874,2016/04/29,Chicago,3,2,2,1.00,"High Risk"
23200000000000,5579972,2016/04/29,Albany,16,3,2,0.67,"High Risk"
23200000000000,5595360,2016/05/18,Eureka,30,4,3,0.75,"High Risk"
23200000000000,5714234,2016/05/18,Eureka,0,5,3,0.60,"High Risk"
23300000000000,5631114,2016/04/29,Dublin,2,0,NULL,NULL,"New Patient - Monitor"
23400000000000,5537007,2016/04/29,Gardena,28,0,NULL,NULL,"New Patient - Monitor"
23400000000000,5734658,2016/05/30,Coralville,6,1,0,0.00,"Medium Risk"
23500000000000,5542091,2016/04/29,Princeton,24,0,NULL,NULL,"New Patient - Monitor"
23500000000000,5611919,2016/04/29,Raleigh,4,1,0,0.00,"Medium Risk"
23500000000000,5528687,2016/04/29,Boone,30,2,0,0.00,"High Risk"
23600000000000,5447464,2016/04/29,Pittsburgh,51,0,NULL,NULL,"New Patient - Monitor"
23600000000000,5642919,2016/04/29,Bryant,0,1,0,0.00,"Low Risk"
23600000000000,5636722,2016/04/29,Boone,1,2,0,0.00,"Low Risk"
23600000000000,5465751,2016/04/29,"Saint Louis",46,3,0,0.00,"High Risk"
23600000000000,5458058,2016/04/29,"Joshua Tree",49,4,0,0.00,"High Risk"
23600000000000,5569043,2016/05/10,Corbin,29,5,0,0.00,"High Risk"
23600000000000,5567920,2016/05/16,Oconomowoc,35,6,0,0.00,"High Risk"
23700000000000,5638717,2016/04/29,Dublin,0,0,NULL,NULL,"New Patient - Monitor"
23700000000000,5639602,2016/04/29,Joplin,0,1,0,0.00,"Low Risk"
23700000000000,5537579,2016/04/29,"Rocky Mount",28,2,1,0.50,"High Risk"
23700000000000,5628693,2016/04/29,Gardena,2,3,1,0.33,"Medium Risk"
23700000000000,5681962,2016/05/12,Orlando,2,4,1,0.25,"Medium Risk"
23800000000000,5628711,2016/04/29,Sikeston,2,0,NULL,NULL,"New Patient - Monitor"
23800000000000,5689331,2016/05/12,Hartford,0,1,0,0.00,"Low Risk"
23800000000000,5704992,2016/05/25,Charlotte,9,2,0,0.00,"High Risk"
23800000000000,5724095,2016/05/31,Eugene,11,3,0,0.00,"High Risk"
23900000000000,5608742,2016/05/24,Charlotte,34,0,NULL,NULL,"New Patient - Monitor"
24000000000000,5605534,2016/04/29,"Saint Louis",9,0,NULL,NULL,"New Patient - Monitor"
24000000000000,5615554,2016/05/05,Warren,10,1,0,0.00,"High Risk"
24100000000000,5538416,2016/05/02,Mobile,31,0,NULL,NULL,"New Patient - Monitor"
24100000000000,5538419,2016/05/16,"Palm Springs",45,1,1,1.00,"High Risk"
24200000000000,5642668,2016/04/29,Saginaw,0,0,NULL,NULL,"New Patient - Monitor"
24200000000000,5587252,2016/04/29,Lamar,14,1,0,0.00,"High Risk"
24200000000000,5625182,2016/04/29,Roanoke,2,2,0,0.00,"Low Risk"
24200000000000,5629181,2016/04/29,"Mount Arlington",2,3,0,0.00,"Low Risk"
24300000000000,5634239,2016/04/29,"Bay City",1,0,NULL,NULL,"New Patient - Monitor"
24300000000000,5591190,2016/04/29,Dublin,14,1,0,0.00,"High Risk"
24300000000000,5588107,2016/05/05,"Bowling Green",20,2,0,0.00,"High Risk"
24400000000000,5639281,2016/04/29,Auburn,0,0,NULL,NULL,"New Patient - Monitor"
24400000000000,5570735,2016/04/29,Lagrange,17,1,0,0.00,"High Risk"
24400000000000,5615523,2016/04/29,Fairmont,4,2,0,0.00,"Medium Risk"
24400000000000,5641143,2016/04/29,Columbus,0,3,1,0.33,"Medium Risk"
24700000000000,5638387,2016/04/29,"Battle Creek",0,0,NULL,NULL,"New Patient - Monitor"
24800000000000,5626160,2016/04/29,Mobile,2,0,NULL,NULL,"New Patient - Monitor"
24800000000000,5520151,2016/04/29,Calhoun,31,1,0,0.00,"High Risk"
24800000000000,5640329,2016/04/29,Hampton,0,2,0,0.00,"Low Risk"
24800000000000,5640002,2016/04/29,"Saint Louis",0,3,0,0.00,"Low Risk"
24800000000000,5670646,2016/05/06,"Forest Grove",0,4,0,0.00,"Low Risk"
24800000000000,5682694,2016/05/13,Cambridge,3,5,0,0.00,"Low Risk"
24900000000000,5631372,2016/04/29,Fairmont,1,0,NULL,NULL,"New Patient - Monitor"
24900000000000,5631409,2016/04/29,"Oak Harbor",1,1,1,1.00,"High Risk"
24900000000000,5649830,2016/05/03,Gretna,0,2,1,0.50,"High Risk"
24900000000000,5743513,2016/05/30,Auburn,0,3,1,0.33,"Medium Risk"
25000000000000,5567904,2016/05/09,"Osage Beach",28,0,NULL,NULL,"New Patient - Monitor"
25100000000000,5638623,2016/04/29,Princeton,0,0,NULL,NULL,"New Patient - Monitor"
25200000000000,5502275,2016/04/29,"Eau Claire",38,0,NULL,NULL,"New Patient - Monitor"
25200000000000,5559488,2016/05/03,Hartford,25,1,0,0.00,"High Risk"
25300000000000,5641882,2016/04/29,"Fort Worth",0,0,NULL,NULL,"New Patient - Monitor"
25300000000000,5641185,2016/04/29,Indianapolis,0,1,0,0.00,"Low Risk"
25300000000000,5539544,2016/05/13,Charlotte,42,2,0,0.00,"High Risk"
25300000000000,5539549,2016/05/13,Coralville,42,3,1,0.33,"High Risk"
25400000000000,5624602,2016/04/29,Charlotte,3,0,NULL,NULL,"New Patient - Monitor"
25400000000000,5629858,2016/04/29,Albuquerque,2,1,0,0.00,"Low Risk"
25400000000000,5562795,2016/05/02,Plainfield,24,2,1,0.50,"High Risk"
25400000000000,5644189,2016/05/09,"Fort Worth",7,3,2,0.67,"High Risk"
25400000000000,5702265,2016/05/16,Bryant,0,4,3,0.75,"High Risk"
25500000000000,5464587,2016/04/29,Oconomowoc,46,0,NULL,NULL,"New Patient - Monitor"
25500000000000,5597345,2016/04/29,Albany,11,1,1,1.00,"High Risk"
25500000000000,5487390,2016/04/29,Huntingdon,42,2,1,0.50,"High Risk"
25700000000000,5640728,2016/04/29,Winthrop,0,0,NULL,NULL,"New Patient - Monitor"
25700000000000,5680558,2016/05/11,"Eau Claire",1,1,0,0.00,"Low Risk"
25900000000000,5629507,2016/04/29,Jasper,2,0,NULL,NULL,"New Patient - Monitor"
26000000000000,5632906,2016/04/29,"Williams Bay",1,0,NULL,NULL,"New Patient - Monitor"
26000000000000,5571669,2016/05/12,Leesburg,30,1,0,0.00,"High Risk"
26100000000000,5712453,2016/05/20,Livermore,2,0,NULL,NULL,"New Patient - Monitor"
26200000000000,5636885,2016/04/29,Douglasville,1,0,NULL,NULL,"New Patient - Monitor"
26200000000000,5711683,2016/05/19,Leesburg,1,1,0,0.00,"Low Risk"
26200000000000,5722270,2016/05/25,"Osage Beach",5,2,0,0.00,"Medium Risk"
26200000000000,5740002,2016/05/31,Huntingdon,6,3,0,0.00,"Medium Risk"
26300000000000,5638322,2016/04/29,"Oak Harbor",0,0,NULL,NULL,"New Patient - Monitor"
26300000000000,5653389,2016/05/05,Olathe,2,1,0,0.00,"Low Risk"
26300000000000,5705004,2016/05/25,Columbia,9,2,0,0.00,"High Risk"
26300000000000,5732259,2016/05/30,"Battle Creek",6,3,0,0.00,"Medium Risk"
26400000000000,5628637,2016/04/29,"Saint Louis",2,0,NULL,NULL,"New Patient - Monitor"
26400000000000,5582979,2016/04/29,Calhoun,15,1,0,0.00,"High Risk"
26500000000000,5683098,2016/05/13,Huntingdon,2,0,NULL,NULL,"New Patient - Monitor"
26600000000000,5640983,2016/04/29,Bryant,0,0,NULL,NULL,"New Patient - Monitor"
26600000000000,5518897,2016/04/29,"Saint Louis",31,1,0,0.00,"High Risk"
26600000000000,5534654,2016/04/29,Harrison,29,2,0,0.00,"High Risk"
26600000000000,5628611,2016/04/29,Calhoun,2,3,1,0.33,"Medium Risk"
26600000000000,5660641,2016/05/06,Warren,2,4,1,0.25,"Medium Risk"
26600000000000,5549410,2016/05/18,Columbus,42,5,1,0.20,"High Risk"
26700000000000,5587569,2016/04/29,Columbus,14,0,NULL,NULL,"New Patient - Monitor"
26700000000000,5694536,2016/05/17,Vandalia,4,1,0,0.00,"Medium Risk"
26800000000000,5639131,2016/04/29,Livermore,0,0,NULL,NULL,"New Patient - Monitor"
26900000000000,5631437,2016/04/29,Hampton,1,0,NULL,NULL,"New Patient - Monitor"
26900000000000,5637915,2016/04/29,"Cedar Rapids",0,1,0,0.00,"Low Risk"
26900000000000,5640167,2016/04/29,"Lenoir City",0,2,0,0.00,"Low Risk"
26900000000000,5642788,2016/04/29,Grayling,0,3,0,0.00,"Low Risk"
26900000000000,5638965,2016/04/29,Corbin,0,4,0,0.00,"Low Risk"
26900000000000,5640314,2016/04/29,Chattanooga,0,5,0,0.00,"Low Risk"
26900000000000,5624591,2016/04/29,Saginaw,3,6,0,0.00,"Low Risk"
26900000000000,5651167,2016/05/03,Appleton,0,7,1,0.14,"Low Risk"
27000000000000,5536059,2016/04/29,Calhoun,28,0,NULL,NULL,"New Patient - Monitor"
27200000000000,5625166,2016/04/29,Walden,2,0,NULL,NULL,"New Patient - Monitor"
27200000000000,5638174,2016/04/29,Hampton,0,1,0,0.00,"Low Risk"
27200000000000,5697079,2016/05/16,Coralville,3,2,0,0.00,"Low Risk"
27200000000000,5676459,2016/05/19,Livermore,10,3,0,0.00,"High Risk"
27300000000000,5632450,2016/04/29,Albuquerque,1,0,NULL,NULL,"New Patient - Monitor"
27300000000000,5682035,2016/05/12,"Fort Collins",2,1,0,0.00,"Low Risk"
27400000000000,5490079,2016/04/29,Gardena,42,0,NULL,NULL,"New Patient - Monitor"
27500000000000,5576292,2016/05/24,"Joshua Tree",41,0,NULL,NULL,"New Patient - Monitor"
27600000000000,5583299,2016/04/29,"Battle Creek",15,0,NULL,NULL,"New Patient - Monitor"
27600000000000,5638038,2016/04/29,Charlotte,0,1,0,0.00,"Low Risk"
27600000000000,5713113,2016/05/24,Albany,6,2,0,0.00,"Medium Risk"
27700000000000,5629742,2016/04/29,Kuttawa,2,0,NULL,NULL,"New Patient - Monitor"
27700000000000,5575637,2016/04/29,"Saint Louis",16,1,0,0.00,"High Risk"
27700000000000,5621425,2016/04/29,"Bay City",3,2,0,0.00,"Low Risk"
27700000000000,5717714,2016/05/19,Coralville,0,3,1,0.33,"Medium Risk"
27800000000000,5538646,2016/05/18,Grayling,47,0,NULL,NULL,"New Patient - Monitor"
27900000000000,5538181,2016/04/29,Irmo,28,0,NULL,NULL,"New Patient - Monitor"
27900000000000,5641362,2016/04/29,Lagrange,0,1,0,0.00,"Low Risk"
27900000000000,5669380,2016/05/10,Cambridge,4,2,0,0.00,"Medium Risk"
27900000000000,5712101,2016/05/19,Mobile,1,3,0,0.00,"Low Risk"
28000000000000,5641358,2016/04/29,"Bowling Green",0,0,NULL,NULL,"New Patient - Monitor"
28000000000000,5670802,2016/05/09,"Cedar Rapids",3,1,0,0.00,"Low Risk"
28100000000000,5470709,2016/04/29,Albany,45,0,NULL,NULL,"New Patient - Monitor"
28100000000000,5641795,2016/04/29,Livermore,0,1,0,0.00,"Low Risk"
28200000000000,5642697,2016/04/29,"Miles City",0,0,NULL,NULL,"New Patient - Monitor"
28200000000000,5637823,2016/04/29,Dublin,0,1,0,0.00,"Low Risk"
28200000000000,5490381,2016/04/29,Blythewood,42,2,0,0.00,"High Risk"
28200000000000,5642498,2016/04/29,Dublin,0,3,1,0.33,"Medium Risk"
28200000000000,5639335,2016/04/29,"Bella Vista",0,4,1,0.25,"Medium Risk"
28200000000000,5684444,2016/05/13,Coralville,2,5,1,0.20,"Medium Risk"
28200000000000,5747407,2016/05/30,Gardena,0,6,2,0.33,"Medium Risk"
28300000000000,5625132,2016/04/29,Alpharetta,2,0,NULL,NULL,"New Patient - Monitor"
28300000000000,5480911,2016/04/29,Batesville,43,1,1,1.00,"High Risk"
28400000000000,5463192,2016/04/29,"Saint Louis",46,0,NULL,NULL,"New Patient - Monitor"
28400000000000,5629135,2016/04/29,Harrison,2,1,0,0.00,"Low Risk"
28500000000000,5625178,2016/04/29,Vandalia,2,0,NULL,NULL,"New Patient - Monitor"
28600000000000,5637642,2016/04/29,Carlsbad,0,0,NULL,NULL,"New Patient - Monitor"
28600000000000,5638352,2016/04/29,Boone,0,1,0,0.00,"Low Risk"
28600000000000,5634224,2016/04/29,Orlando,1,2,0,0.00,"Low Risk"
28700000000000,5561189,2016/04/29,Indianapolis,21,0,NULL,NULL,"New Patient - Monitor"
28700000000000,5608256,2016/05/11,Woodland,21,1,0,0.00,"High Risk"
28700000000000,5707271,2016/05/18,"East Syracuse",1,2,0,0.00,"Low Risk"
28800000000000,5555285,2016/04/29,"Fort Worth",22,0,NULL,NULL,"New Patient - Monitor"
28800000000000,5555284,2016/04/29,"Fort Worth",22,1,1,1.00,"High Risk"
28800000000000,5637978,2016/04/29,Roanoke,0,2,2,1.00,"High Risk"
28800000000000,5642625,2016/04/29,Calhoun,0,3,2,0.67,"High Risk"
28800000000000,5580043,2016/05/05,Dahlonega,22,4,2,0.50,"High Risk"
28800000000000,5580060,2016/05/17,Gardena,34,5,2,0.40,"High Risk"
28800000000000,5580061,2016/05/17,Gardena,34,6,2,0.33,"High Risk"
28900000000000,5641887,2016/04/29,Spearfish,0,0,NULL,NULL,"New Patient - Monitor"
28900000000000,5639862,2016/04/29,"Fort Wayne",0,1,0,0.00,"Low Risk"
28900000000000,5640706,2016/04/29,Bloomington,0,2,0,0.00,"Low Risk"
28900000000000,5594483,2016/04/29,Cambridge,11,3,0,0.00,"High Risk"
28900000000000,5628374,2016/04/29,"Fort Worth",2,4,0,0.00,"Low Risk"
29000000000000,5625982,2016/04/29,"Fort Wayne",2,0,NULL,NULL,"New Patient - Monitor"
29000000000000,5632845,2016/04/29,Albuquerque,1,1,0,0.00,"Low Risk"
29000000000000,5576487,2016/04/29,Roanoke,16,2,0,0.00,"High Risk"
29000000000000,5628082,2016/05/04,Sikeston,7,3,0,0.00,"Medium Risk"
29000000000000,5734066,2016/05/30,Eugene,6,4,0,0.00,"Medium Risk"
29100000000000,5642497,2016/04/29,Cary,0,0,NULL,NULL,"New Patient - Monitor"
29100000000000,5560490,2016/04/29,Sarasota,21,1,0,0.00,"High Risk"
29200000000000,5562686,2016/04/29,"Mount Arlington",21,0,NULL,NULL,"New Patient - Monitor"
29200000000000,5592287,2016/04/29,Calhoun,11,1,0,0.00,"High Risk"
29200000000000,5588114,2016/04/29,Princeton,14,2,0,0.00,"High Risk"
29200000000000,5669424,2016/05/10,Vandalia,4,3,0,0.00,"Medium Risk"
29300000000000,5639534,2016/04/29,Vandalia,0,0,NULL,NULL,"New Patient - Monitor"
29300000000000,5698774,2016/05/16,"Lake Lure",0,1,0,0.00,"Low Risk"
29500000000000,5640235,2016/04/29,Huntingdon,0,0,NULL,NULL,"New Patient - Monitor"
29500000000000,5594013,2016/04/29,"Fort Wayne",11,1,0,0.00,"High Risk"
29500000000000,5634159,2016/04/29,Vandalia,1,2,0,0.00,"Low Risk"
29500000000000,5593986,2016/04/29,"Fort Wayne",11,3,0,0.00,"High Risk"
29700000000000,5499460,2016/04/29,Roanoke,38,0,NULL,NULL,"New Patient - Monitor"
29800000000000,5502726,2016/04/29,Lexington,38,0,NULL,NULL,"New Patient - Monitor"
29900000000000,5642903,2016/04/29,Montgomery,0,0,NULL,NULL,"New Patient - Monitor"
29900000000000,5639907,2016/04/29,"Fort Collins",0,1,0,0.00,"Low Risk"
30000000000000,5629982,2016/05/25,Calhoun,28,0,NULL,NULL,"New Patient - Monitor"
31100000000000,5639613,2016/05/03,Coralville,4,0,NULL,NULL,"New Patient - Monitor"
31200000000000,5516224,2016/04/29,Roanoke,32,0,NULL,NULL,"New Patient - Monitor"
31200000000000,5526806,2016/05/02,Cary,33,1,0,0.00,"High Risk"
31200000000000,5705685,2016/05/17,Bradenton,0,2,1,0.50,"High Risk"
31200000000000,5655403,2016/05/17,Cary,14,3,1,0.33,"High Risk"
31300000000000,5594748,2016/04/29,Albany,11,0,NULL,NULL,"New Patient - Monitor"
31400000000000,5625212,2016/04/29,"Delray Beach",2,0,NULL,NULL,"New Patient - Monitor"
31400000000000,5589040,2016/04/29,Dublin,14,1,0,0.00,"High Risk"
31400000000000,5680700,2016/05/12,"Soddy Daisy",2,2,0,0.00,"Low Risk"
31500000000000,5642780,2016/04/29,Auburn,0,0,NULL,NULL,"New Patient - Monitor"
31500000000000,5642239,2016/04/29,Columbia,0,1,0,0.00,"Low Risk"
31500000000000,5536629,2016/04/29,Gardena,28,2,0,0.00,"High Risk"
31500000000000,5677162,2016/05/19,Gooding,10,3,0,0.00,"High Risk"
31600000000000,5536865,2016/04/29,Blythewood,28,0,NULL,NULL,"New Patient - Monitor"
31600000000000,5539569,2016/04/29,Calhoun,28,1,0,0.00,"High Risk"
31700000000000,5435044,2016/04/29,Troy,53,0,NULL,NULL,"New Patient - Monitor"
31700000000000,5582255,2016/04/29,Troy,15,1,1,1.00,"High Risk"
31700000000000,5638519,2016/04/29,Gardena,0,2,1,0.50,"High Risk"
31700000000000,5670894,2016/05/09,Eureka,3,3,1,0.33,"Medium Risk"
31700000000000,5646410,2016/05/12,Dallas,10,4,1,0.25,"High Risk"
31800000000000,5638846,2016/04/29,Plainfield,0,0,NULL,NULL,"New Patient - Monitor"
31800000000000,5562866,2016/04/29,Lagrange,21,1,0,0.00,"High Risk"
31800000000000,5634183,2016/04/29,Cary,1,2,0,0.00,"Low Risk"
31800000000000,5695281,2016/05/13,Kuttawa,0,3,0,0.00,"Low Risk"
31900000000000,5716234,2016/05/20,Cooperstown,2,0,NULL,NULL,"New Patient - Monitor"
32100000000000,5619655,2016/04/29,Princeton,3,0,NULL,NULL,"New Patient - Monitor"
32200000000000,5641773,2016/04/29,Calhoun,0,0,NULL,NULL,"New Patient - Monitor"
32200000000000,5519567,2016/04/29,"Bay City",31,1,0,0.00,"High Risk"
32200000000000,5508748,2016/04/29,"Eau Claire",37,2,0,0.00,"High Risk"
32200000000000,5577039,2016/04/29,Chicago,16,3,0,0.00,"High Risk"
32200000000000,5675821,2016/05/19,Gardena,10,4,1,0.25,"High Risk"
32400000000000,5588887,2016/04/29,Woodstock,14,0,NULL,NULL,"New Patient - Monitor"
32500000000000,5537901,2016/04/29,"Mount Arlington",28,0,NULL,NULL,"New Patient - Monitor"
32500000000000,5743801,2016/05/30,Albuquerque,0,1,0,0.00,"Low Risk"
32600000000000,5626342,2016/04/29,"Soddy Daisy",2,0,NULL,NULL,"New Patient - Monitor"
32600000000000,5602148,2016/04/29,Mobile,10,1,0,0.00,"High Risk"
32600000000000,5389146,2016/04/29,"Fort Collins",65,2,0,0.00,"High Risk"
32600000000000,5695461,2016/05/13,Gardena,0,3,0,0.00,"Low Risk"
32800000000000,5639990,2016/04/29,"Saint Louis",0,0,NULL,NULL,"New Patient - Monitor"
32900000000000,5506650,2016/04/29,Lagrange,37,0,NULL,NULL,"New Patient - Monitor"
32900000000000,5611897,2016/04/29,Bryant,4,1,0,0.00,"Medium Risk"
33300000000000,5637670,2016/04/29,"Fort Wayne",0,0,NULL,NULL,"New Patient - Monitor"
33300000000000,5576888,2016/04/29,"Max Meadows",16,1,0,0.00,"High Risk"
33400000000000,5518724,2016/04/29,Boone,31,0,NULL,NULL,"New Patient - Monitor"
33400000000000,5676091,2016/05/12,"El Reno",3,1,1,1.00,"High Risk"
33500000000000,5639084,2016/04/29,Sikeston,0,0,NULL,NULL,"New Patient - Monitor"
33500000000000,5642797,2016/04/29,Charlotte,0,1,0,0.00,"Low Risk"
33500000000000,5641059,2016/04/29,"Johnson City",0,2,0,0.00,"Low Risk"
33500000000000,5640600,2016/04/29,Roanoke,0,3,0,0.00,"Low Risk"
33600000000000,5640456,2016/04/29,Bryant,0,0,NULL,NULL,"New Patient - Monitor"
33700000000000,5639569,2016/04/29,"Saint Louis",0,0,NULL,NULL,"New Patient - Monitor"
33700000000000,5746595,2016/05/30,Oconomowoc,0,1,0,0.00,"Low Risk"
33700000000000,5738003,2016/05/30,Columbus,5,2,0,0.00,"Medium Risk"
33900000000000,5522464,2016/04/29,Gardena,31,0,NULL,NULL,"New Patient - Monitor"
33900000000000,5528298,2016/04/29,Douglasville,30,1,1,1.00,"High Risk"
33900000000000,5641019,2016/04/29,"Fort Wayne",0,2,2,1.00,"High Risk"
34100000000000,5590830,2016/04/29,"Fort Worth",14,0,NULL,NULL,"New Patient - Monitor"
34300000000000,5641925,2016/04/29,Hampton,0,0,NULL,NULL,"New Patient - Monitor"
34300000000000,5560270,2016/04/29,"Osage Beach",21,1,0,0.00,"High Risk"
34300000000000,5635210,2016/05/02,Dublin,4,2,0,0.00,"Medium Risk"
34300000000000,5689686,2016/05/16,Hartford,4,3,0,0.00,"Medium Risk"
34400000000000,5604131,2016/04/29,Mullins,9,0,NULL,NULL,"New Patient - Monitor"
34400000000000,5639919,2016/05/02,Blythewood,3,1,0,0.00,"Low Risk"
34400000000000,5640121,2016/05/03,Cambridge,4,2,1,0.50,"High Risk"
34400000000000,5602934,2016/05/25,"Fort Collins",36,3,1,0.33,"High Risk"
34500000000000,5631029,2016/04/29,"Battle Creek",2,0,NULL,NULL,"New Patient - Monitor"
34500000000000,5643518,2016/05/02,Ogunquit,0,1,0,0.00,"Low Risk"
34600000000000,5640368,2016/04/29,"Fort Collins",0,0,NULL,NULL,"New Patient - Monitor"
34600000000000,5689626,2016/05/30,Griffin,18,1,0,0.00,"High Risk"
34700000000000,5711566,2016/05/20,"Saint Louis",2,0,NULL,NULL,"New Patient - Monitor"
34900000000000,5557870,2016/04/29,Princeton,22,0,NULL,NULL,"New Patient - Monitor"
34900000000000,5546909,2016/05/10,Boone,35,1,1,1.00,"High Risk"
35000000000000,5616032,2016/04/29,Leesburg,4,0,NULL,NULL,"New Patient - Monitor"
35300000000000,5639186,2016/04/29,Albany,0,0,NULL,NULL,"New Patient - Monitor"
35300000000000,5638876,2016/04/29,"Fort Worth",0,1,0,0.00,"Low Risk"
35300000000000,5684373,2016/05/13,"Little River",2,2,0,0.00,"Low Risk"
35400000000000,5561622,2016/04/29,Pittsburgh,21,0,NULL,NULL,"New Patient - Monitor"
35400000000000,5523393,2016/04/29,"Saint Louis",31,1,0,0.00,"High Risk"
35400000000000,5614873,2016/05/02,Griffin,7,2,0,0.00,"Medium Risk"
35400000000000,5626035,2016/05/31,Coralville,34,3,1,0.33,"High Risk"
35500000000000,5590085,2016/04/29,Hampton,14,0,NULL,NULL,"New Patient - Monitor"
35700000000000,5533149,2016/04/29,"Fort Wayne",29,0,NULL,NULL,"New Patient - Monitor"
35900000000000,5537355,2016/04/29,"Saint Louis",28,0,NULL,NULL,"New Patient - Monitor"
35900000000000,5591384,2016/04/29,Bryant,14,1,0,0.00,"High Risk"
35900000000000,5638290,2016/04/29,Macon,0,2,0,0.00,"Low Risk"
35900000000000,5638203,2016/04/29,"Battle Creek",0,3,0,0.00,"Low Risk"
35900000000000,5660645,2016/05/06,Cary,2,4,0,0.00,"Low Risk"
35900000000000,5646383,2016/05/09,Gardena,7,5,1,0.20,"Medium Risk"
35900000000000,5568817,2016/05/10,"Elk City",29,6,2,0.33,"High Risk"
35900000000000,5691151,2016/05/18,Hampton,6,7,2,0.29,"Medium Risk"
35900000000000,5705005,2016/05/25,Bryant,9,8,3,0.38,"High Risk"
36100000000000,5683057,2016/05/11,Eureka,0,0,NULL,NULL,"New Patient - Monitor"
36200000000000,5612394,2016/04/29,Blythewood,4,0,NULL,NULL,"New Patient - Monitor"
36200000000000,5653383,2016/05/05,"Twin Mountain",2,1,0,0.00,"Low Risk"
36300000000000,5683127,2016/05/13,"Osage Beach",2,0,NULL,NULL,"New Patient - Monitor"
36300000000000,5621376,2016/05/16,Cambridge,20,1,0,0.00,"High Risk"
36400000000000,5625145,2016/04/29,Plainfield,2,0,NULL,NULL,"New Patient - Monitor"
36400000000000,5641859,2016/04/29,Eugene,0,1,0,0.00,"Low Risk"
36400000000000,5640484,2016/04/29,Shreveport,0,2,0,0.00,"Low Risk"
36400000000000,5665982,2016/05/09,"Mount Arlington",4,3,0,0.00,"Medium Risk"
36500000000000,5614045,2016/04/29,"Soddy Daisy",4,0,NULL,NULL,"New Patient - Monitor"
36700000000000,5621388,2016/04/29,Worthington,3,0,NULL,NULL,"New Patient - Monitor"
36700000000000,5719702,2016/05/25,Worthington,6,1,1,1.00,"High Risk"
36800000000000,5637545,2016/04/29,Gretna,0,0,NULL,NULL,"New Patient - Monitor"
36800000000000,5628437,2016/04/29,Cambridge,2,1,0,0.00,"Low Risk"
36900000000000,5576913,2016/04/29,Dahlonega,16,0,NULL,NULL,"New Patient - Monitor"
37000000000000,5591508,2016/04/29,Roanoke,14,0,NULL,NULL,"New Patient - Monitor"
37100000000000,5468664,2016/04/29,"Saint Louis",45,0,NULL,NULL,"New Patient - Monitor"
37200000000000,5646641,2016/05/04,"Fort Wayne",2,0,NULL,NULL,"New Patient - Monitor"
37300000000000,5640994,2016/04/29,Victorville,0,0,NULL,NULL,"New Patient - Monitor"
37300000000000,5604926,2016/05/24,Gardena,34,1,0,0.00,"High Risk"
37400000000000,5672813,2016/05/09,Columbia,0,0,NULL,NULL,"New Patient - Monitor"
37400000000000,5715171,2016/05/19,"Mount Arlington",1,1,0,0.00,"Low Risk"
37500000000000,5639645,2016/04/29,Calhoun,0,0,NULL,NULL,"New Patient - Monitor"
37600000000000,5634822,2016/04/29,Dublin,1,0,NULL,NULL,"New Patient - Monitor"
37600000000000,5639931,2016/04/29,Boone,0,1,1,1.00,"High Risk"
37600000000000,5667303,2016/05/06,Burlington,0,2,1,0.50,"High Risk"
37700000000000,5639601,2016/04/29,Dublin,0,0,NULL,NULL,"New Patient - Monitor"
37800000000000,5641065,2016/04/29,Huntingdon,0,0,NULL,NULL,"New Patient - Monitor"
37800000000000,5637874,2016/04/29,Dahlonega,0,1,0,0.00,"Low Risk"
37900000000000,5639843,2016/04/29,"Little River",0,0,NULL,NULL,"New Patient - Monitor"
37900000000000,5546270,2016/05/13,"Oak Harbor",38,1,0,0.00,"High Risk"
37900000000000,5674998,2016/05/30,Gardena,21,2,1,0.50,"High Risk"
38000000000000,5626148,2016/04/29,Georgetown,2,0,NULL,NULL,"New Patient - Monitor"
38000000000000,5629610,2016/04/29,Columbia,2,1,1,1.00,"High Risk"
38200000000000,5496977,2016/04/29,Boone,39,0,NULL,NULL,"New Patient - Monitor"
38300000000000,5646491,2016/05/12,"Cedar Rapids",10,0,NULL,NULL,"New Patient - Monitor"
38400000000000,5552547,2016/04/29,Dublin,23,0,NULL,NULL,"New Patient - Monitor"
38400000000000,5552544,2016/04/29,Boone,23,1,0,0.00,"High Risk"
38500000000000,5634044,2016/04/29,"Williams Bay",1,0,NULL,NULL,"New Patient - Monitor"
38500000000000,5620174,2016/04/29,"Fort Worth",3,1,0,0.00,"Low Risk"
38500000000000,5630801,2016/04/29,"Little River",2,2,1,0.50,"High Risk"
38600000000000,5486503,2016/04/29,Huntingdon,42,0,NULL,NULL,"New Patient - Monitor"
38600000000000,5555546,2016/04/29,"Miles City",22,1,0,0.00,"High Risk"
38600000000000,5615594,2016/05/02,"Little River",7,2,0,0.00,"Medium Risk"
38700000000000,5639828,2016/04/29,Moore,0,0,NULL,NULL,"New Patient - Monitor"
38700000000000,5569400,2016/05/11,Gorham,30,1,0,0.00,"High Risk"
38800000000000,5640651,2016/04/29,"Saint Louis",0,0,NULL,NULL,"New Patient - Monitor"
38800000000000,5598834,2016/04/29,Moore,10,1,0,0.00,"High Risk"
38800000000000,5724241,2016/05/20,Eugene,0,2,0,0.00,"Low Risk"
38900000000000,5628704,2016/04/29,"Joshua Tree",2,0,NULL,NULL,"New Patient - Monitor"
38900000000000,5595967,2016/04/29,Gardena,11,1,0,0.00,"High Risk"
38900000000000,5737286,2016/05/30,"Cedar Rapids",5,2,0,0.00,"Medium Risk"
39000000000000,5476407,2016/04/29,Cary,44,0,NULL,NULL,"New Patient - Monitor"
39200000000000,5621574,2016/05/03,Leesburg,7,0,NULL,NULL,"New Patient - Monitor"
39200000000000,5648325,2016/05/04,Eureka,2,1,0,0.00,"Low Risk"
39200000000000,5664465,2016/05/11,"East Syracuse",6,2,1,0.50,"High Risk"
39300000000000,5595895,2016/04/29,Cary,11,0,NULL,NULL,"New Patient - Monitor"
39300000000000,5552327,2016/04/29,"Fort Wayne",23,1,0,0.00,"High Risk"
39300000000000,5587601,2016/04/29,Livermore,14,2,0,0.00,"High Risk"
39400000000000,5639484,2016/04/29,"Osage Beach",0,0,NULL,NULL,"New Patient - Monitor"
39500000000000,5630195,2016/04/29,Billings,2,0,NULL,NULL,"New Patient - Monitor"
39600000000000,5624995,2016/04/29,"Fort Worth",3,0,NULL,NULL,"New Patient - Monitor"
39600000000000,5612413,2016/04/29,Oconomowoc,4,1,0,0.00,"Medium Risk"
39700000000000,5586828,2016/04/29,"Mount Arlington",14,0,NULL,NULL,"New Patient - Monitor"
39700000000000,5619639,2016/04/29,Plainfield,3,1,0,0.00,"Low Risk"
39800000000000,5638255,2016/04/29,Dublin,0,0,NULL,NULL,"New Patient - Monitor"
39800000000000,5638446,2016/04/29,"Cripple Creek",0,1,0,0.00,"Low Risk"
39800000000000,5526961,2016/04/29,Sarasota,30,2,0,0.00,"High Risk"
39900000000000,5637946,2016/04/29,Moore,0,0,NULL,NULL,"New Patient - Monitor"
39900000000000,5638964,2016/04/29,Vandalia,0,1,0,0.00,"Low Risk"
39900000000000,5596480,2016/04/29,Dahlonega,11,2,0,0.00,"High Risk"
39900000000000,5687295,2016/05/16,Billings,5,3,0,0.00,"Medium Risk"
40000000000000,5677930,2016/05/12,Chattanooga,2,0,NULL,NULL,"New Patient - Monitor"
40000000000000,5677931,2016/05/12,"Castle Rock",2,1,0,0.00,"Low Risk"
41100000000000,5666011,2016/05/09,"Fort Worth",4,0,NULL,NULL,"New Patient - Monitor"
41200000000000,5536871,2016/04/29,Shakopee,28,0,NULL,NULL,"New Patient - Monitor"
41200000000000,5576924,2016/04/29,Pittsburgh,16,1,1,1.00,"High Risk"
41200000000000,5646351,2016/05/09,Billings,7,2,1,0.50,"High Risk"
41200000000000,5677133,2016/05/20,Columbus,11,3,2,0.67,"High Risk"
41300000000000,5681973,2016/05/12,Coralville,2,0,NULL,NULL,"New Patient - Monitor"
41300000000000,5728816,2016/05/25,Burlington,5,1,0,0.00,"Medium Risk"
41400000000000,5621024,2016/04/29,Douglasville,3,0,NULL,NULL,"New Patient - Monitor"
41400000000000,5621036,2016/04/29,Burlington,3,1,1,1.00,"High Risk"
41400000000000,5494266,2016/04/29,Blythewood,39,2,1,0.50,"High Risk"
41400000000000,5642236,2016/04/29,Carlsbad,0,3,2,0.67,"High Risk"
41500000000000,5581080,2016/04/29,Douglasville,15,0,NULL,NULL,"New Patient - Monitor"
41500000000000,5559365,2016/04/29,Mobile,21,1,0,0.00,"High Risk"
41500000000000,5646972,2016/05/04,"Fort Wayne",2,2,0,0.00,"Low Risk"
41500000000000,5706791,2016/05/17,Victorville,0,3,0,0.00,"Low Risk"
41600000000000,5624017,2016/04/29,Gardena,3,0,NULL,NULL,"New Patient - Monitor"
41600000000000,5605870,2016/04/29,Plainfield,9,1,1,1.00,"High Risk"
41600000000000,5501750,2016/05/03,Auburn,42,2,2,1.00,"High Risk"
41600000000000,5501753,2016/05/10,"Grand Junction",49,3,2,0.67,"High Risk"
41700000000000,5620901,2016/04/29,"Miles City",3,0,NULL,NULL,"New Patient - Monitor"
41700000000000,5537068,2016/05/06,"El Reno",35,1,1,1.00,"High Risk"
41700000000000,5576290,2016/05/20,Mobile,37,2,2,1.00,"High Risk"
41800000000000,5526916,2016/04/29,Calhoun,30,0,NULL,NULL,"New Patient - Monitor"
41800000000000,5638018,2016/04/29,Billings,0,1,1,1.00,"High Risk"
41800000000000,5633350,2016/04/29,Lexington,1,2,1,0.50,"High Risk"
41800000000000,5550451,2016/04/29,Mercer,23,3,2,0.67,"High Risk"
41800000000000,5728950,2016/05/24,Cooperstown,0,4,2,0.50,"High Risk"
41800000000000,5732576,2016/05/24,Aspen,0,5,2,0.40,"Medium Risk"
41800000000000,5735106,2016/05/25,Hartford,1,6,2,0.33,"Medium Risk"
41800000000000,5735111,2016/05/25,Calhoun,1,7,2,0.29,"Medium Risk"
41900000000000,5638133,2016/04/29,Mercer,0,0,NULL,NULL,"New Patient - Monitor"
42100000000000,5638565,2016/04/29,Eugene,0,0,NULL,NULL,"New Patient - Monitor"
42200000000000,5641665,2016/04/29,Batesville,0,0,NULL,NULL,"New Patient - Monitor"
42300000000000,5637570,2016/04/29,Orlando,0,0,NULL,NULL,"New Patient - Monitor"
42300000000000,5638274,2016/04/29,Saginaw,0,1,0,0.00,"Low Risk"
42300000000000,5634093,2016/04/29,"Forest Grove",1,2,0,0.00,"Low Risk"
42300000000000,5586909,2016/04/29,"Charles Town",14,3,0,0.00,"High Risk"
42300000000000,5616894,2016/04/29,Boone,4,4,0,0.00,"Medium Risk"
42300000000000,5609838,2016/05/25,Eugene,35,5,0,0.00,"High Risk"
42400000000000,5632100,2016/04/29,Albuquerque,1,0,NULL,NULL,"New Patient - Monitor"
42400000000000,5537936,2016/04/29,Cooperstown,28,1,1,1.00,"High Risk"
42400000000000,5722264,2016/05/25,Dublin,5,2,2,1.00,"High Risk"
42500000000000,5626046,2016/04/29,Sarasota,2,0,NULL,NULL,"New Patient - Monitor"
42500000000000,5625160,2016/04/29,Oconomowoc,2,1,0,0.00,"Low Risk"
42500000000000,5640692,2016/04/29,Auburn,0,2,0,0.00,"Low Risk"
42500000000000,5625975,2016/04/29,Dublin,2,3,0,0.00,"Low Risk"
42600000000000,5491017,2016/04/29,Raton,42,0,NULL,NULL,"New Patient - Monitor"
42600000000000,5709390,2016/05/17,Lexington,0,1,0,0.00,"Low Risk"
42700000000000,5483734,2016/04/29,"Palm Springs",43,0,NULL,NULL,"New Patient - Monitor"
42700000000000,5607907,2016/04/29,Cambridge,9,1,0,0.00,"High Risk"
42700000000000,5634178,2016/04/29,Tatum,1,2,0,0.00,"Low Risk"
42700000000000,5557685,2016/04/29,Woodland,22,3,1,0.33,"High Risk"
42800000000000,5630238,2016/04/29,"Saint Mary",2,0,NULL,NULL,"New Patient - Monitor"
42800000000000,5687294,2016/05/16,Fairmont,5,1,1,1.00,"High Risk"
42800000000000,5713283,2016/05/24,Indianapolis,6,2,1,0.50,"High Risk"
42900000000000,5584399,2016/04/29,"Saint Louis",15,0,NULL,NULL,"New Patient - Monitor"
42900000000000,5580300,2016/05/17,Ogunquit,34,1,1,1.00,"High Risk"
43000000000000,5552852,2016/04/29,Mobile,23,0,NULL,NULL,"New Patient - Monitor"
43000000000000,5557984,2016/05/10,"Bella Vista",33,1,0,0.00,"High Risk"
43000000000000,5708243,2016/05/17,"Elk City",0,2,0,0.00,"Low Risk"
43000000000000,5724142,2016/05/20,"Battle Creek",0,3,0,0.00,"Low Risk"
43000000000000,5733388,2016/05/24,Eugene,0,4,0,0.00,"Low Risk"
43100000000000,5587278,2016/04/29,Dublin,14,0,NULL,NULL,"New Patient - Monitor"
43200000000000,5631665,2016/04/29,Deerfield,1,0,NULL,NULL,"New Patient - Monitor"
43200000000000,5640984,2016/04/29,Pittsburgh,0,1,1,1.00,"High Risk"
43300000000000,5590520,2016/04/29,"Fort Wayne",14,0,NULL,NULL,"New Patient - Monitor"
43300000000000,5615020,2016/04/29,"Cripple Creek",4,1,0,0.00,"Medium Risk"
43300000000000,5351222,2016/04/29,"Fort Worth",73,2,0,0.00,"High Risk"
43300000000000,5615015,2016/04/29,Hampton,4,3,1,0.33,"Medium Risk"
43300000000000,5678846,2016/05/18,"Fort Wayne",8,4,1,0.25,"High Risk"
43400000000000,5638829,2016/04/29,"Battle Creek",0,0,NULL,NULL,"New Patient - Monitor"
43400000000000,5649635,2016/05/03,Shreveport,0,1,0,0.00,"Low Risk"
43600000000000,5542119,2016/04/29,Hampton,24,0,NULL,NULL,"New Patient - Monitor"
43600000000000,5528076,2016/04/29,"Bowling Green",30,1,0,0.00,"High Risk"
43600000000000,5627856,2016/04/29,Columbia,2,2,0,0.00,"Low Risk"
43700000000000,5560560,2016/04/29,Batesville,21,0,NULL,NULL,"New Patient - Monitor"
43700000000000,5640190,2016/04/29,Billings,0,1,0,0.00,"Low Risk"
43700000000000,5638040,2016/04/29,"Fort Wayne",0,2,1,0.50,"High Risk"
43700000000000,5602421,2016/05/03,Harrison,14,3,1,0.33,"High Risk"
43700000000000,5655076,2016/05/24,"Max Meadows",21,4,1,0.25,"High Risk"
43800000000000,5640090,2016/04/29,"Saint Louis",0,0,NULL,NULL,"New Patient - Monitor"
44000000000000,5499102,2016/04/29,Huntingdon,38,0,NULL,NULL,"New Patient - Monitor"
44000000000000,5641445,2016/04/29,Gardena,0,1,0,0.00,"Low Risk"
44000000000000,5733636,2016/05/24,"Eau Claire",0,2,0,0.00,"Low Risk"
44100000000000,5408325,2016/04/29,Cambridge,60,0,NULL,NULL,"New Patient - Monitor"
44200000000000,5589893,2016/04/29,Mobile,14,0,NULL,NULL,"New Patient - Monitor"
44200000000000,5728678,2016/05/24,Dublin,4,1,0,0.00,"Medium Risk"
44200000000000,5728679,2016/05/24,"Fort Worth",4,2,0,0.00,"Medium Risk"
44300000000000,5473380,2016/04/29,"Fort Wayne",45,0,NULL,NULL,"New Patient - Monitor"
44400000000000,5583377,2016/04/29,Aspen,15,0,NULL,NULL,"New Patient - Monitor"
44400000000000,5688208,2016/05/12,Eugene,0,1,0,0.00,"Low Risk"
44400000000000,5693030,2016/05/17,"Bowling Green",5,2,0,0.00,"Medium Risk"
44400000000000,5693031,2016/05/17,Auburn,5,3,1,0.33,"Medium Risk"
44500000000000,5630141,2016/04/29,Oscoda,2,0,NULL,NULL,"New Patient - Monitor"
44600000000000,5628728,2016/04/29,"Eau Claire",2,0,NULL,NULL,"New Patient - Monitor"
44600000000000,5674014,2016/05/11,Charlotte,2,1,1,1.00,"High Risk"
44700000000000,5732462,2016/05/30,Blythewood,6,0,NULL,NULL,"New Patient - Monitor"
44800000000000,5641165,2016/04/29,Corbin,0,0,NULL,NULL,"New Patient - Monitor"
44800000000000,5618146,2016/04/29,Saginaw,3,1,0,0.00,"Low Risk"
44800000000000,5692785,2016/05/16,Corbin,4,2,0,0.00,"Medium Risk"
44800000000000,5728819,2016/05/25,Griffin,5,3,0,0.00,"Medium Risk"
44900000000000,5623982,2016/04/29,Columbia,3,0,NULL,NULL,"New Patient - Monitor"
45000000000000,5632746,2016/04/29,Cary,1,0,NULL,NULL,"New Patient - Monitor"
45000000000000,5516904,2016/04/29,Livermore,32,1,0,0.00,"High Risk"
45100000000000,5616870,2016/04/29,Kuttawa,4,0,NULL,NULL,"New Patient - Monitor"
45100000000000,5616869,2016/04/29,"Bowling Green",4,1,0,0.00,"Medium Risk"
45100000000000,5640482,2016/05/06,"El Reno",7,2,0,0.00,"Medium Risk"
45100000000000,5602301,2016/05/25,Appleton,36,3,0,0.00,"High Risk"
45200000000000,5589169,2016/04/29,Gardena,14,0,NULL,NULL,"New Patient - Monitor"
45200000000000,5361248,2016/05/04,Victorville,77,1,0,0.00,"High Risk"
45300000000000,5674587,2016/05/17,"Saint Louis",8,0,NULL,NULL,"New Patient - Monitor"
45400000000000,5552934,2016/04/29,"Lenoir City",23,0,NULL,NULL,"New Patient - Monitor"
45400000000000,5623248,2016/04/29,Dublin,3,1,0,0.00,"Low Risk"
45400000000000,5506672,2016/04/29,Bloomington,37,2,0,0.00,"High Risk"
45500000000000,5482823,2016/04/29,Batesville,43,0,NULL,NULL,"New Patient - Monitor"
45500000000000,5640689,2016/05/02,Hartford,3,1,0,0.00,"Low Risk"
45500000000000,5698942,2016/05/16,"Cedar Rapids",0,2,0,0.00,"Low Risk"
45600000000000,5661947,2016/05/09,Coralville,4,0,NULL,NULL,"New Patient - Monitor"
45700000000000,5560417,2016/04/29,Gretna,21,0,NULL,NULL,"New Patient - Monitor"
45700000000000,5687361,2016/05/16,"Eau Claire",5,1,0,0.00,"Medium Risk"
45800000000000,5629140,2016/04/29,Lincolnton,2,0,NULL,NULL,"New Patient - Monitor"
45800000000000,5586680,2016/04/29,Billings,14,1,0,0.00,"High Risk"
45900000000000,5622122,2016/04/29,Oscoda,3,0,NULL,NULL,"New Patient - Monitor"
45900000000000,5535884,2016/04/29,Mobile,28,1,0,0.00,"High Risk"
46000000000000,5609925,2016/04/29,Cary,9,0,NULL,NULL,"New Patient - Monitor"
46200000000000,5640372,2016/04/29,Eugene,0,0,NULL,NULL,"New Patient - Monitor"
46300000000000,5639494,2016/04/29,Roanoke,0,0,NULL,NULL,"New Patient - Monitor"
46300000000000,5680371,2016/05/10,Woodland,0,1,0,0.00,"Low Risk"
46300000000000,5709610,2016/05/17,"Bowling Green",0,2,0,0.00,"Low Risk"
46400000000000,5612307,2016/04/29,Dahlonega,4,0,NULL,NULL,"New Patient - Monitor"
46400000000000,5614681,2016/04/29,"Bella Vista",4,1,0,0.00,"Medium Risk"
46400000000000,5606767,2016/04/29,Dublin,9,2,0,0.00,"High Risk"
46400000000000,5615508,2016/05/02,Dahlonega,7,3,1,0.33,"Medium Risk"
46400000000000,5697053,2016/05/16,"Eau Claire",3,4,2,0.50,"High Risk"
46500000000000,5558842,2016/04/29,Vandalia,21,0,NULL,NULL,"New Patient - Monitor"
46500000000000,5642766,2016/04/29,Batesville,0,1,0,0.00,"Low Risk"
46500000000000,5642782,2016/04/29,"Saint Louis",0,2,0,0.00,"Low Risk"
46500000000000,5734058,2016/05/30,Gardena,6,3,0,0.00,"Medium Risk"
46600000000000,5611904,2016/04/29,Orlando,4,0,NULL,NULL,"New Patient - Monitor"
46700000000000,5560202,2016/05/04,"Fort Worth",26,0,NULL,NULL,"New Patient - Monitor"
46800000000000,5638912,2016/04/29,"Saint Louis",0,0,NULL,NULL,"New Patient - Monitor"
46800000000000,5637630,2016/04/29,Columbia,0,1,0,0.00,"Low Risk"
46800000000000,5641042,2016/04/29,"Saint Mary",0,2,0,0.00,"Low Risk"
46900000000000,5527714,2016/04/29,Cary,30,0,NULL,NULL,"New Patient - Monitor"
46900000000000,5534635,2016/04/29,Leesburg,29,1,0,0.00,"High Risk"
47000000000000,5710631,2016/05/18,Albany,1,0,NULL,NULL,"New Patient - Monitor"
47100000000000,5639242,2016/04/29,"Cedar Rapids",0,0,NULL,NULL,"New Patient - Monitor"
47200000000000,5732374,2016/05/30,Tatum,6,0,NULL,NULL,"New Patient - Monitor"
47300000000000,5601894,2016/04/29,Oconomowoc,10,0,NULL,NULL,"New Patient - Monitor"
47300000000000,5754683,2016/05/31,Dublin,0,1,0,0.00,"Low Risk"
47400000000000,5637606,2016/04/29,Columbus,0,0,NULL,NULL,"New Patient - Monitor"
47400000000000,5628661,2016/04/29,"Fort Collins",2,1,0,0.00,"Low Risk"
47400000000000,5638339,2016/04/29,Lexington,0,2,0,0.00,"Low Risk"
47400000000000,5656433,2016/05/04,Chattanooga,0,3,0,0.00,"Low Risk"
47400000000000,5694746,2016/05/18,Fairmont,5,4,0,0.00,"Medium Risk"
47500000000000,5640550,2016/04/29,Fairmont,0,0,NULL,NULL,"New Patient - Monitor"
47500000000000,5488360,2016/04/29,Blythewood,42,1,0,0.00,"High Risk"
47500000000000,5640291,2016/04/29,"Max Meadows",0,2,1,0.50,"High Risk"
47500000000000,5637707,2016/04/29,Carlsbad,0,3,1,0.33,"Medium Risk"
47600000000000,5637150,2016/04/29,Owasso,1,0,NULL,NULL,"New Patient - Monitor"
47600000000000,5629190,2016/04/29,Plainfield,2,1,1,1.00,"High Risk"
47600000000000,5732370,2016/05/30,Tyler,6,2,1,0.50,"High Risk"
47700000000000,5593713,2016/04/29,"Fort Wayne",11,0,NULL,NULL,"New Patient - Monitor"
47700000000000,5640676,2016/04/29,Cambridge,0,1,0,0.00,"Low Risk"
47700000000000,5632685,2016/05/31,"Lake Lure",33,2,0,0.00,"High Risk"
47800000000000,5637577,2016/04/29,Victorville,0,0,NULL,NULL,"New Patient - Monitor"
47800000000000,5536309,2016/04/29,Hartford,28,1,0,0.00,"High Risk"
47800000000000,5660648,2016/05/06,Boone,2,2,0,0.00,"Low Risk"
47900000000000,5528199,2016/04/29,"Saint Louis",30,0,NULL,NULL,"New Patient - Monitor"
47900000000000,5595465,2016/04/29,Worthington,11,1,0,0.00,"High Risk"
48200000000000,5634226,2016/04/29,"Miles City",1,0,NULL,NULL,"New Patient - Monitor"
48200000000000,5564679,2016/04/29,Midway,18,1,0,0.00,"High Risk"
48200000000000,5642171,2016/04/29,Huntingdon,0,2,0,0.00,"Low Risk"
48200000000000,5646648,2016/05/04,Livermore,2,3,0,0.00,"Low Risk"
48300000000000,5576409,2016/04/29,Roanoke,16,0,NULL,NULL,"New Patient - Monitor"
48300000000000,5687279,2016/05/16,"Mount Arlington",5,1,0,0.00,"Medium Risk"
48600000000000,5629603,2016/04/29,Lexington,2,0,NULL,NULL,"New Patient - Monitor"
48600000000000,5582693,2016/05/18,Albuquerque,34,1,0,0.00,"High Risk"
48800000000000,5639310,2016/04/29,Coralville,0,0,NULL,NULL,"New Patient - Monitor"
48800000000000,5633522,2016/04/29,Oconomowoc,1,1,0,0.00,"Low Risk"
48800000000000,5483410,2016/04/29,Dublin,43,2,1,0.50,"High Risk"
48800000000000,5687347,2016/05/16,Livermore,5,3,1,0.33,"Medium Risk"
48800000000000,5620556,2016/05/31,"Lenoir City",35,4,1,0.25,"High Risk"
48900000000000,5641303,2016/04/29,Gardena,0,0,NULL,NULL,"New Patient - Monitor"
49200000000000,5562260,2016/04/29,Dublin,21,0,NULL,NULL,"New Patient - Monitor"
49200000000000,5452793,2016/04/29,Eugene,50,1,0,0.00,"High Risk"
49200000000000,5659020,2016/05/06,Eugene,2,2,0,0.00,"Low Risk"
49200000000000,5609814,2016/05/25,"East Syracuse",35,3,0,0.00,"High Risk"
49200000000000,5738042,2016/05/31,Leesburg,6,4,0,0.00,"Medium Risk"
49300000000000,5602891,2016/05/30,Lexington,41,0,NULL,NULL,"New Patient - Monitor"
49400000000000,5516685,2016/04/29,Garberville,32,0,NULL,NULL,"New Patient - Monitor"
49500000000000,5451753,2016/04/29,Mullins,50,0,NULL,NULL,"New Patient - Monitor"
49500000000000,5599767,2016/04/29,Mullins,10,1,1,1.00,"High Risk"
49600000000000,5451280,2016/04/29,Charlotte,50,0,NULL,NULL,"New Patient - Monitor"
49600000000000,5637356,2016/04/29,Pittsburgh,1,1,0,0.00,"Low Risk"
49600000000000,5521955,2016/04/29,Kuttawa,31,2,0,0.00,"High Risk"
49700000000000,5451408,2016/04/29,Charlotte,50,0,NULL,NULL,"New Patient - Monitor"
49800000000000,5640214,2016/04/29,Georgetown,0,0,NULL,NULL,"New Patient - Monitor"
49800000000000,5486000,2016/05/02,"Battle Creek",45,1,0,0.00,"High Risk"
49800000000000,5530556,2016/05/03,Columbus,33,2,0,0.00,"High Risk"
49800000000000,5636560,2016/05/11,"Castle Rock",13,3,1,0.33,"High Risk"
50000000000000,5625042,2016/04/29,Coralville,3,0,NULL,NULL,"New Patient - Monitor"
51100000000000,5590876,2016/04/29,"Lenoir City",14,0,NULL,NULL,"New Patient - Monitor"
51200000000000,5523384,2016/05/05,Calhoun,37,0,NULL,NULL,"New Patient - Monitor"
51200000000000,5523386,2016/05/09,Albuquerque,41,1,0,0.00,"High Risk"
51200000000000,5523390,2016/05/09,"Fort Worth",41,2,0,0.00,"High Risk"
51200000000000,5677105,2016/05/17,"Cedar Rapids",8,3,0,0.00,"High Risk"
51300000000000,5498040,2016/04/29,"Little River",38,0,NULL,NULL,"New Patient - Monitor"
51300000000000,5617321,2016/04/29,"Max Meadows",4,1,0,0.00,"Medium Risk"
51300000000000,5715965,2016/05/20,Orlando,2,2,0,0.00,"Low Risk"
51300000000000,5738541,2016/05/31,"Battle Creek",6,3,0,0.00,"Medium Risk"
51400000000000,5493693,2016/04/29,Gooding,39,0,NULL,NULL,"New Patient - Monitor"
51400000000000,5665521,2016/05/06,Pittsburgh,1,1,0,0.00,"Low Risk"
51500000000000,5631942,2016/04/29,Cary,1,0,NULL,NULL,"New Patient - Monitor"
51500000000000,5638575,2016/04/29,Dublin,0,1,0,0.00,"Low Risk"
51500000000000,5732403,2016/05/30,"Battle Creek",6,2,0,0.00,"Medium Risk"
51600000000000,5555461,2016/04/29,Mercer,22,0,NULL,NULL,"New Patient - Monitor"
51600000000000,5600298,2016/04/29,Huntingdon,10,1,0,0.00,"High Risk"
51700000000000,5637993,2016/04/29,Lincolnton,0,0,NULL,NULL,"New Patient - Monitor"
51700000000000,5639813,2016/04/29,Plainfield,0,1,0,0.00,"Low Risk"
51700000000000,5652605,2016/05/04,Bradenton,1,2,0,0.00,"Low Risk"
51700000000000,5713403,2016/05/20,Eugene,2,3,0,0.00,"Low Risk"
51800000000000,5621219,2016/04/29,"Joshua Tree",3,0,NULL,NULL,"New Patient - Monitor"
51800000000000,5641622,2016/04/29,Cambridge,0,1,0,0.00,"Low Risk"
51800000000000,5639801,2016/04/29,Dahlonega,0,2,0,0.00,"Low Risk"
51800000000000,5629184,2016/04/29,Orlando,2,3,0,0.00,"Low Risk"
51900000000000,5680698,2016/05/12,Batesville,2,0,NULL,NULL,"New Patient - Monitor"
51900000000000,5714567,2016/05/19,Orlando,1,1,0,0.00,"Low Risk"
51900000000000,5740648,2016/05/30,Huntingdon,5,2,0,0.00,"Medium Risk"
52200000000000,5637966,2016/04/29,Chattanooga,0,0,NULL,NULL,"New Patient - Monitor"
52200000000000,5637812,2016/04/29,Macon,0,1,0,0.00,"Low Risk"
52200000000000,5559499,2016/05/03,Woodland,25,2,0,0.00,"High Risk"
52200000000000,5668407,2016/05/12,Saginaw,6,3,0,0.00,"Medium Risk"
52300000000000,5616464,2016/04/29,Winthrop,4,0,NULL,NULL,"New Patient - Monitor"
52300000000000,5498537,2016/04/29,Cary,38,1,0,0.00,"High Risk"
52400000000000,5599765,2016/04/29,Clanton,10,0,NULL,NULL,"New Patient - Monitor"
52400000000000,5593664,2016/05/20,Orlando,32,1,0,0.00,"High Risk"
52500000000000,5621941,2016/04/29,Chattanooga,3,0,NULL,NULL,"New Patient - Monitor"
52500000000000,5638579,2016/04/29,"Castle Rock",0,1,0,0.00,"Low Risk"
52600000000000,5604096,2016/04/29,Dublin,9,0,NULL,NULL,"New Patient - Monitor"
52600000000000,5577554,2016/05/25,Winthrop,42,1,0,0.00,"High Risk"
52700000000000,5618138,2016/04/29,Jasper,3,0,NULL,NULL,"New Patient - Monitor"
52700000000000,5592296,2016/04/29,"Osage Beach",11,1,1,1.00,"High Risk"
52700000000000,5589713,2016/04/29,"Saint Louis",14,2,1,0.50,"High Risk"
52700000000000,5684451,2016/05/13,Huntingdon,2,3,1,0.33,"Medium Risk"
52800000000000,5640216,2016/04/29,Saginaw,0,0,NULL,NULL,"New Patient - Monitor"
52900000000000,5637822,2016/04/29,"Lenoir City",0,0,NULL,NULL,"New Patient - Monitor"
52900000000000,5637908,2016/04/29,Mobile,0,1,0,0.00,"Low Risk"
52900000000000,5694472,2016/05/17,Boone,4,2,0,0.00,"Medium Risk"
52900000000000,5609813,2016/05/25,"El Reno",35,3,0,0.00,"High Risk"
53000000000000,5545628,2016/04/29,"Fort Collins",24,0,NULL,NULL,"New Patient - Monitor"
53000000000000,5637827,2016/04/29,Huntingdon,0,1,0,0.00,"Low Risk"
53000000000000,5550226,2016/04/29,Livermore,23,2,0,0.00,"High Risk"
53000000000000,5545627,2016/04/29,"Cripple Creek",24,3,1,0.33,"High Risk"
53000000000000,5663798,2016/05/05,"Cedar Rapids",0,4,1,0.25,"Medium Risk"
53200000000000,5630297,2016/04/29,"Lenoir City",2,0,NULL,NULL,"New Patient - Monitor"
53400000000000,5638438,2016/04/29,"Battle Creek",0,0,NULL,NULL,"New Patient - Monitor"
53400000000000,5638123,2016/04/29,Midway,0,1,0,0.00,"Low Risk"
53400000000000,5719713,2016/05/25,"Lake Lure",6,2,0,0.00,"Medium Risk"
53500000000000,5626172,2016/04/29,Orlando,2,0,NULL,NULL,"New Patient - Monitor"
53500000000000,5640445,2016/04/29,Clanton,0,1,0,0.00,"Low Risk"
53500000000000,5563412,2016/05/04,"El Reno",26,2,0,0.00,"High Risk"
53600000000000,5640118,2016/05/03,Billings,4,0,NULL,NULL,"New Patient - Monitor"
53600000000000,5670812,2016/05/10,"Cedar Rapids",4,1,0,0.00,"Medium Risk"
53800000000000,5601706,2016/04/29,Lexington,10,0,NULL,NULL,"New Patient - Monitor"
53800000000000,5592215,2016/05/20,"Fort Wayne",32,1,1,1.00,"High Risk"
53900000000000,5629145,2016/04/29,Bryant,2,0,NULL,NULL,"New Patient - Monitor"
54000000000000,5546049,2016/04/29,Columbus,24,0,NULL,NULL,"New Patient - Monitor"
54000000000000,5637760,2016/04/29,Lagrange,0,1,0,0.00,"Low Risk"
54000000000000,5638811,2016/04/29,"Saint Louis",0,2,0,0.00,"Low Risk"
54100000000000,5510409,2016/04/29,"Bella Vista",37,0,NULL,NULL,"New Patient - Monitor"
54100000000000,5719576,2016/05/25,Dublin,6,1,0,0.00,"Medium Risk"
54200000000000,5640928,2016/04/29,Russellville,0,0,NULL,NULL,"New Patient - Monitor"
54200000000000,5682685,2016/05/13,Vandalia,3,1,0,0.00,"Low Risk"
54300000000000,5519036,2016/04/29,Bryant,31,0,NULL,NULL,"New Patient - Monitor"
54300000000000,5600748,2016/04/29,Coralville,10,1,0,0.00,"High Risk"
54400000000000,5702949,2016/05/16,"Lenoir City",0,0,NULL,NULL,"New Patient - Monitor"
54500000000000,5624272,2016/04/29,"Fort Worth",3,0,NULL,NULL,"New Patient - Monitor"
54500000000000,5624273,2016/04/29,Boone,3,1,1,1.00,"High Risk"
54500000000000,5597491,2016/04/29,Dublin,11,2,2,1.00,"High Risk"
54500000000000,5675384,2016/05/17,"Castle Rock",8,3,3,1.00,"High Risk"
54700000000000,5617246,2016/04/29,Midway,4,0,NULL,NULL,"New Patient - Monitor"
54700000000000,5638570,2016/04/29,Raleigh,0,1,0,0.00,"Low Risk"
54700000000000,5653358,2016/05/05,Spearfish,2,2,0,0.00,"Low Risk"
54700000000000,5728814,2016/05/25,"Cedar Rapids",5,3,0,0.00,"Medium Risk"
54700000000000,5740053,2016/05/31,Douglasville,6,4,0,0.00,"Medium Risk"
54900000000000,5626829,2016/04/29,"Saint Louis",2,0,NULL,NULL,"New Patient - Monitor"
54900000000000,5638139,2016/04/29,Livermore,0,1,1,1.00,"High Risk"
54900000000000,5525837,2016/04/29,Vandalia,30,2,1,0.50,"High Risk"
54900000000000,5661359,2016/05/06,Saginaw,1,3,1,0.33,"Medium Risk"
55000000000000,5628727,2016/04/29,Corbin,2,0,NULL,NULL,"New Patient - Monitor"
55000000000000,5640845,2016/04/29,Auburn,0,1,1,1.00,"High Risk"
55000000000000,5636772,2016/05/02,"Saint Mary",4,2,1,0.50,"High Risk"
55200000000000,5639014,2016/04/29,Huntingdon,0,0,NULL,NULL,"New Patient - Monitor"
55200000000000,5615623,2016/05/06,Eugene,11,1,0,0.00,"High Risk"
55300000000000,5637787,2016/04/29,Silverton,0,0,NULL,NULL,"New Patient - Monitor"
55300000000000,5646428,2016/05/09,"Cedar Rapids",7,1,0,0.00,"Medium Risk"
55300000000000,5687271,2016/05/16,Hartford,5,2,1,0.50,"High Risk"
55400000000000,5560735,2016/04/29,Tatum,21,0,NULL,NULL,"New Patient - Monitor"
55500000000000,5611889,2016/04/29,Mobile,4,0,NULL,NULL,"New Patient - Monitor"
55600000000000,5235449,2016/04/29,Burlington,109,0,NULL,NULL,"New Patient - Monitor"
55600000000000,5638023,2016/04/29,Bradenton,0,1,0,0.00,"Low Risk"
55600000000000,5638733,2016/04/29,Harrison,0,2,0,0.00,"Low Risk"
55600000000000,5615564,2016/05/02,Charlotte,7,3,0,0.00,"Medium Risk"
55600000000000,5697015,2016/05/16,Dublin,3,4,0,0.00,"Low Risk"
55700000000000,5617958,2016/04/29,Indianapolis,4,0,NULL,NULL,"New Patient - Monitor"
55700000000000,5656778,2016/05/04,Olathe,0,1,1,1.00,"High Risk"
55800000000000,5539460,2016/04/29,Griffin,28,0,NULL,NULL,"New Patient - Monitor"
55800000000000,5539151,2016/04/29,Dublin,28,1,0,0.00,"High Risk"
55800000000000,5646403,2016/05/11,Eugene,9,2,0,0.00,"High Risk"
55900000000000,5744405,2016/05/30,Billings,0,0,NULL,NULL,"New Patient - Monitor"
56100000000000,5636654,2016/05/02,Carlsbad,4,0,NULL,NULL,"New Patient - Monitor"
56200000000000,5626216,2016/04/29,Sikeston,2,0,NULL,NULL,"New Patient - Monitor"
56200000000000,5646963,2016/05/04,"Soddy Daisy",2,1,0,0.00,"Low Risk"
56300000000000,5602660,2016/04/29,Princeton,10,0,NULL,NULL,"New Patient - Monitor"
56300000000000,5521131,2016/04/29,Mobile,31,1,0,0.00,"High Risk"
56300000000000,5591336,2016/04/29,Dahlonega,14,2,0,0.00,"High Risk"
56300000000000,5677119,2016/05/18,Coralville,9,3,0,0.00,"High Risk"
56400000000000,5638447,2016/04/29,Fairmont,0,0,NULL,NULL,"New Patient - Monitor"
56500000000000,5722239,2016/05/25,Montgomery,5,0,NULL,NULL,"New Patient - Monitor"
56500000000000,5743848,2016/05/30,Plainfield,0,1,0,0.00,"Low Risk"
56600000000000,5596428,2016/04/29,"Mount Arlington",11,0,NULL,NULL,"New Patient - Monitor"
56600000000000,5628632,2016/04/29,"Saint Louis",2,1,0,0.00,"Low Risk"
56700000000000,5740482,2016/05/25,Sikeston,0,0,NULL,NULL,"New Patient - Monitor"
56800000000000,5595996,2016/04/29,Bryant,11,0,NULL,NULL,"New Patient - Monitor"
56800000000000,5631090,2016/04/29,Aspen,2,1,0,0.00,"Low Risk"
56800000000000,5614356,2016/04/29,Calhoun,4,2,0,0.00,"Medium Risk"
56900000000000,5626925,2016/05/30,Victorville,33,0,NULL,NULL,"New Patient - Monitor"
57200000000000,5537888,2016/04/29,Tatum,28,0,NULL,NULL,"New Patient - Monitor"
57200000000000,5507592,2016/04/29,Princeton,37,1,1,1.00,"High Risk"
57300000000000,5628657,2016/04/29,Oconomowoc,2,0,NULL,NULL,"New Patient - Monitor"
57400000000000,5634727,2016/04/29,"Charles Town",1,0,NULL,NULL,"New Patient - Monitor"
57400000000000,5552768,2016/05/10,Cary,34,1,0,0.00,"High Risk"
57500000000000,5719577,2016/05/25,Raleigh,6,0,NULL,NULL,"New Patient - Monitor"
57600000000000,5639419,2016/04/29,"Twin Mountain",0,0,NULL,NULL,"New Patient - Monitor"
57600000000000,5639292,2016/04/29,Georgetown,0,1,0,0.00,"Low Risk"
57700000000000,5587959,2016/04/29,Oscoda,14,0,NULL,NULL,"New Patient - Monitor"
57700000000000,5653354,2016/05/05,Columbia,2,1,0,0.00,"Low Risk"
57700000000000,5661957,2016/05/09,Orlando,4,2,1,0.50,"High Risk"
57700000000000,5732477,2016/05/30,Owensboro,6,3,1,0.33,"Medium Risk"
57900000000000,5563411,2016/05/04,"Grand Junction",26,0,NULL,NULL,"New Patient - Monitor"
58000000000000,5684448,2016/05/11,Olathe,0,0,NULL,NULL,"New Patient - Monitor"
58100000000000,5739155,2016/05/31,"Bowling Green",6,0,NULL,NULL,"New Patient - Monitor"
58200000000000,5488633,2016/04/29,Gardena,42,0,NULL,NULL,"New Patient - Monitor"
58200000000000,5654785,2016/05/05,"Fort Wayne",2,1,0,0.00,"Low Risk"
58200000000000,5588581,2016/05/19,"Battle Creek",34,2,0,0.00,"High Risk"
58300000000000,5525967,2016/04/29,Owasso,30,0,NULL,NULL,"New Patient - Monitor"
58300000000000,5512375,2016/04/29,Hampton,32,1,0,0.00,"High Risk"
58300000000000,5604243,2016/04/29,Olathe,9,2,0,0.00,"High Risk"
58300000000000,5670818,2016/05/10,Eureka,4,3,1,0.33,"Medium Risk"
58300000000000,5676123,2016/05/11,Batesville,2,4,1,0.25,"Medium Risk"
58300000000000,5646399,2016/05/11,Burlington,9,5,1,0.20,"High Risk"
58300000000000,5716241,2016/05/20,Albany,2,6,1,0.17,"Low Risk"
58300000000000,5737326,2016/05/31,Eureka,6,7,1,0.14,"Medium Risk"
58500000000000,5639869,2016/04/29,"Little River",0,0,NULL,NULL,"New Patient - Monitor"
58500000000000,5615304,2016/04/29,Vandalia,4,1,0,0.00,"Medium Risk"
58500000000000,5640448,2016/04/29,Hartford,0,2,0,0.00,"Low Risk"
58500000000000,5640566,2016/04/29,Valentine,0,3,0,0.00,"Low Risk"
58500000000000,5544706,2016/05/03,Yellville,28,4,0,0.00,"High Risk"
58500000000000,5721275,2016/05/20,"Osage Beach",1,5,0,0.00,"Low Risk"
58600000000000,5629134,2016/04/29,"East Syracuse",2,0,NULL,NULL,"New Patient - Monitor"
58600000000000,5640026,2016/04/29,Cooperstown,0,1,1,1.00,"High Risk"
58600000000000,5639976,2016/04/29,Mercer,0,2,1,0.50,"High Risk"
58800000000000,5641067,2016/04/29,Albany,0,0,NULL,NULL,"New Patient - Monitor"
58800000000000,5539343,2016/04/29,Huntingdon,28,1,0,0.00,"High Risk"
58900000000000,5587358,2016/04/29,Appleton,14,0,NULL,NULL,"New Patient - Monitor"
59000000000000,5641273,2016/04/29,Huntingdon,0,0,NULL,NULL,"New Patient - Monitor"
59000000000000,5670929,2016/05/10,Eureka,4,1,0,0.00,"Medium Risk"
59200000000000,5523432,2016/04/29,Columbia,31,0,NULL,NULL,"New Patient - Monitor"
59200000000000,5582292,2016/04/29,"Lenoir City",15,1,0,0.00,"High Risk"
59200000000000,5697055,2016/05/16,Garberville,3,2,0,0.00,"Low Risk"
59200000000000,5712456,2016/05/20,Orlando,2,3,1,0.33,"Medium Risk"
59300000000000,5639260,2016/04/29,Hampton,0,0,NULL,NULL,"New Patient - Monitor"
59400000000000,5641771,2016/04/29,"Castle Rock",0,0,NULL,NULL,"New Patient - Monitor"
59400000000000,5533154,2016/04/29,Calhoun,29,1,0,0.00,"High Risk"
59400000000000,5622660,2016/04/29,Calhoun,3,2,0,0.00,"Low Risk"
59400000000000,5451793,2016/04/29,Plainfield,50,3,0,0.00,"High Risk"
59400000000000,5597455,2016/04/29,Madisonville,11,4,1,0.25,"High Risk"
59500000000000,5483845,2016/04/29,Mobile,43,0,NULL,NULL,"New Patient - Monitor"
59500000000000,5694467,2016/05/17,"Cedar Rapids",4,1,1,1.00,"High Risk"
59600000000000,5628403,2016/04/29,Columbus,2,0,NULL,NULL,"New Patient - Monitor"
59700000000000,5550164,2016/04/29,Orlando,23,0,NULL,NULL,"New Patient - Monitor"
59700000000000,5606011,2016/04/29,"Bella Vista",9,1,1,1.00,"High Risk"
59700000000000,5715141,2016/05/19,"Fort Collins",1,2,2,1.00,"High Risk"
59700000000000,5719544,2016/05/24,Oconomowoc,5,3,2,0.67,"High Risk"
59700000000000,5732233,2016/05/31,Oconomowoc,7,4,2,0.50,"High Risk"
59800000000000,5636744,2016/04/29,"Max Meadows",1,0,NULL,NULL,"New Patient - Monitor"
59800000000000,5629497,2016/04/29,"Bowling Green",2,1,0,0.00,"Low Risk"
59800000000000,5640386,2016/04/29,Dahlonega,0,2,0,0.00,"Low Risk"
59800000000000,5601899,2016/04/29,Cambridge,10,3,0,0.00,"High Risk"
59800000000000,5634038,2016/04/29,Raleigh,1,4,1,0.25,"Medium Risk"
59900000000000,5631105,2016/04/29,Dublin,2,0,NULL,NULL,"New Patient - Monitor"
59900000000000,5459149,2016/04/29,"Castle Rock",49,1,0,0.00,"High Risk"
60000000000000,5600591,2016/04/29,Columbus,10,0,NULL,NULL,"New Patient - Monitor"
61200000000000,5630455,2016/04/29,Calhoun,2,0,NULL,NULL,"New Patient - Monitor"
61300000000000,5646633,2016/05/04,Raleigh,2,0,NULL,NULL,"New Patient - Monitor"
61500000000000,5637434,2016/04/29,Gardena,0,0,NULL,NULL,"New Patient - Monitor"
61500000000000,5559446,2016/05/10,Fairmont,32,1,0,0.00,"High Risk"
61500000000000,5683849,2016/05/11,"Fort Collins",0,2,1,0.50,"High Risk"
61500000000000,5559456,2016/05/20,Corbin,42,3,1,0.33,"High Risk"
61500000000000,5559457,2016/05/20,Sikeston,42,4,1,0.25,"High Risk"
61500000000000,5739443,2016/05/25,Coralville,0,5,1,0.20,"Medium Risk"
61600000000000,5468655,2016/04/29,Charlotte,45,0,NULL,NULL,"New Patient - Monitor"
61600000000000,5493345,2016/04/29,Batesville,39,1,0,0.00,"High Risk"
61600000000000,5615604,2016/05/04,Dublin,9,2,0,0.00,"High Risk"
61600000000000,5683107,2016/05/13,Huntingdon,2,3,0,0.00,"Low Risk"
61700000000000,5627582,2016/04/29,Woodland,2,0,NULL,NULL,"New Patient - Monitor"
61700000000000,5636689,2016/05/02,Albany,4,1,0,0.00,"Medium Risk"
61700000000000,5719575,2016/05/25,Dublin,6,2,0,0.00,"Medium Risk"
61800000000000,5642194,2016/04/29,"Fort Worth",0,0,NULL,NULL,"New Patient - Monitor"
61800000000000,5621635,2016/04/29,Calhoun,3,1,0,0.00,"Low Risk"
61800000000000,5570825,2016/05/12,Raleigh,30,2,1,0.50,"High Risk"
61800000000000,5741696,2016/05/30,Indianapolis,0,3,1,0.33,"Medium Risk"
61900000000000,5640212,2016/04/29,"Twin Mountain",0,0,NULL,NULL,"New Patient - Monitor"
61900000000000,5612469,2016/04/29,Gardena,4,1,0,0.00,"Medium Risk"
62100000000000,5628777,2016/04/29,Woodstock,2,0,NULL,NULL,"New Patient - Monitor"
62100000000000,5740645,2016/05/30,"Castle Rock",5,1,0,0.00,"Medium Risk"
62200000000000,5625159,2016/04/29,Appleton,2,0,NULL,NULL,"New Patient - Monitor"
62200000000000,5585190,2016/05/06,"Osage Beach",22,1,0,0.00,"High Risk"
62200000000000,5745809,2016/05/30,"Bowling Green",0,2,0,0.00,"Low Risk"
62200000000000,5748331,2016/05/31,Corbin,1,3,1,0.33,"Medium Risk"
62300000000000,5636664,2016/05/02,Columbia,4,0,NULL,NULL,"New Patient - Monitor"
62300000000000,5646662,2016/05/04,"Fort Wayne",2,1,0,0.00,"Low Risk"
62300000000000,5494832,2016/05/18,Calhoun,58,2,1,0.50,"High Risk"
62400000000000,5636874,2016/04/29,Roanoke,1,0,NULL,NULL,"New Patient - Monitor"
62400000000000,5578737,2016/04/29,Walden,16,1,0,0.00,"High Risk"
62400000000000,5639083,2016/04/29,Princeton,0,2,0,0.00,"Low Risk"
62500000000000,5509934,2016/05/02,Calhoun,40,0,NULL,NULL,"New Patient - Monitor"
62500000000000,5509933,2016/05/02,Raton,40,1,1,1.00,"High Risk"
62500000000000,5674135,2016/05/09,"Fort Wayne",0,2,2,1.00,"High Risk"
62500000000000,5673817,2016/05/17,"Fort Worth",8,3,2,0.67,"High Risk"
62600000000000,5575252,2016/05/17,Mobile,35,0,NULL,NULL,"New Patient - Monitor"
62700000000000,5642763,2016/04/29,Eugene,0,0,NULL,NULL,"New Patient - Monitor"
62800000000000,5564809,2016/04/29,Cambridge,18,0,NULL,NULL,"New Patient - Monitor"
62900000000000,5621543,2016/04/29,Victorville,3,0,NULL,NULL,"New Patient - Monitor"
62900000000000,5584709,2016/04/29,Mobile,15,1,0,0.00,"High Risk"
62900000000000,5624112,2016/04/29,"Fort Wayne",3,2,1,0.50,"High Risk"
62900000000000,5582263,2016/04/29,Dublin,15,3,1,0.33,"High Risk"
63000000000000,5488239,2016/04/29,Batesville,42,0,NULL,NULL,"New Patient - Monitor"
63100000000000,5613494,2016/04/29,Gardena,4,0,NULL,NULL,"New Patient - Monitor"
63100000000000,5639903,2016/04/29,Shakopee,0,1,1,1.00,"High Risk"
63200000000000,5529884,2016/04/29,Victorville,29,0,NULL,NULL,"New Patient - Monitor"
63200000000000,5529885,2016/04/29,Victorville,29,1,0,0.00,"High Risk"
63200000000000,5633183,2016/04/29,"Osage Beach",1,2,0,0.00,"Low Risk"
63200000000000,5639376,2016/04/29,Sikeston,0,3,1,0.33,"Medium Risk"
63300000000000,5638228,2016/04/29,"Miles City",0,0,NULL,NULL,"New Patient - Monitor"
63300000000000,5574967,2016/05/16,Oconomowoc,34,1,0,0.00,"High Risk"
63400000000000,5611256,2016/04/29,Troy,4,0,NULL,NULL,"New Patient - Monitor"
63500000000000,5523249,2016/04/29,Charlotte,31,0,NULL,NULL,"New Patient - Monitor"
63600000000000,5642700,2016/04/29,"Miles City",0,0,NULL,NULL,"New Patient - Monitor"
63600000000000,5633958,2016/04/29,Moore,1,1,0,0.00,"Low Risk"
63600000000000,5656828,2016/05/04,Spearfish,0,2,0,0.00,"Low Risk"
63600000000000,5728812,2016/05/25,"Cedar Rapids",5,3,0,0.00,"Medium Risk"
63700000000000,5683129,2016/05/13,Boone,2,0,NULL,NULL,"New Patient - Monitor"
63700000000000,5717813,2016/05/19,"Castle Rock",0,1,0,0.00,"Low Risk"
63800000000000,5613524,2016/04/29,Columbus,4,0,NULL,NULL,"New Patient - Monitor"
63900000000000,5683115,2016/05/13,Douglasville,2,0,NULL,NULL,"New Patient - Monitor"
64000000000000,5681978,2016/05/12,Coralville,2,0,NULL,NULL,"New Patient - Monitor"
64000000000000,5588304,2016/05/19,"East Syracuse",34,1,0,0.00,"High Risk"
64100000000000,5548401,2016/04/29,Princeton,23,0,NULL,NULL,"New Patient - Monitor"
64100000000000,5657364,2016/05/04,Charlotte,0,1,0,0.00,"Low Risk"
64100000000000,5589589,2016/05/16,Burlington,31,2,0,0.00,"High Risk"
64100000000000,5703009,2016/05/20,"Fort Collins",4,3,0,0.00,"Medium Risk"
64100000000000,5589591,2016/05/25,Dahlonega,40,4,0,0.00,"High Risk"
64200000000000,5631659,2016/04/29,Shakopee,1,0,NULL,NULL,"New Patient - Monitor"
64200000000000,5623821,2016/04/29,Sarasota,3,1,1,1.00,"High Risk"
64200000000000,5542919,2016/05/03,"Fort Collins",28,2,1,0.50,"High Risk"
64200000000000,5663374,2016/05/05,"Little River",0,3,2,0.67,"High Risk"
64300000000000,5630294,2016/04/29,Victorville,2,0,NULL,NULL,"New Patient - Monitor"
64300000000000,5611768,2016/04/29,"Forest Grove",4,1,1,1.00,"High Risk"
64300000000000,5639969,2016/04/29,Madisonville,0,2,1,0.50,"High Risk"
64300000000000,5622260,2016/05/16,Leesburg,20,3,1,0.33,"High Risk"
64300000000000,5622261,2016/05/16,Calhoun,20,4,1,0.25,"High Risk"
64400000000000,5619314,2016/04/29,Bradenton,3,0,NULL,NULL,"New Patient - Monitor"
64400000000000,5625138,2016/04/29,"Saint Louis",2,1,0,0.00,"Low Risk"
64500000000000,5684888,2016/05/11,"Grand Junction",0,0,NULL,NULL,"New Patient - Monitor"
64500000000000,5683117,2016/05/13,"Miles City",2,1,0,0.00,"Low Risk"
64500000000000,5730916,2016/05/24,"Saint Louis",0,2,0,0.00,"Low Risk"
64500000000000,5728834,2016/05/25,Vandalia,5,3,0,0.00,"Medium Risk"
64600000000000,5639196,2016/04/29,"Joshua Tree",0,0,NULL,NULL,"New Patient - Monitor"
64700000000000,5555334,2016/04/29,Batesville,22,0,NULL,NULL,"New Patient - Monitor"
64700000000000,5629519,2016/04/29,"Delray Beach",2,1,0,0.00,"Low Risk"
64700000000000,5586181,2016/04/29,Eugene,14,2,1,0.50,"High Risk"
64800000000000,5636678,2016/05/02,"Mount Arlington",4,0,NULL,NULL,"New Patient - Monitor"
64800000000000,5615617,2016/05/05,Dallas,10,1,0,0.00,"High Risk"
64900000000000,5478321,2016/04/29,"Fort Collins",44,0,NULL,NULL,"New Patient - Monitor"
64900000000000,5557079,2016/04/29,Cambridge,22,1,1,1.00,"High Risk"
65100000000000,5683766,2016/05/11,Appleton,0,0,NULL,NULL,"New Patient - Monitor"
65200000000000,5638314,2016/04/29,"Lenoir City",0,0,NULL,NULL,"New Patient - Monitor"
65200000000000,5490266,2016/05/02,Columbia,45,1,0,0.00,"High Risk"
65300000000000,5635227,2016/05/02,Troy,4,0,NULL,NULL,"New Patient - Monitor"
65400000000000,5639092,2016/04/29,Princeton,0,0,NULL,NULL,"New Patient - Monitor"
65400000000000,5641036,2016/04/29,Chattanooga,0,1,0,0.00,"Low Risk"
65400000000000,5642881,2016/04/29,Mercer,0,2,0,0.00,"Low Risk"
65400000000000,5632082,2016/05/06,"East Syracuse",8,3,0,0.00,"High Risk"
65500000000000,5638962,2016/04/29,Victorville,0,0,NULL,NULL,"New Patient - Monitor"
65500000000000,5620553,2016/04/29,"Miles City",3,1,0,0.00,"Low Risk"
65500000000000,5646670,2016/05/04,Boone,2,2,0,0.00,"Low Risk"
65500000000000,5602913,2016/05/30,Sikeston,41,3,0,0.00,"High Risk"
65600000000000,5625062,2016/04/29,Raleigh,3,0,NULL,NULL,"New Patient - Monitor"
65600000000000,5590639,2016/04/29,Dublin,14,1,0,0.00,"High Risk"
65700000000000,5576981,2016/05/16,Boone,33,0,NULL,NULL,"New Patient - Monitor"
65800000000000,5531696,2016/04/29,Princeton,29,0,NULL,NULL,"New Patient - Monitor"
65800000000000,5587009,2016/05/06,"Oak Harbor",21,1,0,0.00,"High Risk"
65800000000000,5669322,2016/05/10,Gardena,4,2,0,0.00,"Medium Risk"
65900000000000,5577211,2016/05/16,Columbia,33,0,NULL,NULL,"New Patient - Monitor"
66000000000000,5548776,2016/05/18,Coralville,42,0,NULL,NULL,"New Patient - Monitor"
66100000000000,5602909,2016/04/29,Woodstock,10,0,NULL,NULL,"New Patient - Monitor"
66200000000000,5571959,2016/04/29,Cary,17,0,NULL,NULL,"New Patient - Monitor"
66200000000000,5501658,2016/04/29,Orlando,38,1,1,1.00,"High Risk"
66200000000000,5637846,2016/04/29,Columbus,0,2,1,0.50,"High Risk"
66200000000000,5408057,2016/05/02,"El Reno",63,3,1,0.33,"High Risk"
66200000000000,5408056,2016/05/02,Albuquerque,63,4,1,0.25,"High Risk"
66200000000000,5573098,2016/05/03,Coralville,21,5,1,0.20,"High Risk"
66200000000000,5573102,2016/05/10,"Bowling Green",28,6,1,0.17,"High Risk"
66300000000000,5486552,2016/04/29,"Saint Louis",42,0,NULL,NULL,"New Patient - Monitor"
66300000000000,5641166,2016/04/29,Vandalia,0,1,0,0.00,"Low Risk"
66400000000000,5634068,2016/04/29,"Little River",1,0,NULL,NULL,"New Patient - Monitor"
66400000000000,5628434,2016/04/29,"Oak Harbor",2,1,0,0.00,"Low Risk"
66400000000000,5521733,2016/04/29,"Eau Claire",31,2,0,0.00,"High Risk"
66400000000000,5555110,2016/04/29,Dublin,22,3,1,0.33,"High Risk"
66400000000000,5629861,2016/04/29,"East Syracuse",2,4,1,0.25,"Medium Risk"
66600000000000,5640315,2016/04/29,Tyler,0,0,NULL,NULL,"New Patient - Monitor"
66600000000000,5659663,2016/05/04,Auburn,0,1,0,0.00,"Low Risk"
66600000000000,5634841,2016/05/04,Hartford,6,2,0,0.00,"Medium Risk"
66700000000000,5641324,2016/04/29,Shreveport,0,0,NULL,NULL,"New Patient - Monitor"
66700000000000,5573144,2016/04/29,"Cedar Rapids",17,1,0,0.00,"High Risk"
66700000000000,5619332,2016/04/29,Raton,3,2,0,0.00,"Low Risk"
66700000000000,5634193,2016/04/29,Douglasville,1,3,0,0.00,"Low Risk"
66800000000000,5631650,2016/04/29,"Miles City",1,0,NULL,NULL,"New Patient - Monitor"
66800000000000,5641001,2016/04/29,Chattanooga,0,1,0,0.00,"Low Risk"
66800000000000,5639109,2016/04/29,Newport,0,2,0,0.00,"Low Risk"
66900000000000,5578196,2016/04/29,Gretna,16,0,NULL,NULL,"New Patient - Monitor"
67100000000000,5552914,2016/04/29,Dublin,23,0,NULL,NULL,"New Patient - Monitor"
67100000000000,5635723,2016/04/29,Cary,1,1,0,0.00,"Low Risk"
67200000000000,5592591,2016/04/29,"Fort Collins",11,0,NULL,NULL,"New Patient - Monitor"
67200000000000,5546036,2016/05/04,"Fort Worth",29,1,1,1.00,"High Risk"
67300000000000,5637684,2016/04/29,Cambridge,0,0,NULL,NULL,"New Patient - Monitor"
67300000000000,5642909,2016/04/29,Charlotte,0,1,0,0.00,"Low Risk"
67400000000000,5636748,2016/05/02,Cary,4,0,NULL,NULL,"New Patient - Monitor"
67400000000000,5619344,2016/05/18,"Osage Beach",22,1,0,0.00,"High Risk"
67500000000000,5511566,2016/04/29,Raleigh,32,0,NULL,NULL,"New Patient - Monitor"
67500000000000,5629276,2016/04/29,Victorville,2,1,0,0.00,"Low Risk"
67700000000000,5688931,2016/05/20,Ogunquit,8,0,NULL,NULL,"New Patient - Monitor"
67800000000000,5629864,2016/04/29,Hartford,2,0,NULL,NULL,"New Patient - Monitor"
67800000000000,5639871,2016/04/29,Spearfish,0,1,0,0.00,"Low Risk"
67800000000000,5637953,2016/04/29,Raleigh,0,2,0,0.00,"Low Risk"
67900000000000,5642235,2016/04/29,Batesville,0,0,NULL,NULL,"New Patient - Monitor"
67900000000000,5576988,2016/04/29,Chattanooga,16,1,0,0.00,"High Risk"
67900000000000,5530226,2016/04/29,Boone,29,2,1,0.50,"High Risk"
68100000000000,5631074,2016/04/29,"Castle Rock",2,0,NULL,NULL,"New Patient - Monitor"
68100000000000,5494549,2016/04/29,Shreveport,39,1,1,1.00,"High Risk"
68100000000000,5631118,2016/04/29,Columbus,2,2,1,0.50,"High Risk"
68200000000000,5642813,2016/04/29,Columbus,0,0,NULL,NULL,"New Patient - Monitor"
68200000000000,5631110,2016/04/29,Spearfish,2,1,0,0.00,"Low Risk"
68200000000000,5580115,2016/05/17,Dublin,34,2,0,0.00,"High Risk"
68300000000000,5607914,2016/04/29,"Fort Collins",9,0,NULL,NULL,"New Patient - Monitor"
68300000000000,5637098,2016/04/29,Lagrange,1,1,0,0.00,"Low Risk"
68300000000000,5638874,2016/04/29,Gretna,0,2,0,0.00,"Low Risk"
68400000000000,5639820,2016/04/29,"Mount Arlington",0,0,NULL,NULL,"New Patient - Monitor"
68400000000000,5562264,2016/04/29,Plainfield,21,1,0,0.00,"High Risk"
68400000000000,5615596,2016/05/03,Orlando,8,2,0,0.00,"High Risk"
68400000000000,5646374,2016/05/13,Orlando,11,3,0,0.00,"High Risk"
68400000000000,5748163,2016/05/30,Charlotte,0,4,0,0.00,"Low Risk"
68500000000000,5598603,2016/04/29,Calhoun,10,0,NULL,NULL,"New Patient - Monitor"
68500000000000,5596673,2016/04/29,Cooperstown,11,1,0,0.00,"High Risk"
68500000000000,5637406,2016/04/29,"Saint Louis",0,2,1,0.50,"High Risk"
68500000000000,5634894,2016/04/29,Lubbock,1,3,1,0.33,"Medium Risk"
68500000000000,5598599,2016/04/29,Calhoun,10,4,2,0.50,"High Risk"
68600000000000,5639307,2016/04/29,"Fort Wayne",0,0,NULL,NULL,"New Patient - Monitor"
68700000000000,5640328,2016/04/29,"Osage Beach",0,0,NULL,NULL,"New Patient - Monitor"
68700000000000,5541703,2016/04/29,Mobile,24,1,0,0.00,"High Risk"
68700000000000,5638622,2016/04/29,"Saint Louis",0,2,0,0.00,"Low Risk"
68700000000000,5586216,2016/04/29,Coralville,14,3,0,0.00,"High Risk"
68700000000000,5734081,2016/05/30,"Cedar Rapids",6,4,0,0.00,"Medium Risk"
68700000000000,5732364,2016/05/30,Orlando,6,5,1,0.20,"Medium Risk"
68800000000000,5694814,2016/05/18,Boone,5,0,NULL,NULL,"New Patient - Monitor"
68800000000000,5741609,2016/05/30,Charlotte,0,1,0,0.00,"Low Risk"
68800000000000,5745301,2016/05/30,Bryant,0,2,0,0.00,"Low Risk"
68900000000000,5379192,2016/04/29,Warren,67,0,NULL,NULL,"New Patient - Monitor"
68900000000000,5599781,2016/04/29,Newport,10,1,0,0.00,"High Risk"
68900000000000,5546382,2016/04/29,Albany,24,2,0,0.00,"High Risk"
68900000000000,5637496,2016/04/29,Sikeston,0,3,0,0.00,"Low Risk"
69000000000000,5628700,2016/04/29,Albuquerque,2,0,NULL,NULL,"New Patient - Monitor"
69200000000000,5626585,2016/05/25,Victorville,28,0,NULL,NULL,"New Patient - Monitor"
69200000000000,5743435,2016/05/30,"Delray Beach",0,1,0,0.00,"Low Risk"
69300000000000,5516705,2016/04/29,Bryant,32,0,NULL,NULL,"New Patient - Monitor"
69300000000000,5634230,2016/04/29,Batesville,1,1,1,1.00,"High Risk"
69400000000000,5637947,2016/04/29,Orlando,0,0,NULL,NULL,"New Patient - Monitor"
69400000000000,5682276,2016/05/10,Blythewood,0,1,0,0.00,"Low Risk"
69400000000000,5719588,2016/05/25,Saginaw,6,2,0,0.00,"Medium Risk"
69500000000000,5608677,2016/04/29,Dublin,9,0,NULL,NULL,"New Patient - Monitor"
69500000000000,5628478,2016/05/31,Cary,34,1,0,0.00,"High Risk"
69700000000000,5631088,2016/04/29,"Bay City",2,0,NULL,NULL,"New Patient - Monitor"
69700000000000,5639448,2016/04/29,Jasper,0,1,1,1.00,"High Risk"
69700000000000,5623000,2016/04/29,Raleigh,3,2,1,0.50,"High Risk"
69700000000000,5635208,2016/05/02,Mobile,4,3,1,0.33,"Medium Risk"
69800000000000,5479018,2016/04/29,Harrison,44,0,NULL,NULL,"New Patient - Monitor"
70000000000000,5638557,2016/04/29,Saginaw,0,0,NULL,NULL,"New Patient - Monitor"
70000000000000,5639470,2016/04/29,Raleigh,0,1,0,0.00,"Low Risk"
71100000000000,5634080,2016/04/29,Albany,1,0,NULL,NULL,"New Patient - Monitor"
71200000000000,5631867,2016/04/29,Vandalia,1,0,NULL,NULL,"New Patient - Monitor"
71200000000000,5697112,2016/05/17,"Osage Beach",4,1,0,0.00,"Medium Risk"
71300000000000,5588577,2016/05/19,"Joshua Tree",34,0,NULL,NULL,"New Patient - Monitor"
71400000000000,5619222,2016/04/29,Dublin,3,0,NULL,NULL,"New Patient - Monitor"
71500000000000,5621278,2016/04/29,Newport,3,0,NULL,NULL,"New Patient - Monitor"
71500000000000,5594249,2016/04/29,Cary,11,1,0,0.00,"High Risk"
71600000000000,5641620,2016/04/29,"Williams Bay",0,0,NULL,NULL,"New Patient - Monitor"
71600000000000,5469965,2016/04/29,Joplin,45,1,0,0.00,"High Risk"
71600000000000,5684289,2016/05/13,Billings,2,2,0,0.00,"Low Risk"
71700000000000,5705379,2016/05/17,Gretna,0,0,NULL,NULL,"New Patient - Monitor"
71700000000000,5599785,2016/05/25,Shreveport,36,1,0,0.00,"High Risk"
71800000000000,5638545,2016/04/29,Lexington,0,0,NULL,NULL,"New Patient - Monitor"
71800000000000,5477527,2016/04/29,Woodstock,44,1,0,0.00,"High Risk"
71900000000000,5566436,2016/05/05,"Lake Lure",24,0,NULL,NULL,"New Patient - Monitor"
72200000000000,5670616,2016/05/06,Bryant,0,0,NULL,NULL,"New Patient - Monitor"
72200000000000,5681185,2016/05/12,Charlotte,2,1,0,0.00,"Low Risk"
72200000000000,5676753,2016/05/17,"Saint Louis",8,2,0,0.00,"High Risk"
72300000000000,5632911,2016/04/29,"Delray Beach",1,0,NULL,NULL,"New Patient - Monitor"
72300000000000,5646974,2016/05/04,Dahlonega,2,1,0,0.00,"Low Risk"
72300000000000,5581229,2016/05/17,"Fort Wayne",33,2,1,0.50,"High Risk"
72400000000000,5639599,2016/04/29,"Max Meadows",0,0,NULL,NULL,"New Patient - Monitor"
72400000000000,5732400,2016/05/30,Troy,6,1,0,0.00,"Medium Risk"
72500000000000,5641145,2016/04/29,Boone,0,0,NULL,NULL,"New Patient - Monitor"
72500000000000,5552775,2016/04/29,Mullins,23,1,0,0.00,"High Risk"
72500000000000,5628725,2016/04/29,"Joshua Tree",2,2,0,0.00,"Low Risk"
72500000000000,5638530,2016/04/29,Hampton,0,3,0,0.00,"Low Risk"
72500000000000,5677163,2016/05/19,Worthington,10,4,0,0.00,"High Risk"
72600000000000,5397258,2016/04/29,Winthrop,64,0,NULL,NULL,"New Patient - Monitor"
72600000000000,5397257,2016/04/29,Troy,64,1,1,1.00,"High Risk"
72600000000000,5633219,2016/04/29,"Fort Worth",1,2,2,1.00,"High Risk"
72600000000000,5694558,2016/05/17,"Bella Vista",4,3,2,0.67,"High Risk"
72700000000000,5571892,2016/04/29,Silverton,17,0,NULL,NULL,"New Patient - Monitor"
72700000000000,5571884,2016/04/29,Cary,17,1,0,0.00,"High Risk"
72700000000000,5652062,2016/05/04,"Grand Junction",1,2,0,0.00,"Low Risk"
72700000000000,5667276,2016/05/06,Kuttawa,0,3,0,0.00,"Low Risk"
72700000000000,5575548,2016/05/16,Deerfield,33,4,0,0.00,"High Risk"
72800000000000,5582483,2016/04/29,"Bella Vista",15,0,NULL,NULL,"New Patient - Monitor"
72800000000000,5641816,2016/04/29,Saginaw,0,1,0,0.00,"Low Risk"
72800000000000,5705007,2016/05/25,Worthington,9,2,0,0.00,"High Risk"
72900000000000,5633129,2016/04/29,Winthrop,1,0,NULL,NULL,"New Patient - Monitor"
72900000000000,5603978,2016/04/29,"Williams Bay",9,1,0,0.00,"High Risk"
73000000000000,5637975,2016/04/29,"Lake Lure",0,0,NULL,NULL,"New Patient - Monitor"
73000000000000,5577290,2016/05/17,Bloomington,34,1,0,0.00,"High Risk"
73100000000000,5478036,2016/04/29,Bryant,44,0,NULL,NULL,"New Patient - Monitor"
73200000000000,5545056,2016/04/29,Lagrange,24,0,NULL,NULL,"New Patient - Monitor"
73200000000000,5640298,2016/04/29,Albuquerque,0,1,1,1.00,"High Risk"
73300000000000,5587737,2016/04/29,Albany,14,0,NULL,NULL,"New Patient - Monitor"
73400000000000,5638413,2016/04/29,Victorville,0,0,NULL,NULL,"New Patient - Monitor"
73400000000000,5572298,2016/04/29,Plainfield,17,1,0,0.00,"High Risk"
73500000000000,5547715,2016/04/29,Woodstock,23,0,NULL,NULL,"New Patient - Monitor"
73500000000000,5713108,2016/05/24,"Miles City",6,1,1,1.00,"High Risk"
73500000000000,5753460,2016/05/31,Albany,0,2,1,0.50,"High Risk"
73700000000000,5639240,2016/04/29,Dublin,0,0,NULL,NULL,"New Patient - Monitor"
73800000000000,5634120,2016/04/29,Gardena,1,0,NULL,NULL,"New Patient - Monitor"
73900000000000,5601891,2016/04/29,Hartford,10,0,NULL,NULL,"New Patient - Monitor"
74000000000000,5635810,2016/04/29,Charlotte,1,0,NULL,NULL,"New Patient - Monitor"
74000000000000,5400331,2016/04/29,Shakopee,63,1,0,0.00,"High Risk"
74000000000000,5557377,2016/05/10,Blythewood,33,2,0,0.00,"High Risk"
74000000000000,5549266,2016/05/16,Sikeston,40,3,0,0.00,"High Risk"
74000000000000,5748831,2016/05/31,"Forest Grove",0,4,1,0.25,"Medium Risk"
74100000000000,5602908,2016/04/29,Jasper,10,0,NULL,NULL,"New Patient - Monitor"
74100000000000,5711618,2016/05/19,Altoona,1,1,1,1.00,"High Risk"
74200000000000,5526114,2016/04/29,Batesville,30,0,NULL,NULL,"New Patient - Monitor"
74200000000000,5526118,2016/04/29,Albany,30,1,0,0.00,"High Risk"
74200000000000,5575145,2016/04/29,Dublin,17,2,0,0.00,"High Risk"
74200000000000,5575146,2016/04/29,Dublin,17,3,0,0.00,"High Risk"
74200000000000,5641255,2016/04/29,"Johnson City",0,4,0,0.00,"Low Risk"
74200000000000,5502279,2016/04/29,"Cripple Creek",38,5,0,0.00,"High Risk"
74200000000000,5670898,2016/05/09,Eureka,3,6,0,0.00,"Low Risk"
74300000000000,5667438,2016/05/06,Corbin,0,0,NULL,NULL,"New Patient - Monitor"
74300000000000,5646423,2016/05/13,Eugene,11,1,0,0.00,"High Risk"
74300000000000,5602285,2016/05/24,Griffin,35,2,0,0.00,"High Risk"
74400000000000,5625993,2016/04/29,Mercer,2,0,NULL,NULL,"New Patient - Monitor"
74400000000000,5750653,2016/05/31,Sikeston,0,1,1,1.00,"High Risk"
74500000000000,5601846,2016/04/29,Livermore,10,0,NULL,NULL,"New Patient - Monitor"
74600000000000,5631096,2016/04/29,Mullins,2,0,NULL,NULL,"New Patient - Monitor"
74700000000000,5595502,2016/04/29,Dublin,11,0,NULL,NULL,"New Patient - Monitor"
74700000000000,5623102,2016/04/29,"Forest Grove",3,1,1,1.00,"High Risk"
74700000000000,5504963,2016/04/29,Auburn,37,2,1,0.50,"High Risk"
74700000000000,5385878,2016/04/29,"Fort Collins",66,3,1,0.33,"High Risk"
74700000000000,5566599,2016/04/29,"Saint Louis",18,4,1,0.25,"High Risk"
74700000000000,5595495,2016/04/29,"Fort Wayne",11,5,2,0.40,"High Risk"
74800000000000,5590203,2016/04/29,Columbus,14,0,NULL,NULL,"New Patient - Monitor"
74800000000000,5575204,2016/04/29,"Fort Collins",17,1,0,0.00,"High Risk"
74800000000000,5587513,2016/05/17,Moore,32,2,0,0.00,"High Risk"
74900000000000,5630253,2016/04/29,"Rocky Mount",2,0,NULL,NULL,"New Patient - Monitor"
75000000000000,5589578,2016/04/29,Victorville,14,0,NULL,NULL,"New Patient - Monitor"
75200000000000,5637807,2016/04/29,Hartford,0,0,NULL,NULL,"New Patient - Monitor"
75200000000000,5630204,2016/04/29,Albuquerque,2,1,0,0.00,"Low Risk"
75300000000000,5625848,2016/04/29,Gardena,2,0,NULL,NULL,"New Patient - Monitor"
75400000000000,5636838,2016/04/29,Coralville,1,0,NULL,NULL,"New Patient - Monitor"
75400000000000,5560487,2016/04/29,Joplin,21,1,0,0.00,"High Risk"
75400000000000,5574384,2016/04/29,"Castle Rock",17,2,0,0.00,"High Risk"
75400000000000,5601817,2016/04/29,Owasso,10,3,0,0.00,"High Risk"
75400000000000,5625104,2016/04/29,Mobile,2,4,0,0.00,"Low Risk"
75500000000000,5607762,2016/04/29,Griffin,9,0,NULL,NULL,"New Patient - Monitor"
75500000000000,5723230,2016/05/20,Leesburg,0,1,0,0.00,"Low Risk"
75600000000000,5448674,2016/04/29,Midway,51,0,NULL,NULL,"New Patient - Monitor"
75600000000000,5616872,2016/04/29,Eugene,4,1,0,0.00,"Medium Risk"
75600000000000,5494579,2016/04/29,Blythewood,39,2,0,0.00,"High Risk"
75600000000000,5605461,2016/04/29,Bryant,9,3,0,0.00,"High Risk"
75700000000000,5430721,2016/04/29,Oscoda,56,0,NULL,NULL,"New Patient - Monitor"
75800000000000,5638671,2016/04/29,Gardena,0,0,NULL,NULL,"New Patient - Monitor"
75800000000000,5741029,2016/05/31,Coralville,6,1,0,0.00,"Medium Risk"
75900000000000,5377512,2016/04/29,Orlando,67,0,NULL,NULL,"New Patient - Monitor"
75900000000000,5565944,2016/04/29,Troy,18,1,0,0.00,"High Risk"
75900000000000,5637534,2016/04/29,"Twin Mountain",0,2,0,0.00,"Low Risk"
76000000000000,5713319,2016/05/18,"Fort Worth",0,0,NULL,NULL,"New Patient - Monitor"
76100000000000,5604934,2016/05/30,Oconomowoc,40,0,NULL,NULL,"New Patient - Monitor"
76200000000000,5396954,2016/04/29,"Saint Louis",64,0,NULL,NULL,"New Patient - Monitor"
76200000000000,5396953,2016/04/29,Dublin,64,1,1,1.00,"High Risk"
76200000000000,5639054,2016/04/29,"Eau Claire",0,2,2,1.00,"High Risk"
76200000000000,5638375,2016/04/29,Bloomington,0,3,2,0.67,"High Risk"
76300000000000,5526609,2016/04/29,"Mount Arlington",30,0,NULL,NULL,"New Patient - Monitor"
76400000000000,5637604,2016/04/29,Columbus,0,0,NULL,NULL,"New Patient - Monitor"
76400000000000,5583869,2016/04/29,"Forest Grove",15,1,0,0.00,"High Risk"
76400000000000,5630219,2016/04/29,Burlington,2,2,0,0.00,"Low Risk"
76400000000000,5646401,2016/05/11,"Fort Wayne",9,3,0,0.00,"High Risk"
76500000000000,5629541,2016/04/29,"Rocky Mount",2,0,NULL,NULL,"New Patient - Monitor"
76500000000000,5488289,2016/04/29,Raleigh,42,1,0,0.00,"High Risk"
76600000000000,5625843,2016/04/29,Alpharetta,2,0,NULL,NULL,"New Patient - Monitor"
76600000000000,5625161,2016/04/29,Albany,2,1,0,0.00,"Low Risk"
76800000000000,5565383,2016/04/29,Midway,18,0,NULL,NULL,"New Patient - Monitor"
76800000000000,5533283,2016/04/29,"Cripple Creek",29,1,0,0.00,"High Risk"
76800000000000,5597749,2016/04/29,Tyler,11,2,0,0.00,"High Risk"
76800000000000,5574777,2016/04/29,Gorham,17,3,0,0.00,"High Risk"
76800000000000,5628706,2016/04/29,Roanoke,2,4,1,0.25,"Medium Risk"
76800000000000,5672514,2016/05/09,"Fort Worth",0,5,2,0.40,"Medium Risk"
76800000000000,5714570,2016/05/19,Raleigh,1,6,2,0.33,"Medium Risk"
76800000000000,5740650,2016/05/30,Gardena,5,7,3,0.43,"Medium Risk"
76900000000000,5665995,2016/05/09,Russellville,4,0,NULL,NULL,"New Patient - Monitor"
76900000000000,5591306,2016/05/20,Coralville,35,1,0,0.00,"High Risk"
77000000000000,5588073,2016/05/04,Hampton,19,0,NULL,NULL,"New Patient - Monitor"
77100000000000,5563279,2016/04/29,"Fort Collins",21,0,NULL,NULL,"New Patient - Monitor"
77200000000000,5638586,2016/04/29,Appleton,0,0,NULL,NULL,"New Patient - Monitor"
77200000000000,5642830,2016/04/29,Gretna,0,1,0,0.00,"Low Risk"
77300000000000,5646432,2016/05/09,"Cedar Rapids",7,0,NULL,NULL,"New Patient - Monitor"
77400000000000,5669369,2016/05/10,Batesville,4,0,NULL,NULL,"New Patient - Monitor"
77400000000000,5680695,2016/05/12,"Fort Wayne",2,1,0,0.00,"Low Risk"
77500000000000,5635232,2016/05/02,Albany,4,0,NULL,NULL,"New Patient - Monitor"
77600000000000,5642110,2016/04/29,Boone,0,0,NULL,NULL,"New Patient - Monitor"
77600000000000,5719587,2016/05/25,Blythewood,6,1,0,0.00,"Medium Risk"
77700000000000,5641574,2016/04/29,"Eau Claire",0,0,NULL,NULL,"New Patient - Monitor"
77800000000000,5626833,2016/04/29,Leesburg,2,0,NULL,NULL,"New Patient - Monitor"
77800000000000,5556543,2016/04/29,Georgetown,22,1,0,0.00,"High Risk"
77800000000000,5522488,2016/04/29,Dublin,31,2,0,0.00,"High Risk"
77800000000000,5522495,2016/05/03,Walden,35,3,0,0.00,"High Risk"
77800000000000,5709050,2016/05/19,Bradenton,2,4,0,0.00,"Low Risk"
77900000000000,5485577,2016/04/29,Columbus,43,0,NULL,NULL,"New Patient - Monitor"
77900000000000,5539358,2016/04/29,Cary,28,1,0,0.00,"High Risk"
77900000000000,5715327,2016/05/19,Eugene,1,2,0,0.00,"Low Risk"
77900000000000,5715192,2016/05/30,"Fort Wayne",12,3,0,0.00,"High Risk"
78000000000000,5627018,2016/05/04,Coralville,7,0,NULL,NULL,"New Patient - Monitor"
78100000000000,5629123,2016/04/29,Saginaw,2,0,NULL,NULL,"New Patient - Monitor"
78200000000000,5637968,2016/04/29,Leesburg,0,0,NULL,NULL,"New Patient - Monitor"
78200000000000,5465753,2016/04/29,"Saint Louis",46,1,0,0.00,"High Risk"
78200000000000,5640200,2016/04/29,Lincolnton,0,2,0,0.00,"Low Risk"
78200000000000,5638569,2016/04/29,Spearfish,0,3,0,0.00,"Low Risk"
78200000000000,5637886,2016/04/29,Roanoke,0,4,0,0.00,"Low Risk"
78400000000000,5681988,2016/05/12,Chattanooga,2,0,NULL,NULL,"New Patient - Monitor"
78500000000000,5563071,2016/04/29,Enterprise,21,0,NULL,NULL,"New Patient - Monitor"
78500000000000,5642441,2016/04/29,Calhoun,0,1,0,0.00,"Low Risk"
78600000000000,5522184,2016/04/29,Victorville,31,0,NULL,NULL,"New Patient - Monitor"
78600000000000,5697142,2016/05/13,Auburn,0,1,0,0.00,"Low Risk"
78700000000000,5508599,2016/04/29,"Miles City",37,0,NULL,NULL,"New Patient - Monitor"
78700000000000,5552928,2016/04/29,Moore,23,1,0,0.00,"High Risk"
78800000000000,5641907,2016/04/29,Eugene,0,0,NULL,NULL,"New Patient - Monitor"
78800000000000,5641418,2016/04/29,Princeton,0,1,0,0.00,"Low Risk"
78800000000000,5589693,2016/04/29,Princeton,14,2,0,0.00,"High Risk"
78800000000000,5589719,2016/04/29,Oconomowoc,14,3,0,0.00,"High Risk"
78800000000000,5677157,2016/05/18,Mercer,9,4,0,0.00,"High Risk"
78900000000000,5638301,2016/04/29,"Saint Louis",0,0,NULL,NULL,"New Patient - Monitor"
78900000000000,5632739,2016/04/29,Livermore,1,1,0,0.00,"Low Risk"
78900000000000,5602917,2016/04/29,Moore,10,2,0,0.00,"High Risk"
78900000000000,5625134,2016/04/29,Lagrange,2,3,0,0.00,"Low Risk"
79000000000000,5682686,2016/05/13,"Bella Vista",3,0,NULL,NULL,"New Patient - Monitor"
79100000000000,5694986,2016/05/13,Victorville,0,0,NULL,NULL,"New Patient - Monitor"
79200000000000,5583536,2016/04/29,Burlington,15,0,NULL,NULL,"New Patient - Monitor"
79300000000000,5640232,2016/04/29,Albany,0,0,NULL,NULL,"New Patient - Monitor"
79300000000000,5534479,2016/04/29,Raleigh,29,1,0,0.00,"High Risk"
79300000000000,5561026,2016/04/29,Eugene,21,2,0,0.00,"High Risk"
79400000000000,5623692,2016/04/29,"Mount Arlington",3,0,NULL,NULL,"New Patient - Monitor"
79700000000000,5680539,2016/05/11,Vandalia,1,0,NULL,NULL,"New Patient - Monitor"
79800000000000,5628723,2016/04/29,Kuttawa,2,0,NULL,NULL,"New Patient - Monitor"
79800000000000,5632939,2016/04/29,"Saint Louis",1,1,0,0.00,"Low Risk"
79900000000000,5642454,2016/04/29,Columbia,0,0,NULL,NULL,"New Patient - Monitor"
79900000000000,5661958,2016/05/09,Charlotte,4,1,0,0.00,"Medium Risk"
81100000000000,5457705,2016/04/29,Raton,49,0,NULL,NULL,"New Patient - Monitor"
81100000000000,5520060,2016/04/29,Columbus,31,1,1,1.00,"High Risk"
81200000000000,5590385,2016/04/29,Winthrop,14,0,NULL,NULL,"New Patient - Monitor"
81200000000000,5642389,2016/04/29,Ogunquit,0,1,0,0.00,"Low Risk"
81200000000000,5639006,2016/04/29,Enterprise,0,2,0,0.00,"Low Risk"
81200000000000,5640304,2016/04/29,Mobile,0,3,0,0.00,"Low Risk"
81200000000000,5626010,2016/05/02,Dublin,5,4,0,0.00,"Medium Risk"
81200000000000,5714560,2016/05/19,Gardena,1,5,0,0.00,"Low Risk"
81200000000000,5713333,2016/05/20,Hartford,2,6,0,0.00,"Low Risk"
81300000000000,5467185,2016/04/29,Roanoke,45,0,NULL,NULL,"New Patient - Monitor"
81300000000000,5636607,2016/04/29,Roanoke,1,1,1,1.00,"High Risk"
81300000000000,5629040,2016/04/29,Auburn,2,2,1,0.50,"High Risk"
81300000000000,5561450,2016/04/29,Bryant,21,3,1,0.33,"High Risk"
81400000000000,5630242,2016/04/29,Billings,2,0,NULL,NULL,"New Patient - Monitor"
81400000000000,5628697,2016/04/29,Calhoun,2,1,0,0.00,"Low Risk"
81500000000000,5615573,2016/05/04,Saginaw,9,0,NULL,NULL,"New Patient - Monitor"
81500000000000,5665989,2016/05/09,"Cripple Creek",4,1,0,0.00,"Medium Risk"
81600000000000,5629142,2016/04/29,Dublin,2,0,NULL,NULL,"New Patient - Monitor"
81700000000000,5449304,2016/04/29,Albuquerque,51,0,NULL,NULL,"New Patient - Monitor"
81800000000000,5672095,2016/05/09,Victorville,0,0,NULL,NULL,"New Patient - Monitor"
81900000000000,5523258,2016/04/29,Appleton,31,0,NULL,NULL,"New Patient - Monitor"
81900000000000,5629058,2016/04/29,Hampton,2,1,0,0.00,"Low Risk"
81900000000000,5590725,2016/04/29,Princeton,14,2,1,0.50,"High Risk"
81900000000000,5567984,2016/04/29,Winthrop,18,3,1,0.33,"High Risk"
82200000000000,5641821,2016/04/29,Albuquerque,0,0,NULL,NULL,"New Patient - Monitor"
82200000000000,5631009,2016/04/29,Albany,2,1,0,0.00,"Low Risk"
82200000000000,5719678,2016/05/24,Warren,5,2,0,0.00,"Medium Risk"
82300000000000,5631099,2016/04/29,Cambridge,2,0,NULL,NULL,"New Patient - Monitor"
82300000000000,5531537,2016/04/29,Hampton,29,1,0,0.00,"High Risk"
82400000000000,5628603,2016/04/29,"Saint Louis",2,0,NULL,NULL,"New Patient - Monitor"
82400000000000,5629179,2016/04/29,Chicago,2,1,0,0.00,"Low Risk"
82500000000000,5520168,2016/04/29,Irmo,31,0,NULL,NULL,"New Patient - Monitor"
82500000000000,5611400,2016/04/29,Vandalia,4,1,0,0.00,"Medium Risk"
82500000000000,5641286,2016/04/29,"Fort Collins",0,2,0,0.00,"Low Risk"
82600000000000,5637569,2016/04/29,Bloomington,0,0,NULL,NULL,"New Patient - Monitor"
82700000000000,5387260,2016/04/29,Chicago,65,0,NULL,NULL,"New Patient - Monitor"
82700000000000,5548772,2016/05/13,Raleigh,37,1,0,0.00,"High Risk"
82900000000000,5694529,2016/05/17,"Grand Junction",4,0,NULL,NULL,"New Patient - Monitor"
83000000000000,5722733,2016/05/20,"Osage Beach",0,0,NULL,NULL,"New Patient - Monitor"
83100000000000,5546326,2016/04/29,Boone,24,0,NULL,NULL,"New Patient - Monitor"
83100000000000,5618641,2016/04/29,"Fort Worth",3,1,0,0.00,"Low Risk"
83100000000000,5530225,2016/04/29,Boone,29,2,0,0.00,"High Risk"
83200000000000,5545052,2016/04/29,Mobile,24,0,NULL,NULL,"New Patient - Monitor"
83200000000000,5532464,2016/05/03,Troy,33,1,1,1.00,"High Risk"
83300000000000,5535632,2016/04/29,Princeton,28,0,NULL,NULL,"New Patient - Monitor"
83300000000000,5513185,2016/04/29,Altoona,32,1,0,0.00,"High Risk"
83300000000000,5634868,2016/04/29,Dahlonega,1,2,0,0.00,"Low Risk"
83300000000000,5640461,2016/04/29,Hartford,0,3,0,0.00,"Low Risk"
83300000000000,5490393,2016/04/29,Raleigh,42,4,1,0.25,"High Risk"
83300000000000,5581287,2016/04/29,Joplin,15,5,1,0.20,"High Risk"
83400000000000,5641523,2016/04/29,"Fort Collins",0,0,NULL,NULL,"New Patient - Monitor"
83400000000000,5521688,2016/04/29,Mobile,31,1,0,0.00,"High Risk"
83400000000000,5607987,2016/04/29,Saginaw,9,2,0,0.00,"High Risk"
83400000000000,5677117,2016/05/17,Gardena,8,3,1,0.33,"High Risk"
83400000000000,5737935,2016/05/25,"Castle Rock",0,4,1,0.25,"Medium Risk"
83500000000000,5639896,2016/04/29,Cary,0,0,NULL,NULL,"New Patient - Monitor"
83500000000000,5712459,2016/05/20,"Little River",2,1,0,0.00,"Low Risk"
83600000000000,5611825,2016/04/29,Kuttawa,4,0,NULL,NULL,"New Patient - Monitor"
83600000000000,5638182,2016/04/29,Oconomowoc,0,1,0,0.00,"Low Risk"
83700000000000,5639495,2016/04/29,"Soddy Daisy",0,0,NULL,NULL,"New Patient - Monitor"
83800000000000,5510395,2016/04/29,Lamar,37,0,NULL,NULL,"New Patient - Monitor"
83800000000000,5507060,2016/04/29,Cary,37,1,0,0.00,"High Risk"
83800000000000,5640691,2016/05/03,Orlando,4,2,0,0.00,"Medium Risk"
83800000000000,5737282,2016/05/30,Coralville,5,3,0,0.00,"Medium Risk"
83900000000000,5625143,2016/04/29,Mobile,2,0,NULL,NULL,"New Patient - Monitor"
83900000000000,5585723,2016/04/29,"Mount Arlington",15,1,0,0.00,"High Risk"
83900000000000,5576598,2016/04/29,Victorville,16,2,0,0.00,"High Risk"
83900000000000,5687289,2016/05/16,Albany,5,3,0,0.00,"Medium Risk"
83900000000000,5615055,2016/05/31,"Oak Harbor",36,4,1,0.25,"High Risk"
84100000000000,5489937,2016/04/29,Gooding,42,0,NULL,NULL,"New Patient - Monitor"
84100000000000,5676038,2016/05/12,"Twin Mountain",3,1,1,1.00,"High Risk"
84300000000000,5515837,2016/04/29,Boone,32,0,NULL,NULL,"New Patient - Monitor"
84400000000000,5654790,2016/05/05,Warren,2,0,NULL,NULL,"New Patient - Monitor"
84400000000000,5646472,2016/05/10,Leesburg,8,1,1,1.00,"High Risk"
84600000000000,5633121,2016/04/29,Dublin,1,0,NULL,NULL,"New Patient - Monitor"
84700000000000,5517077,2016/04/29,"Battle Creek",32,0,NULL,NULL,"New Patient - Monitor"
84700000000000,5740045,2016/05/31,Batesville,6,1,1,1.00,"High Risk"
84900000000000,5615609,2016/05/04,Cary,9,0,NULL,NULL,"New Patient - Monitor"
85100000000000,5531912,2016/04/29,"Miles City",29,0,NULL,NULL,"New Patient - Monitor"
85100000000000,5532085,2016/05/09,"Joshua Tree",39,1,1,1.00,"High Risk"
85100000000000,5585391,2016/05/11,Coralville,27,2,2,1.00,"High Risk"
85200000000000,5631875,2016/04/29,Huntingdon,1,0,NULL,NULL,"New Patient - Monitor"
85200000000000,5521781,2016/04/29,Moore,31,1,1,1.00,"High Risk"
85200000000000,5736062,2016/05/25,Oconomowoc,0,2,1,0.50,"High Risk"
85300000000000,5466331,2016/04/29,"Osage Beach",46,0,NULL,NULL,"New Patient - Monitor"
85400000000000,5638358,2016/04/29,Roanoke,0,0,NULL,NULL,"New Patient - Monitor"
85400000000000,5351216,2016/04/29,Billings,73,1,0,0.00,"High Risk"
85400000000000,5609805,2016/05/25,Sikeston,35,2,1,0.50,"High Risk"
85500000000000,5561169,2016/04/29,"Cedar Rapids",21,0,NULL,NULL,"New Patient - Monitor"
85600000000000,5625169,2016/04/29,Dublin,2,0,NULL,NULL,"New Patient - Monitor"
85600000000000,5640982,2016/04/29,Jasper,0,1,0,0.00,"Low Risk"
85600000000000,5632019,2016/04/29,Batesville,1,2,0,0.00,"Low Risk"
85600000000000,5670817,2016/05/10,"Cedar Rapids",4,3,0,0.00,"Medium Risk"
85700000000000,5638118,2016/04/29,Sarasota,0,0,NULL,NULL,"New Patient - Monitor"
85700000000000,5638768,2016/04/29,Blythewood,0,1,0,0.00,"Low Risk"
85700000000000,5638522,2016/04/29,Bloomington,0,2,0,0.00,"Low Risk"
85800000000000,5473142,2016/04/29,Mercer,45,0,NULL,NULL,"New Patient - Monitor"
85800000000000,5638460,2016/04/29,Vandalia,0,1,0,0.00,"Low Risk"
85800000000000,5628766,2016/04/29,"Charles Town",2,2,0,0.00,"Low Risk"
85800000000000,5552868,2016/04/29,Albuquerque,23,3,0,0.00,"High Risk"
85800000000000,5634279,2016/04/29,Columbus,1,4,1,0.25,"Medium Risk"
85800000000000,5603356,2016/05/24,Bryant,35,5,1,0.20,"High Risk"
85900000000000,5641281,2016/04/29,Brockton,0,0,NULL,NULL,"New Patient - Monitor"
85900000000000,5715165,2016/05/19,Columbus,1,1,0,0.00,"Low Risk"
85900000000000,5738534,2016/05/31,"Williams Bay",6,2,0,0.00,"Medium Risk"
86000000000000,5676084,2016/05/11,Leesburg,2,0,NULL,NULL,"New Patient - Monitor"
86200000000000,5637804,2016/04/29,Winthrop,0,0,NULL,NULL,"New Patient - Monitor"
86300000000000,5641413,2016/04/29,"Miles City",0,0,NULL,NULL,"New Patient - Monitor"
86300000000000,5631075,2016/04/29,Dublin,2,1,1,1.00,"High Risk"
86400000000000,5637663,2016/04/29,"Fort Collins",0,0,NULL,NULL,"New Patient - Monitor"
86400000000000,5641512,2016/04/29,Hartford,0,1,1,1.00,"High Risk"
86400000000000,5639690,2016/04/29,Lexington,0,2,1,0.50,"High Risk"
86500000000000,5518557,2016/04/29,Princeton,31,0,NULL,NULL,"New Patient - Monitor"
86500000000000,5639264,2016/04/29,Columbus,0,1,0,0.00,"Low Risk"
86500000000000,5673093,2016/05/09,Albuquerque,0,2,0,0.00,"Low Risk"
86500000000000,5680541,2016/05/11,Boone,1,3,0,0.00,"Low Risk"
86600000000000,5630365,2016/04/29,Indianapolis,2,0,NULL,NULL,"New Patient - Monitor"
86700000000000,5498802,2016/04/29,Livermore,38,0,NULL,NULL,"New Patient - Monitor"
86700000000000,5689339,2016/05/12,Huntingdon,0,1,1,1.00,"High Risk"
86700000000000,5686345,2016/05/18,"Grand Junction",7,2,1,0.50,"High Risk"
86800000000000,5731976,2016/05/24,Boone,0,0,NULL,NULL,"New Patient - Monitor"
86900000000000,5638127,2016/04/29,Ogunquit,0,0,NULL,NULL,"New Patient - Monitor"
86900000000000,5563686,2016/05/05,Grayling,27,1,0,0.00,"High Risk"
87000000000000,5661938,2016/05/09,"Bella Vista",4,0,NULL,NULL,"New Patient - Monitor"
87000000000000,5674606,2016/05/17,"Osage Beach",8,1,0,0.00,"High Risk"
87100000000000,5706109,2016/05/17,Auburn,0,0,NULL,NULL,"New Patient - Monitor"
87200000000000,5626988,2016/04/29,Garberville,2,0,NULL,NULL,"New Patient - Monitor"
87200000000000,5518758,2016/04/29,Lexington,31,1,0,0.00,"High Risk"
87200000000000,5622415,2016/04/29,Cambridge,3,2,0,0.00,"Low Risk"
87200000000000,5719710,2016/05/25,"Lake Lure",6,3,0,0.00,"Medium Risk"
87200000000000,5686470,2016/05/31,"Grand Junction",20,4,0,0.00,"High Risk"
87300000000000,5616050,2016/04/29,Columbia,4,0,NULL,NULL,"New Patient - Monitor"
87500000000000,5615545,2016/05/04,Madisonville,9,0,NULL,NULL,"New Patient - Monitor"
87500000000000,5687285,2016/05/16,Cambridge,5,1,0,0.00,"Medium Risk"
87500000000000,5697071,2016/05/16,"Palm Springs",3,2,0,0.00,"Low Risk"
87500000000000,5734069,2016/05/30,Griffin,6,3,1,0.33,"Medium Risk"
87600000000000,5635932,2016/04/29,Gardena,1,0,NULL,NULL,"New Patient - Monitor"
87700000000000,5638880,2016/04/29,"Saint Louis",0,0,NULL,NULL,"New Patient - Monitor"
87700000000000,5459165,2016/04/29,"Miles City",49,1,0,0.00,"High Risk"
87800000000000,5568957,2016/04/29,"Mount Arlington",18,0,NULL,NULL,"New Patient - Monitor"
87800000000000,5597613,2016/04/29,Victorville,11,1,0,0.00,"High Risk"
87900000000000,5584540,2016/04/29,Plainfield,15,0,NULL,NULL,"New Patient - Monitor"
87900000000000,5496846,2016/05/05,"Lenoir City",45,1,0,0.00,"High Risk"
87900000000000,5496845,2016/05/05,"Fort Collins",45,2,0,0.00,"High Risk"
88000000000000,5640396,2016/04/29,"Miles City",0,0,NULL,NULL,"New Patient - Monitor"
88200000000000,5559190,2016/04/29,Warren,21,0,NULL,NULL,"New Patient - Monitor"
88200000000000,5634795,2016/04/29,Olathe,1,1,0,0.00,"Low Risk"
88200000000000,5713272,2016/05/24,Blythewood,6,2,0,0.00,"Medium Risk"
88300000000000,5637766,2016/04/29,"Bella Vista",0,0,NULL,NULL,"New Patient - Monitor"
88500000000000,5625108,2016/04/29,Gardena,2,0,NULL,NULL,"New Patient - Monitor"
88500000000000,5560170,2016/04/29,"Fort Collins",21,1,0,0.00,"High Risk"
88500000000000,5629866,2016/04/29,Victorville,2,2,0,0.00,"Low Risk"
88500000000000,5695408,2016/05/13,"Delray Beach",0,3,0,0.00,"Low Risk"
88600000000000,5657208,2016/05/04,"Fort Worth",0,0,NULL,NULL,"New Patient - Monitor"
88600000000000,5711740,2016/05/19,"Battle Creek",1,1,0,0.00,"Low Risk"
88700000000000,5637502,2016/04/29,Columbus,0,0,NULL,NULL,"New Patient - Monitor"
88700000000000,5631069,2016/04/29,"Fort Collins",2,1,0,0.00,"Low Risk"
88700000000000,5646393,2016/05/10,"Cedar Rapids",8,2,0,0.00,"High Risk"
88700000000000,5586323,2016/05/18,Eugene,33,3,1,0.33,"High Risk"
88800000000000,5640309,2016/04/29,Sarasota,0,0,NULL,NULL,"New Patient - Monitor"
88800000000000,5639086,2016/04/29,Columbus,0,1,0,0.00,"Low Risk"
88800000000000,5604332,2016/04/29,Woodland,9,2,0,0.00,"High Risk"
88800000000000,5622850,2016/04/29,Roanoke,3,3,0,0.00,"Low Risk"
88800000000000,5615589,2016/05/02,Batesville,7,4,1,0.25,"Medium Risk"
88800000000000,5483619,2016/05/02,Coralville,46,5,2,0.40,"High Risk"
88800000000000,5485237,2016/05/03,"Grand Junction",47,6,2,0.33,"High Risk"
88800000000000,5734633,2016/05/30,"Fort Wayne",6,7,2,0.29,"Medium Risk"
89000000000000,5628453,2016/04/29,Valentine,2,0,NULL,NULL,"New Patient - Monitor"
89200000000000,5639921,2016/04/29,Huntingdon,0,0,NULL,NULL,"New Patient - Monitor"
89200000000000,5639085,2016/04/29,Yellville,0,1,0,0.00,"Low Risk"
89200000000000,5641004,2016/04/29,Appleton,0,2,0,0.00,"Low Risk"
89200000000000,5646406,2016/05/12,Dahlonega,10,3,0,0.00,"High Risk"
89200000000000,5655333,2016/05/18,"Lake Lure",15,4,1,0.25,"High Risk"
89300000000000,5652622,2016/05/05,Leesburg,2,0,NULL,NULL,"New Patient - Monitor"
89300000000000,5713421,2016/05/24,Hartford,6,1,0,0.00,"Medium Risk"
89400000000000,5524888,2016/05/02,Dublin,33,0,NULL,NULL,"New Patient - Monitor"
89400000000000,5630480,2016/05/04,Moore,7,1,1,1.00,"High Risk"
89400000000000,5546425,2016/05/10,Eugene,35,2,2,1.00,"High Risk"
89400000000000,5709038,2016/05/19,"Fort Collins",2,3,3,1.00,"High Risk"
89400000000000,5717256,2016/05/19,Newport,0,4,4,1.00,"High Risk"
89400000000000,5728813,2016/05/25,Charlotte,5,5,4,0.80,"High Risk"
89400000000000,5726154,2016/05/31,"Saint Louis",11,6,5,0.83,"High Risk"
89500000000000,5525066,2016/04/29,"Fort Wayne",30,0,NULL,NULL,"New Patient - Monitor"
89500000000000,5603809,2016/04/29,Albany,9,1,0,0.00,"High Risk"
89600000000000,5549661,2016/05/10,Lubbock,34,0,NULL,NULL,"New Patient - Monitor"
89700000000000,5638410,2016/04/29,Dahlonega,0,0,NULL,NULL,"New Patient - Monitor"
89700000000000,5538031,2016/04/29,"Bella Vista",28,1,0,0.00,"High Risk"
89700000000000,5661986,2016/05/09,Dublin,4,2,0,0.00,"Medium Risk"
89700000000000,5744885,2016/05/31,Hampton,1,3,0,0.00,"Low Risk"
89700000000000,5744884,2016/05/31,Hampton,1,4,0,0.00,"Low Risk"
89800000000000,5738045,2016/05/31,Eureka,6,0,NULL,NULL,"New Patient - Monitor"
89900000000000,5640464,2016/04/29,Joplin,0,0,NULL,NULL,"New Patient - Monitor"
91200000000000,5482583,2016/04/29,Winthrop,43,0,NULL,NULL,"New Patient - Monitor"
91200000000000,5624121,2016/04/29,Lagrange,3,1,0,0.00,"Low Risk"
91200000000000,5665844,2016/05/06,"Castle Rock",1,2,0,0.00,"Low Risk"
91200000000000,5705060,2016/05/16,Griffin,0,3,0,0.00,"Low Risk"
91300000000000,5629162,2016/04/29,"Cripple Creek",2,0,NULL,NULL,"New Patient - Monitor"
91300000000000,5666044,2016/05/09,Boone,4,1,1,1.00,"High Risk"
91400000000000,5628438,2016/04/29,"Saint Louis",2,0,NULL,NULL,"New Patient - Monitor"
91400000000000,5680555,2016/05/11,Cary,1,1,0,0.00,"Low Risk"
91500000000000,5528015,2016/04/29,Hampton,30,0,NULL,NULL,"New Patient - Monitor"
91500000000000,5577204,2016/04/29,Roanoke,16,1,0,0.00,"High Risk"
91500000000000,5633041,2016/04/29,Oconomowoc,1,2,0,0.00,"Low Risk"
91500000000000,5734664,2016/05/30,Eugene,6,3,0,0.00,"Medium Risk"
91600000000000,5605581,2016/04/29,"Fort Worth",9,0,NULL,NULL,"New Patient - Monitor"
91800000000000,5591778,2016/04/29,"Fort Wayne",11,0,NULL,NULL,"New Patient - Monitor"
91800000000000,5617275,2016/04/29,Cary,4,1,0,0.00,"Medium Risk"
91900000000000,5235643,2016/04/29,Saginaw,109,0,NULL,NULL,"New Patient - Monitor"
91900000000000,5524578,2016/05/03,Mobile,34,1,0,0.00,"High Risk"
92000000000000,5620208,2016/04/29,"Bowling Green",3,0,NULL,NULL,"New Patient - Monitor"
92000000000000,5646466,2016/05/09,"Rocky Mount",7,1,0,0.00,"Medium Risk"
92100000000000,5641490,2016/04/29,Albany,0,0,NULL,NULL,"New Patient - Monitor"
92200000000000,5534656,2016/04/29,"Williams Bay",29,0,NULL,NULL,"New Patient - Monitor"
92200000000000,5628396,2016/04/29,"Max Meadows",2,1,1,1.00,"High Risk"
92200000000000,5636753,2016/05/02,Dublin,4,2,1,0.50,"High Risk"
92200000000000,5652619,2016/05/05,Eureka,2,3,2,0.67,"High Risk"
92200000000000,5713417,2016/05/24,Garberville,6,4,2,0.50,"High Risk"
92200000000000,5577982,2016/05/30,Kuttawa,47,5,2,0.40,"High Risk"
92300000000000,5505924,2016/04/29,Saginaw,37,0,NULL,NULL,"New Patient - Monitor"
92300000000000,5637010,2016/04/29,Hartford,1,1,0,0.00,"Low Risk"
92300000000000,5640488,2016/05/02,Bryant,3,2,0,0.00,"Low Risk"
92300000000000,5662463,2016/05/06,Appleton,1,3,0,0.00,"Low Risk"
92400000000000,5590925,2016/04/29,Livermore,14,0,NULL,NULL,"New Patient - Monitor"
92400000000000,5738007,2016/05/30,"Little River",5,1,0,0.00,"Medium Risk"
92500000000000,5600201,2016/05/25,Ogunquit,36,0,NULL,NULL,"New Patient - Monitor"
92600000000000,5569595,2016/04/29,Columbia,18,0,NULL,NULL,"New Patient - Monitor"
92600000000000,5638082,2016/04/29,"Twin Mountain",0,1,1,1.00,"High Risk"
92600000000000,5646657,2016/05/04,Douglasville,2,2,1,0.50,"High Risk"
92700000000000,5515566,2016/04/29,Vandalia,32,0,NULL,NULL,"New Patient - Monitor"
92700000000000,5638715,2016/04/29,"Battle Creek",0,1,0,0.00,"Low Risk"
92800000000000,5631486,2016/04/29,Columbus,1,0,NULL,NULL,"New Patient - Monitor"
92800000000000,5558023,2016/05/03,"Lenoir City",26,1,1,1.00,"High Risk"
92900000000000,5751663,2016/05/31,"Rocky Mount",0,0,NULL,NULL,"New Patient - Monitor"
93000000000000,5593330,2016/04/29,Mobile,11,0,NULL,NULL,"New Patient - Monitor"
93000000000000,5521644,2016/04/29,Princeton,31,1,0,0.00,"High Risk"
93000000000000,5728809,2016/05/24,Cambridge,4,2,1,0.50,"High Risk"
93100000000000,5642458,2016/04/29,Albuquerque,0,0,NULL,NULL,"New Patient - Monitor"
93400000000000,5578932,2016/04/29,Victorville,16,0,NULL,NULL,"New Patient - Monitor"
93400000000000,5677137,2016/05/16,"Cedar Rapids",7,1,0,0.00,"Medium Risk"
93500000000000,5642501,2016/04/29,Dublin,0,0,NULL,NULL,"New Patient - Monitor"
93500000000000,5641984,2016/04/29,Calhoun,0,1,0,0.00,"Low Risk"
93500000000000,5640351,2016/04/29,Dublin,0,2,0,0.00,"Low Risk"
93600000000000,5615488,2016/05/12,"Elk City",17,0,NULL,NULL,"New Patient - Monitor"
93600000000000,5731284,2016/05/24,Victorville,0,1,1,1.00,"High Risk"
93600000000000,5615490,2016/05/30,Albuquerque,35,2,1,0.50,"High Risk"
93700000000000,5625850,2016/04/29,"Mount Arlington",2,0,NULL,NULL,"New Patient - Monitor"
93700000000000,5495844,2016/04/29,Tyler,39,1,0,0.00,"High Risk"
93700000000000,5641832,2016/04/29,Dublin,0,2,1,0.50,"High Risk"
93700000000000,5631073,2016/04/29,Hartford,2,3,1,0.33,"Medium Risk"
93800000000000,5639589,2016/04/29,"Clinton Township",0,0,NULL,NULL,"New Patient - Monitor"
94000000000000,5624727,2016/04/29,"Charles Town",3,0,NULL,NULL,"New Patient - Monitor"
94100000000000,5636660,2016/05/02,"Bay City",4,0,NULL,NULL,"New Patient - Monitor"
94200000000000,5641184,2016/04/29,Bloomington,0,0,NULL,NULL,"New Patient - Monitor"
94300000000000,5643147,2016/05/04,Sikeston,2,0,NULL,NULL,"New Patient - Monitor"
94300000000000,5710648,2016/05/18,Charlotte,1,1,0,0.00,"Low Risk"
94300000000000,5608317,2016/05/30,Plainfield,40,2,1,0.50,"High Risk"
94300000000000,5615557,2016/05/31,"Fort Wayne",36,3,1,0.33,"High Risk"
94300000000000,5740669,2016/05/31,Raleigh,6,4,1,0.25,"Medium Risk"
94400000000000,5603805,2016/04/29,Mullins,9,0,NULL,NULL,"New Patient - Monitor"
94400000000000,5624349,2016/05/18,Eugene,22,1,1,1.00,"High Risk"
94500000000000,5638726,2016/04/29,Mercer,0,0,NULL,NULL,"New Patient - Monitor"
94700000000000,5555241,2016/04/29,Boone,22,0,NULL,NULL,"New Patient - Monitor"
94700000000000,5570934,2016/05/13,Eureka,31,1,1,1.00,"High Risk"
94800000000000,5563187,2016/04/29,Olathe,21,0,NULL,NULL,"New Patient - Monitor"
94800000000000,5521230,2016/04/29,Deerfield,31,1,0,0.00,"High Risk"
94800000000000,5629188,2016/04/29,Bradenton,2,2,0,0.00,"Low Risk"
94800000000000,5694641,2016/05/13,"Max Meadows",0,3,0,0.00,"Low Risk"
94800000000000,5696317,2016/05/13,"Fort Worth",0,4,0,0.00,"Low Risk"
94900000000000,5541181,2016/04/29,Troy,24,0,NULL,NULL,"New Patient - Monitor"
94900000000000,5579138,2016/04/29,Woodland,16,1,1,1.00,"High Risk"
95000000000000,5580928,2016/04/29,"Miles City",15,0,NULL,NULL,"New Patient - Monitor"
95200000000000,5629133,2016/04/29,Eugene,2,0,NULL,NULL,"New Patient - Monitor"
95200000000000,5627333,2016/04/29,Blythewood,2,1,1,1.00,"High Risk"
95300000000000,5618957,2016/04/29,Livermore,3,0,NULL,NULL,"New Patient - Monitor"
95300000000000,5534111,2016/04/29,"Battle Creek",29,1,0,0.00,"High Risk"
95300000000000,5731292,2016/05/24,Indianapolis,0,2,0,0.00,"Low Risk"
95400000000000,5518496,2016/04/29,Calhoun,31,0,NULL,NULL,"New Patient - Monitor"
95400000000000,5638120,2016/04/29,Columbia,0,1,0,0.00,"Low Risk"
95400000000000,5641584,2016/04/29,"Fort Worth",0,2,0,0.00,"Low Risk"
95400000000000,5487544,2016/05/02,Sikeston,45,3,0,0.00,"High Risk"
95400000000000,5683135,2016/05/13,"Fort Wayne",2,4,1,0.25,"Medium Risk"
95500000000000,5628652,2016/04/29,Winthrop,2,0,NULL,NULL,"New Patient - Monitor"
95500000000000,5667272,2016/05/06,Dahlonega,0,1,0,0.00,"Low Risk"
95600000000000,5614108,2016/04/29,"Eau Claire",4,0,NULL,NULL,"New Patient - Monitor"
95600000000000,5599675,2016/04/29,Moore,10,1,0,0.00,"High Risk"
95600000000000,5614109,2016/04/29,"Saint Mary",4,2,0,0.00,"Medium Risk"
95600000000000,5599678,2016/04/29,Princeton,10,3,0,0.00,"High Risk"
95600000000000,5604979,2016/04/29,"Little River",9,4,0,0.00,"High Risk"
95800000000000,5642628,2016/04/29,Victorville,0,0,NULL,NULL,"New Patient - Monitor"
95800000000000,5634160,2016/04/29,"Cripple Creek",1,1,0,0.00,"Low Risk"
95900000000000,5598223,2016/04/29,Vandalia,10,0,NULL,NULL,"New Patient - Monitor"
95900000000000,5522438,2016/04/29,Gardena,31,1,0,0.00,"High Risk"
96000000000000,5626772,2016/04/29,Vandalia,2,0,NULL,NULL,"New Patient - Monitor"
96000000000000,5677164,2016/05/19,"Cripple Creek",10,1,0,0.00,"High Risk"
96200000000000,5641436,2016/04/29,Albany,0,0,NULL,NULL,"New Patient - Monitor"
96200000000000,5526548,2016/04/29,Aspen,30,1,0,0.00,"High Risk"
96200000000000,5590495,2016/04/29,Yellville,14,2,0,0.00,"High Risk"
96200000000000,5596027,2016/04/29,Columbus,11,3,0,0.00,"High Risk"
96200000000000,5628521,2016/05/05,Cary,8,4,0,0.00,"High Risk"
96200000000000,5682695,2016/05/13,Dublin,3,5,0,0.00,"Low Risk"
96300000000000,5629191,2016/04/29,Moore,2,0,NULL,NULL,"New Patient - Monitor"
96300000000000,5732481,2016/05/30,Livermore,6,1,0,0.00,"Medium Risk"
96400000000000,5631255,2016/04/29,Mullins,2,0,NULL,NULL,"New Patient - Monitor"
96400000000000,5566441,2016/04/29,Raleigh,18,1,0,0.00,"High Risk"
96400000000000,5631254,2016/04/29,Dublin,2,2,0,0.00,"Low Risk"
96400000000000,5684282,2016/05/13,Dublin,2,3,0,0.00,"Low Risk"
96500000000000,5303666,2016/04/29,Alpharetta,91,0,NULL,NULL,"New Patient - Monitor"
96500000000000,5526549,2016/04/29,Albany,30,1,0,0.00,"High Risk"
96500000000000,5640696,2016/05/02,Dallas,3,2,0,0.00,"Low Risk"
96500000000000,5670808,2016/05/09,Dallas,3,3,0,0.00,"Low Risk"
96900000000000,5612346,2016/05/11,Hartford,16,0,NULL,NULL,"New Patient - Monitor"
96900000000000,5737008,2016/05/25,Spearfish,0,1,0,0.00,"Low Risk"
97100000000000,5631194,2016/04/29,"Osage Beach",2,0,NULL,NULL,"New Patient - Monitor"
97100000000000,5646489,2016/05/12,"Mount Arlington",10,1,0,0.00,"High Risk"
97200000000000,5615572,2016/05/04,Coralville,9,0,NULL,NULL,"New Patient - Monitor"
97400000000000,5577440,2016/04/29,Albuquerque,16,0,NULL,NULL,"New Patient - Monitor"
97400000000000,5619794,2016/04/29,"Lenoir City",3,1,0,0.00,"Low Risk"
97600000000000,5719694,2016/05/24,"Lenoir City",5,0,NULL,NULL,"New Patient - Monitor"
97700000000000,5641156,2016/04/29,Eugene,0,0,NULL,NULL,"New Patient - Monitor"
97800000000000,5629182,2016/04/29,Chicago,2,0,NULL,NULL,"New Patient - Monitor"
98100000000000,5639926,2016/04/29,Alpharetta,0,0,NULL,NULL,"New Patient - Monitor"
98100000000000,5642183,2016/04/29,Blythewood,0,1,0,0.00,"Low Risk"
98200000000000,5553847,2016/04/29,Batesville,22,0,NULL,NULL,"New Patient - Monitor"
98200000000000,5529002,2016/04/29,Calhoun,30,1,0,0.00,"High Risk"
98300000000000,5550127,2016/04/29,"Max Meadows",23,0,NULL,NULL,"New Patient - Monitor"
98300000000000,5503789,2016/04/29,Ogunquit,37,1,0,0.00,"High Risk"
98300000000000,5626562,2016/05/09,"Castle Rock",12,2,0,0.00,"High Risk"
98300000000000,5725211,2016/05/25,"Castle Rock",5,3,0,0.00,"Medium Risk"
98300000000000,5672954,2016/05/25,Coralville,16,4,0,0.00,"High Risk"
98400000000000,5624040,2016/04/29,Coralville,3,0,NULL,NULL,"New Patient - Monitor"
98400000000000,5499492,2016/04/29,"Charles Town",38,1,0,0.00,"High Risk"
98400000000000,5525531,2016/04/29,Dublin,30,2,1,0.50,"High Risk"
98400000000000,5521736,2016/04/29,Vandalia,31,3,1,0.33,"High Risk"
98500000000000,5641073,2016/04/29,Tyler,0,0,NULL,NULL,"New Patient - Monitor"
98500000000000,5602602,2016/04/29,Owasso,10,1,0,0.00,"High Risk"
98700000000000,5641000,2016/04/29,Plainfield,0,0,NULL,NULL,"New Patient - Monitor"
98800000000000,5666039,2016/05/09,"Bella Vista",4,0,NULL,NULL,"New Patient - Monitor"
98800000000000,5669382,2016/05/10,"Cedar Rapids",4,1,0,0.00,"Medium Risk"
98900000000000,5637883,2016/04/29,Corbin,0,0,NULL,NULL,"New Patient - Monitor"
98900000000000,5643665,2016/05/02,Kuttawa,0,1,0,0.00,"Low Risk"
98900000000000,5533559,2016/05/11,Eugene,41,2,0,0.00,"High Risk"
98900000000000,5533555,2016/05/11,"Fort Collins",41,3,0,0.00,"High Risk"
98900000000000,5533576,2016/05/20,Walden,50,4,0,0.00,"High Risk"
99000000000000,5632317,2016/04/29,"Cripple Creek",1,0,NULL,NULL,"New Patient - Monitor"
99100000000000,5597673,2016/04/29,Dahlonega,11,0,NULL,NULL,"New Patient - Monitor"
99100000000000,5618147,2016/04/29,"Detroit Lakes",3,1,1,1.00,"High Risk"
99200000000000,5483046,2016/04/29,Plainfield,43,0,NULL,NULL,"New Patient - Monitor"
99200000000000,5483045,2016/04/29,"Twin Mountain",43,1,0,0.00,"High Risk"
99200000000000,5623603,2016/04/29,Mobile,3,2,0,0.00,"Low Risk"
99200000000000,5422579,2016/04/29,Columbus,58,3,1,0.33,"High Risk"
99200000000000,5551680,2016/04/29,Livermore,23,4,2,0.50,"High Risk"
99200000000000,5422580,2016/04/29,Cambridge,58,5,2,0.40,"High Risk"
99200000000000,5589543,2016/04/29,Georgetown,14,6,3,0.50,"High Risk"
99300000000000,5561511,2016/04/29,Appleton,21,0,NULL,NULL,"New Patient - Monitor"
99400000000000,5616294,2016/04/29,Albuquerque,4,0,NULL,NULL,"New Patient - Monitor"
99400000000000,5662319,2016/05/05,Newport,0,1,0,0.00,"Low Risk"
99400000000000,5672103,2016/05/09,Woodland,0,2,0,0.00,"Low Risk"
99400000000000,5574332,2016/05/16,Gardena,34,3,0,0.00,"High Risk"
99400000000000,5689678,2016/05/16,Eugene,4,4,0,0.00,"Medium Risk"
99500000000000,5640417,2016/04/29,Valentine,0,0,NULL,NULL,"New Patient - Monitor"
99600000000000,5561514,2016/04/29,Hartford,21,0,NULL,NULL,"New Patient - Monitor"
99600000000000,5642795,2016/04/29,Jasper,0,1,0,0.00,"Low Risk"
99700000000000,5639204,2016/04/29,Victorville,0,0,NULL,NULL,"New Patient - Monitor"
99800000000000,5640119,2016/04/29,Vandalia,0,0,NULL,NULL,"New Patient - Monitor"
99800000000000,5555215,2016/04/29,Tyler,22,1,0,0.00,"High Risk"
99900000000000,5633951,2016/04/29,Montgomery,1,0,NULL,NULL,"New Patient - Monitor"
99900000000000,5562872,2016/05/05,Newport,27,1,0,0.00,"High Risk"
100000000000000,5639618,2016/04/29,Burlington,0,0,NULL,NULL,"New Patient - Monitor"
100000000000000,5625998,2016/04/29,"Bella Vista",2,1,0,0.00,"Low Risk"
100000000000000,5542592,2016/04/29,Columbia,24,2,0,0.00,"High Risk"
100000000000000,5647374,2016/05/02,Harrison,0,3,0,0.00,"Low Risk"
100000000000000,5669193,2016/05/18,"Twin Mountain",12,4,0,0.00,"High Risk"
111000000000000,5546237,2016/04/29,"Charles Town",24,0,NULL,NULL,"New Patient - Monitor"
112000000000000,5490237,2016/05/02,"Fort Wayne",45,0,NULL,NULL,"New Patient - Monitor"
113000000000000,5627499,2016/04/29,"Miles City",2,0,NULL,NULL,"New Patient - Monitor"
119000000000000,5641003,2016/04/29,Albany,0,0,NULL,NULL,"New Patient - Monitor"
121000000000000,5561336,2016/04/29,"Saint Louis",21,0,NULL,NULL,"New Patient - Monitor"
122000000000000,5630201,2016/04/29,Mobile,2,0,NULL,NULL,"New Patient - Monitor"
125000000000000,5601626,2016/04/29,Vandalia,10,0,NULL,NULL,"New Patient - Monitor"
125000000000000,5624374,2016/04/29,"Joshua Tree",3,1,1,1.00,"High Risk"
125000000000000,5485460,2016/04/29,Pittsburgh,43,2,1,0.50,"High Risk"
126000000000000,5596846,2016/05/02,"Saint Louis",14,0,NULL,NULL,"New Patient - Monitor"
126000000000000,5665587,2016/05/30,Plainfield,25,1,1,1.00,"High Risk"
127000000000000,5620298,2016/04/29,Boone,3,0,NULL,NULL,"New Patient - Monitor"
128000000000000,5631071,2016/04/29,Douglasville,2,0,NULL,NULL,"New Patient - Monitor"
128000000000000,5503003,2016/04/29,"Battle Creek",38,1,0,0.00,"High Risk"
128000000000000,5652438,2016/05/05,Saginaw,2,2,1,0.50,"High Risk"
128000000000000,5669370,2016/05/10,Warren,4,3,1,0.33,"Medium Risk"
129000000000000,5640055,2016/04/29,"Fort Collins",0,0,NULL,NULL,"New Patient - Monitor"
129000000000000,5588126,2016/04/29,Columbus,14,1,0,0.00,"High Risk"
129000000000000,5595806,2016/04/29,Orlando,11,2,1,0.50,"High Risk"
130000000000000,5572081,2016/04/29,Pittsburgh,17,0,NULL,NULL,"New Patient - Monitor"
131000000000000,5641468,2016/04/29,Roanoke,0,0,NULL,NULL,"New Patient - Monitor"
131000000000000,5631089,2016/04/29,Columbus,2,1,0,0.00,"Low Risk"
131000000000000,5641367,2016/04/29,Saginaw,0,2,0,0.00,"Low Risk"
133000000000000,5527925,2016/04/29,"Mount Arlington",30,0,NULL,NULL,"New Patient - Monitor"
133000000000000,5704986,2016/05/24,Charlotte,8,1,0,0.00,"High Risk"
134000000000000,5629517,2016/04/29,Charlotte,2,0,NULL,NULL,"New Patient - Monitor"
134000000000000,5734079,2016/05/30,Gardena,6,1,1,1.00,"High Risk"
136000000000000,5521738,2016/04/29,Cary,31,0,NULL,NULL,"New Patient - Monitor"
136000000000000,5562632,2016/04/29,Plainfield,21,1,1,1.00,"High Risk"
136000000000000,5694465,2016/05/17,"Battle Creek",4,2,1,0.50,"High Risk"
137000000000000,5639818,2016/04/29,Newport,0,0,NULL,NULL,"New Patient - Monitor"
137000000000000,5607628,2016/05/13,Calhoun,23,1,0,0.00,"High Risk"
138000000000000,5603812,2016/04/29,Indianapolis,9,0,NULL,NULL,"New Patient - Monitor"
138000000000000,5629174,2016/04/29,Gardena,2,1,0,0.00,"Low Risk"
140000000000000,5626017,2016/04/29,Midway,2,0,NULL,NULL,"New Patient - Monitor"
141000000000000,5670810,2016/05/09,Dallas,3,0,NULL,NULL,"New Patient - Monitor"
141000000000000,5694803,2016/05/18,Columbus,5,1,0,0.00,"Medium Risk"
143000000000000,5625170,2016/04/29,Auburn,2,0,NULL,NULL,"New Patient - Monitor"
144000000000000,5734631,2016/05/30,"Cedar Rapids",6,0,NULL,NULL,"New Patient - Monitor"
145000000000000,5638209,2016/04/29,Lexington,0,0,NULL,NULL,"New Patient - Monitor"
145000000000000,5616424,2016/04/29,Plainfield,4,1,0,0.00,"Medium Risk"
147000000000000,5582277,2016/05/16,Ogunquit,32,0,NULL,NULL,"New Patient - Monitor"
150000000000000,5664426,2016/05/18,"East Syracuse",13,0,NULL,NULL,"New Patient - Monitor"
152000000000000,5639855,2016/04/29,Saginaw,0,0,NULL,NULL,"New Patient - Monitor"
152000000000000,5659778,2016/05/05,Montgomery,1,1,0,0.00,"Low Risk"
153000000000000,5732381,2016/05/30,"Mount Arlington",6,0,NULL,NULL,"New Patient - Monitor"
154000000000000,5558848,2016/04/29,Boone,21,0,NULL,NULL,"New Patient - Monitor"
157000000000000,5509530,2016/04/29,Saginaw,37,0,NULL,NULL,"New Patient - Monitor"
157000000000000,5628622,2016/04/29,Victorville,2,1,1,1.00,"High Risk"
157000000000000,5451655,2016/04/29,Plainfield,50,2,1,0.50,"High Risk"
157000000000000,5680560,2016/05/11,Huntingdon,1,3,1,0.33,"Medium Risk"
158000000000000,5519577,2016/04/29,Coralville,31,0,NULL,NULL,"New Patient - Monitor"
158000000000000,5642660,2016/04/29,"Fort Wayne",0,1,0,0.00,"Low Risk"
159000000000000,5482854,2016/04/29,Bloomington,43,0,NULL,NULL,"New Patient - Monitor"
159000000000000,5482855,2016/04/29,Plainfield,43,1,0,0.00,"High Risk"
159000000000000,5596006,2016/05/20,"Palm Springs",32,2,0,0.00,"High Risk"
160000000000000,5236380,2016/04/29,Moore,109,0,NULL,NULL,"New Patient - Monitor"
160000000000000,5637976,2016/04/29,Carlsbad,0,1,0,0.00,"Low Risk"
162000000000000,5638834,2016/04/29,Dublin,0,0,NULL,NULL,"New Patient - Monitor"
162000000000000,5638487,2016/04/29,Sarasota,0,1,0,0.00,"Low Risk"
166000000000000,5574764,2016/04/29,"Battle Creek",17,0,NULL,NULL,"New Patient - Monitor"
166000000000000,5600045,2016/05/25,"Fort Worth",36,1,0,0.00,"High Risk"
166000000000000,5622593,2016/05/31,Lincolnton,35,2,0,0.00,"High Risk"
168000000000000,5640383,2016/04/29,Roanoke,0,0,NULL,NULL,"New Patient - Monitor"
169000000000000,5640028,2016/04/29,Lubbock,0,0,NULL,NULL,"New Patient - Monitor"
169000000000000,5549887,2016/05/02,Plainfield,26,1,0,0.00,"High Risk"
171000000000000,5625244,2016/04/29,Kuttawa,2,0,NULL,NULL,"New Patient - Monitor"
171000000000000,5652436,2016/05/05,Owensboro,2,1,1,1.00,"High Risk"
171000000000000,5737320,2016/05/31,Dallas,6,2,1,0.50,"High Risk"
172000000000000,5640146,2016/04/29,Raleigh,0,0,NULL,NULL,"New Patient - Monitor"
173000000000000,5505270,2016/04/29,Troy,37,0,NULL,NULL,"New Patient - Monitor"
173000000000000,5537508,2016/04/29,Boone,28,1,1,1.00,"High Risk"
173000000000000,5638171,2016/04/29,Hartford,0,2,1,0.50,"High Risk"
173000000000000,5680667,2016/05/12,"Fort Wayne",2,3,1,0.33,"Medium Risk"
174000000000000,5630221,2016/04/29,"El Reno",2,0,NULL,NULL,"New Patient - Monitor"
174000000000000,5639783,2016/04/29,"Bowling Green",0,1,0,0.00,"Low Risk"
174000000000000,5551045,2016/04/29,"Saint Louis",23,2,0,0.00,"High Risk"
176000000000000,5640987,2016/04/29,Gooding,0,0,NULL,NULL,"New Patient - Monitor"
176000000000000,5646666,2016/05/04,Blythewood,2,1,0,0.00,"Low Risk"
177000000000000,5639315,2016/04/29,Chattanooga,0,0,NULL,NULL,"New Patient - Monitor"
177000000000000,5569107,2016/04/29,Winthrop,18,1,1,1.00,"High Risk"
177000000000000,5630786,2016/04/29,"Fort Worth",2,2,2,1.00,"High Risk"
177000000000000,5638860,2016/04/29,Corbin,0,3,3,1.00,"High Risk"
177000000000000,5463811,2016/05/09,Ogunquit,56,4,3,0.75,"High Risk"
177000000000000,5709043,2016/05/19,Douglasville,2,5,3,0.60,"High Risk"
178000000000000,5639516,2016/04/29,Cary,0,0,NULL,NULL,"New Patient - Monitor"
178000000000000,5639404,2016/04/29,Ogunquit,0,1,0,0.00,"Low Risk"
179000000000000,5560563,2016/04/29,Roanoke,21,0,NULL,NULL,"New Patient - Monitor"
179000000000000,5501031,2016/04/29,Eugene,38,1,0,0.00,"High Risk"
180000000000000,5714562,2016/05/19,Hartford,1,0,NULL,NULL,"New Patient - Monitor"
180000000000000,5721474,2016/05/19,Orlando,0,1,1,1.00,"High Risk"
182000000000000,5640100,2016/04/29,Chicago,0,0,NULL,NULL,"New Patient - Monitor"
182000000000000,5607905,2016/04/29,"Bay City",9,1,0,0.00,"High Risk"
182000000000000,5601586,2016/04/29,Dublin,10,2,0,0.00,"High Risk"
183000000000000,5534661,2016/04/29,Carlsbad,29,0,NULL,NULL,"New Patient - Monitor"
184000000000000,5639608,2016/04/29,Batesville,0,0,NULL,NULL,"New Patient - Monitor"
184000000000000,5639080,2016/04/29,Hartford,0,1,0,0.00,"Low Risk"
185000000000000,5638817,2016/04/29,"Fort Collins",0,0,NULL,NULL,"New Patient - Monitor"
186000000000000,5641797,2016/04/29,Hampton,0,0,NULL,NULL,"New Patient - Monitor"
186000000000000,5604857,2016/04/29,Pittsburgh,9,1,0,0.00,"High Risk"
186000000000000,5454982,2016/05/02,Gardena,53,2,0,0.00,"High Risk"
186000000000000,5657600,2016/05/13,"Castle Rock",9,3,1,0.33,"High Risk"
187000000000000,5531843,2016/04/29,Livermore,29,0,NULL,NULL,"New Patient - Monitor"
187000000000000,5713373,2016/05/20,Charlotte,2,1,1,1.00,"High Risk"
188000000000000,5639002,2016/04/29,"Fort Wayne",0,0,NULL,NULL,"New Patient - Monitor"
188000000000000,5642792,2016/04/29,Victorville,0,1,0,0.00,"Low Risk"
188000000000000,5640933,2016/04/29,Albany,0,2,0,0.00,"Low Risk"
189000000000000,5616082,2016/04/29,Leesburg,4,0,NULL,NULL,"New Patient - Monitor"
189000000000000,5628585,2016/04/29,Walden,2,1,0,0.00,"Low Risk"
189000000000000,5677120,2016/05/18,Eugene,9,2,1,0.50,"High Risk"
191000000000000,5625163,2016/04/29,"Max Meadows",2,0,NULL,NULL,"New Patient - Monitor"
192000000000000,5734072,2016/05/30,Billings,6,0,NULL,NULL,"New Patient - Monitor"
193000000000000,5470106,2016/04/29,Huntingdon,45,0,NULL,NULL,"New Patient - Monitor"
194000000000000,5590813,2016/05/24,Moore,39,0,NULL,NULL,"New Patient - Monitor"
195000000000000,5633170,2016/04/29,Victorville,1,0,NULL,NULL,"New Patient - Monitor"
196000000000000,5640385,2016/04/29,Orlando,0,0,NULL,NULL,"New Patient - Monitor"
196000000000000,5713269,2016/05/24,"Miles City",6,1,0,0.00,"Medium Risk"
198000000000000,5641898,2016/04/29,"Saint Louis",0,0,NULL,NULL,"New Patient - Monitor"
198000000000000,5637547,2016/04/29,Albuquerque,0,1,0,0.00,"Low Risk"
198000000000000,5612133,2016/04/29,Huntingdon,4,2,0,0.00,"Medium Risk"
199000000000000,5640307,2016/04/29,Orlando,0,0,NULL,NULL,"New Patient - Monitor"
199000000000000,5641276,2016/04/29,Plainfield,0,1,0,0.00,"Low Risk"
199000000000000,5566826,2016/05/16,Plainfield,35,2,0,0.00,"High Risk"
211000000000000,5641313,2016/04/29,Orlando,0,0,NULL,NULL,"New Patient - Monitor"
213000000000000,5629193,2016/04/29,Plainfield,2,0,NULL,NULL,"New Patient - Monitor"
213000000000000,5710636,2016/05/18,Mobile,1,1,0,0.00,"Low Risk"
213000000000000,5732250,2016/05/30,"Battle Creek",6,2,0,0.00,"Medium Risk"
214000000000000,5634142,2016/04/29,"Battle Creek",1,0,NULL,NULL,"New Patient - Monitor"
214000000000000,5642485,2016/04/29,Warren,0,1,0,0.00,"Low Risk"
218000000000000,5630438,2016/04/29,Cary,2,0,NULL,NULL,"New Patient - Monitor"
218000000000000,5701751,2016/05/30,Eugene,14,1,0,0.00,"High Risk"
219000000000000,5642162,2016/04/29,Chattanooga,0,0,NULL,NULL,"New Patient - Monitor"
219000000000000,5386101,2016/04/29,"Joshua Tree",66,1,0,0.00,"High Risk"
221000000000000,5601594,2016/04/29,Victorville,10,0,NULL,NULL,"New Patient - Monitor"
222000000000000,5634033,2016/04/29,Blythewood,1,0,NULL,NULL,"New Patient - Monitor"
223000000000000,5490257,2016/05/12,Woodland,55,0,NULL,NULL,"New Patient - Monitor"
223000000000000,5490250,2016/05/12,Corbin,55,1,0,0.00,"High Risk"
223000000000000,5674562,2016/05/17,"Saint Louis",8,2,0,0.00,"High Risk"
223000000000000,5691337,2016/05/19,Tyler,7,3,0,0.00,"Medium Risk"
224000000000000,5637887,2016/04/29,"Max Meadows",0,0,NULL,NULL,"New Patient - Monitor"
224000000000000,5637657,2016/04/29,Altoona,0,1,0,0.00,"Low Risk"
224000000000000,5557868,2016/05/10,Shreveport,33,2,0,0.00,"High Risk"
224000000000000,5557878,2016/05/19,"Fort Worth",42,3,1,0.33,"High Risk"
225000000000000,5490239,2016/05/10,Orlando,53,0,NULL,NULL,"New Patient - Monitor"
225000000000000,5490238,2016/05/10,Indianapolis,53,1,0,0.00,"High Risk"
228000000000000,5562688,2016/04/29,Sarasota,21,0,NULL,NULL,"New Patient - Monitor"
228000000000000,5413193,2016/04/29,"Saint Louis",59,1,0,0.00,"High Risk"
228000000000000,5634184,2016/04/29,Batesville,1,2,0,0.00,"Low Risk"
228000000000000,5590589,2016/04/29,Roanoke,14,3,0,0.00,"High Risk"
229000000000000,5636646,2016/04/29,Russellville,1,0,NULL,NULL,"New Patient - Monitor"
230000000000000,5537976,2016/04/29,Billings,28,0,NULL,NULL,"New Patient - Monitor"
230000000000000,5676424,2016/05/17,Griffin,8,1,0,0.00,"High Risk"
230000000000000,5710658,2016/05/18,Oconomowoc,1,2,0,0.00,"Low Risk"
232000000000000,5642072,2016/04/29,"El Reno",0,0,NULL,NULL,"New Patient - Monitor"
232000000000000,5639881,2016/04/29,Carlsbad,0,1,0,0.00,"Low Risk"
232000000000000,5508634,2016/04/29,Douglasville,37,2,0,0.00,"High Risk"
232000000000000,5642126,2016/04/29,"Saint Louis",0,3,0,0.00,"Low Risk"
232000000000000,5677139,2016/05/17,Orlando,8,4,1,0.25,"High Risk"
233000000000000,5642423,2016/04/29,Oscoda,0,0,NULL,NULL,"New Patient - Monitor"
234000000000000,5549873,2016/04/29,Leesburg,23,0,NULL,NULL,"New Patient - Monitor"
234000000000000,5625206,2016/04/29,"Fort Worth",2,1,0,0.00,"Low Risk"
235000000000000,5620488,2016/04/29,"Fort Collins",3,0,NULL,NULL,"New Patient - Monitor"
236000000000000,5640249,2016/04/29,Gorham,0,0,NULL,NULL,"New Patient - Monitor"
236000000000000,5637240,2016/04/29,Calhoun,1,1,0,0.00,"Low Risk"
236000000000000,5557068,2016/04/29,Leesburg,22,2,1,0.50,"High Risk"
237000000000000,5628286,2016/04/29,Oconomowoc,2,0,NULL,NULL,"New Patient - Monitor"
237000000000000,5641264,2016/04/29,"Little River",0,1,0,0.00,"Low Risk"
239000000000000,5577532,2016/04/29,"Cripple Creek",16,0,NULL,NULL,"New Patient - Monitor"
239000000000000,5561682,2016/04/29,Orlando,21,1,1,1.00,"High Risk"
239000000000000,5638727,2016/04/29,"Saint Mary",0,2,1,0.50,"High Risk"
241000000000000,5709054,2016/05/19,"Castle Rock",2,0,NULL,NULL,"New Patient - Monitor"
243000000000000,5558026,2016/04/29,"Fort Worth",22,0,NULL,NULL,"New Patient - Monitor"
244000000000000,5490851,2016/04/29,Moore,42,0,NULL,NULL,"New Patient - Monitor"
245000000000000,5596079,2016/04/29,Roanoke,11,0,NULL,NULL,"New Patient - Monitor"
246000000000000,5715175,2016/05/19,"Soddy Daisy",1,0,NULL,NULL,"New Patient - Monitor"
248000000000000,5636682,2016/05/02,Douglasville,4,0,NULL,NULL,"New Patient - Monitor"
249000000000000,5623387,2016/04/29,Roanoke,3,0,NULL,NULL,"New Patient - Monitor"
250000000000000,5618142,2016/04/29,Gorham,3,0,NULL,NULL,"New Patient - Monitor"
250000000000000,5530673,2016/04/29,"Bay City",29,1,1,1.00,"High Risk"
252000000000000,5640202,2016/04/29,Plainfield,0,0,NULL,NULL,"New Patient - Monitor"
254000000000000,5543795,2016/04/29,Hartford,24,0,NULL,NULL,"New Patient - Monitor"
254000000000000,5638790,2016/04/29,Raleigh,0,1,1,1.00,"High Risk"
254000000000000,5655563,2016/05/04,Ogunquit,1,2,1,0.50,"High Risk"
254000000000000,5656616,2016/05/10,Oconomowoc,6,3,1,0.33,"Medium Risk"
255000000000000,5498807,2016/04/29,Appleton,38,0,NULL,NULL,"New Patient - Monitor"
255000000000000,5498831,2016/05/03,Dahlonega,42,1,0,0.00,"High Risk"
255000000000000,5646397,2016/05/11,Dublin,9,2,0,0.00,"High Risk"
255000000000000,5573287,2016/05/30,Charlotte,48,3,0,0.00,"High Risk"
256000000000000,5641210,2016/04/29,Moore,0,0,NULL,NULL,"New Patient - Monitor"
256000000000000,5584467,2016/04/29,Auburn,15,1,0,0.00,"High Risk"
256000000000000,5577071,2016/05/03,"Grand Junction",20,2,1,0.50,"High Risk"
256000000000000,5577056,2016/05/11,Calhoun,28,3,1,0.33,"High Risk"
258000000000000,5546660,2016/04/29,Raleigh,24,0,NULL,NULL,"New Patient - Monitor"
258000000000000,5734055,2016/05/30,Hartford,6,1,0,0.00,"Medium Risk"
260000000000000,5665983,2016/05/09,"Rocky Mount",4,0,NULL,NULL,"New Patient - Monitor"
262000000000000,5639951,2016/04/29,Midway,0,0,NULL,NULL,"New Patient - Monitor"
262000000000000,5657565,2016/05/04,Victorville,0,1,0,0.00,"Low Risk"
263000000000000,5701027,2016/05/16,Indianapolis,0,0,NULL,NULL,"New Patient - Monitor"
264000000000000,5672146,2016/05/09,"Castle Rock",0,0,NULL,NULL,"New Patient - Monitor"
265000000000000,5615509,2016/05/02,Coralville,7,0,NULL,NULL,"New Patient - Monitor"
267000000000000,5687352,2016/05/16,Lamar,5,0,NULL,NULL,"New Patient - Monitor"
268000000000000,5534388,2016/04/29,Huntingdon,29,0,NULL,NULL,"New Patient - Monitor"
268000000000000,5712703,2016/05/18,Bradenton,0,1,1,1.00,"High Risk"
269000000000000,5677106,2016/05/18,Coralville,9,0,NULL,NULL,"New Patient - Monitor"
271000000000000,5683012,2016/05/11,Leesburg,0,0,NULL,NULL,"New Patient - Monitor"
272000000000000,5611961,2016/04/29,Tyler,4,0,NULL,NULL,"New Patient - Monitor"
272000000000000,5637951,2016/04/29,"Fort Collins",0,1,0,0.00,"Low Risk"
272000000000000,5628321,2016/04/29,"Lake Lure",2,2,0,0.00,"Low Risk"
273000000000000,5638725,2016/04/29,Coralville,0,0,NULL,NULL,"New Patient - Monitor"
275000000000000,5604145,2016/04/29,"Castle Rock",9,0,NULL,NULL,"New Patient - Monitor"
275000000000000,5521003,2016/04/29,"Bowling Green",31,1,1,1.00,"High Risk"
276000000000000,5628318,2016/05/03,Columbia,6,0,NULL,NULL,"New Patient - Monitor"
276000000000000,5653362,2016/05/05,Calhoun,2,1,0,0.00,"Low Risk"
276000000000000,5542882,2016/05/16,Columbia,41,2,1,0.50,"High Risk"
276000000000000,5542881,2016/05/16,Billings,41,3,1,0.33,"High Risk"
276000000000000,5701729,2016/05/24,Walden,8,4,1,0.25,"High Risk"
276000000000000,5732265,2016/05/30,Leesburg,6,5,1,0.20,"Medium Risk"
277000000000000,5641917,2016/04/29,Griffin,0,0,NULL,NULL,"New Patient - Monitor"
279000000000000,5595567,2016/04/29,Hartford,11,0,NULL,NULL,"New Patient - Monitor"
279000000000000,5595578,2016/04/29,Livermore,11,1,1,1.00,"High Risk"
283000000000000,5728815,2016/05/25,Coralville,5,0,NULL,NULL,"New Patient - Monitor"
284000000000000,5642306,2016/04/29,"Oak Harbor",0,0,NULL,NULL,"New Patient - Monitor"
284000000000000,5615580,2016/05/06,"Cedar Rapids",11,1,0,0.00,"High Risk"
285000000000000,5608967,2016/04/29,Dahlonega,9,0,NULL,NULL,"New Patient - Monitor"
285000000000000,5735499,2016/05/25,Macon,0,1,0,0.00,"Low Risk"
286000000000000,5687355,2016/05/16,"Fort Wayne",5,0,NULL,NULL,"New Patient - Monitor"
288000000000000,5601359,2016/04/29,Roanoke,10,0,NULL,NULL,"New Patient - Monitor"
289000000000000,5744589,2016/05/30,Mercer,0,0,NULL,NULL,"New Patient - Monitor"
290000000000000,5628442,2016/04/29,"Eau Claire",2,0,NULL,NULL,"New Patient - Monitor"
290000000000000,5580299,2016/05/17,Columbia,34,1,0,0.00,"High Risk"
291000000000000,5604918,2016/05/11,Spearfish,21,0,NULL,NULL,"New Patient - Monitor"
291000000000000,5690852,2016/05/12,Oconomowoc,0,1,0,0.00,"Low Risk"
292000000000000,5646674,2016/05/04,Blythewood,2,0,NULL,NULL,"New Patient - Monitor"
292000000000000,5707154,2016/05/18,"Miles City",1,1,0,0.00,"Low Risk"
294000000000000,5586769,2016/04/29,"Mount Arlington",14,0,NULL,NULL,"New Patient - Monitor"
294000000000000,5640181,2016/04/29,Blythewood,0,1,0,0.00,"Low Risk"
294000000000000,5683505,2016/05/11,"Bowling Green",0,2,1,0.50,"High Risk"
294000000000000,5587322,2016/05/18,"Twin Mountain",33,3,1,0.33,"High Risk"
295000000000000,5395703,2016/04/29,Columbus,64,0,NULL,NULL,"New Patient - Monitor"
295000000000000,5638591,2016/04/29,Tyler,0,1,1,1.00,"High Risk"
295000000000000,5677165,2016/05/19,Leesburg,10,2,1,0.50,"High Risk"
296000000000000,5642892,2016/04/29,"Fort Worth",0,0,NULL,NULL,"New Patient - Monitor"
296000000000000,5377051,2016/04/29,Raleigh,67,1,0,0.00,"High Risk"
297000000000000,5426086,2016/05/03,Dublin,61,0,NULL,NULL,"New Patient - Monitor"
297000000000000,5426087,2016/05/03,"Fort Wayne",61,1,1,1.00,"High Risk"
297000000000000,5523320,2016/05/06,Charlotte,38,2,2,1.00,"High Risk"
297000000000000,5523305,2016/05/10,"Fort Worth",42,3,2,0.67,"High Risk"
297000000000000,5706722,2016/05/17,"Osage Beach",0,4,2,0.50,"High Risk"
298000000000000,5639200,2016/04/29,"Cedar Rapids",0,0,NULL,NULL,"New Patient - Monitor"
300000000000000,5609550,2016/04/29,Gardena,9,0,NULL,NULL,"New Patient - Monitor"
311000000000000,5514210,2016/04/29,Albany,32,0,NULL,NULL,"New Patient - Monitor"
312000000000000,5639814,2016/04/29,Columbia,0,0,NULL,NULL,"New Patient - Monitor"
312000000000000,5728820,2016/05/25,Hartford,5,1,0,0.00,"Medium Risk"
314000000000000,5236116,2016/04/29,Appleton,109,0,NULL,NULL,"New Patient - Monitor"
316000000000000,5596731,2016/04/29,"Fort Collins",11,0,NULL,NULL,"New Patient - Monitor"
318000000000000,5583725,2016/04/29,"Fort Collins",15,0,NULL,NULL,"New Patient - Monitor"
319000000000000,5639413,2016/04/29,Dublin,0,0,NULL,NULL,"New Patient - Monitor"
319000000000000,5665986,2016/05/09,Madisonville,4,1,0,0.00,"Medium Risk"
322000000000000,5478643,2016/04/29,"Delray Beach",44,0,NULL,NULL,"New Patient - Monitor"
324000000000000,5498548,2016/04/29,"Bella Vista",38,0,NULL,NULL,"New Patient - Monitor"
325000000000000,5625052,2016/04/29,Albany,3,0,NULL,NULL,"New Patient - Monitor"
325000000000000,5625053,2016/04/29,Roanoke,3,1,0,0.00,"Low Risk"
325000000000000,5677125,2016/05/19,Dallas,10,2,1,0.50,"High Risk"
327000000000000,5687281,2016/05/16,"Fort Worth",5,0,NULL,NULL,"New Patient - Monitor"
328000000000000,5412693,2016/04/29,"Saint Louis",59,0,NULL,NULL,"New Patient - Monitor"
328000000000000,5690658,2016/05/24,Dublin,12,1,0,0.00,"High Risk"
329000000000000,5646459,2016/05/09,Eugene,7,0,NULL,NULL,"New Patient - Monitor"
330000000000000,5642751,2016/04/29,"Cedar Rapids",0,0,NULL,NULL,"New Patient - Monitor"
332000000000000,5531297,2016/04/29,"Osage Beach",29,0,NULL,NULL,"New Patient - Monitor"
333000000000000,5489915,2016/04/29,Walden,42,0,NULL,NULL,"New Patient - Monitor"
333000000000000,5639712,2016/04/29,Bryant,0,1,0,0.00,"Low Risk"
333000000000000,5558200,2016/05/09,Lexington,32,2,0,0.00,"High Risk"
333000000000000,5608007,2016/05/11,"Joshua Tree",21,3,1,0.33,"High Risk"
333000000000000,5697073,2016/05/16,"Battle Creek",3,4,2,0.50,"High Risk"
333000000000000,5738012,2016/05/30,"Little River",5,5,2,0.40,"Medium Risk"
334000000000000,5634240,2016/04/29,Vandalia,1,0,NULL,NULL,"New Patient - Monitor"
335000000000000,5630446,2016/04/29,"Lenoir City",2,0,NULL,NULL,"New Patient - Monitor"
335000000000000,5564656,2016/04/29,Woodland,18,1,0,0.00,"High Risk"
335000000000000,5638510,2016/04/29,"Saint Louis",0,2,0,0.00,"Low Risk"
335000000000000,5639090,2016/04/29,Columbus,0,3,0,0.00,"Low Risk"
336000000000000,5629528,2016/04/29,"Palm Springs",2,0,NULL,NULL,"New Patient - Monitor"
336000000000000,5684265,2016/05/13,"Cedar Rapids",2,1,0,0.00,"Low Risk"
336000000000000,5576274,2016/05/17,Albany,34,2,1,0.50,"High Risk"
337000000000000,5528350,2016/04/29,Cary,30,0,NULL,NULL,"New Patient - Monitor"
338000000000000,5625176,2016/04/29,Orlando,2,0,NULL,NULL,"New Patient - Monitor"
338000000000000,5677123,2016/05/19,"Cedar Rapids",10,1,0,0.00,"High Risk"
339000000000000,5642212,2016/04/29,"Castle Rock",0,0,NULL,NULL,"New Patient - Monitor"
340000000000000,5621952,2016/04/29,Bryant,3,0,NULL,NULL,"New Patient - Monitor"
341000000000000,5634401,2016/05/02,Fairmont,4,0,NULL,NULL,"New Patient - Monitor"
341000000000000,5657569,2016/05/04,"Fort Collins",0,1,1,1.00,"High Risk"
342000000000000,5625139,2016/04/29,Oconomowoc,2,0,NULL,NULL,"New Patient - Monitor"
342000000000000,5676369,2016/05/11,Livermore,2,1,0,0.00,"Low Risk"
342000000000000,5566352,2016/05/25,Spearfish,44,2,0,0.00,"High Risk"
343000000000000,5637851,2016/04/29,Huntingdon,0,0,NULL,NULL,"New Patient - Monitor"
343000000000000,5638925,2016/04/29,Boone,0,1,0,0.00,"Low Risk"
343000000000000,5545253,2016/04/29,Lexington,24,2,0,0.00,"High Risk"
344000000000000,5428864,2016/04/29,"Fort Collins",57,0,NULL,NULL,"New Patient - Monitor"
344000000000000,5625977,2016/04/29,Chicago,2,1,0,0.00,"Low Risk"
345000000000000,5579087,2016/04/29,Enterprise,16,0,NULL,NULL,"New Patient - Monitor"
345000000000000,5548541,2016/04/29,Enterprise,23,1,1,1.00,"High Risk"
345000000000000,5637736,2016/04/29,Dublin,0,2,2,1.00,"High Risk"
346000000000000,5623910,2016/04/29,Jasper,3,0,NULL,NULL,"New Patient - Monitor"
348000000000000,5640173,2016/04/29,"Mount Arlington",0,0,NULL,NULL,"New Patient - Monitor"
349000000000000,5621004,2016/04/29,Plainfield,3,0,NULL,NULL,"New Patient - Monitor"
350000000000000,5531933,2016/04/29,"Bella Vista",29,0,NULL,NULL,"New Patient - Monitor"
351000000000000,5482393,2016/04/29,Charlotte,43,0,NULL,NULL,"New Patient - Monitor"
352000000000000,5640932,2016/04/29,Calhoun,0,0,NULL,NULL,"New Patient - Monitor"
352000000000000,5638091,2016/04/29,Calhoun,0,1,0,0.00,"Low Risk"
352000000000000,5714131,2016/05/24,"Oak Harbor",6,2,0,0.00,"Medium Risk"
353000000000000,5656357,2016/05/04,Shakopee,0,0,NULL,NULL,"New Patient - Monitor"
353000000000000,5559057,2016/05/10,"Bowling Green",32,1,0,0.00,"High Risk"
354000000000000,5351190,2016/04/29,Huntingdon,73,0,NULL,NULL,"New Patient - Monitor"
356000000000000,5475541,2016/04/29,Moore,44,0,NULL,NULL,"New Patient - Monitor"
358000000000000,5560813,2016/04/29,Dublin,21,0,NULL,NULL,"New Patient - Monitor"
359000000000000,5618139,2016/04/29,Bryant,3,0,NULL,NULL,"New Patient - Monitor"
359000000000000,5588306,2016/04/29,"Cripple Creek",14,1,1,1.00,"High Risk"
359000000000000,5544397,2016/05/03,Cambridge,28,2,1,0.50,"High Risk"
362000000000000,5560511,2016/04/29,Lubbock,21,0,NULL,NULL,"New Patient - Monitor"
362000000000000,5615529,2016/05/02,Worthington,7,1,0,0.00,"Medium Risk"
366000000000000,5529852,2016/04/29,Hampton,29,0,NULL,NULL,"New Patient - Monitor"
366000000000000,5612155,2016/04/29,"Williams Bay",4,1,0,0.00,"Medium Risk"
366000000000000,5642477,2016/04/29,Batesville,0,2,1,0.50,"High Risk"
366000000000000,5590381,2016/04/29,"Joshua Tree",14,3,1,0.33,"High Risk"
366000000000000,5732388,2016/05/30,Douglasville,6,4,1,0.25,"Medium Risk"
367000000000000,5676100,2016/05/11,Corbin,2,0,NULL,NULL,"New Patient - Monitor"
367000000000000,5684591,2016/05/17,"Cedar Rapids",6,1,0,0.00,"Medium Risk"
367000000000000,5732367,2016/05/30,Hartford,6,2,0,0.00,"Medium Risk"
368000000000000,5626732,2016/04/29,Columbus,2,0,NULL,NULL,"New Patient - Monitor"
368000000000000,5637561,2016/04/29,Victorville,0,1,0,0.00,"Low Risk"
368000000000000,5673304,2016/05/17,"Grand Junction",8,2,0,0.00,"High Risk"
368000000000000,5692637,2016/05/25,Albany,13,3,0,0.00,"High Risk"
369000000000000,5626935,2016/04/29,"Miles City",2,0,NULL,NULL,"New Patient - Monitor"
369000000000000,5680691,2016/05/12,Huntingdon,2,1,0,0.00,"Low Risk"
371000000000000,5626501,2016/04/29,Vandalia,2,0,NULL,NULL,"New Patient - Monitor"
372000000000000,5668907,2016/05/06,Coralville,0,0,NULL,NULL,"New Patient - Monitor"
372000000000000,5680566,2016/05/11,Columbia,1,1,0,0.00,"Low Risk"
373000000000000,5520889,2016/04/29,"Forest Grove",31,0,NULL,NULL,"New Patient - Monitor"
373000000000000,5571906,2016/04/29,Orlando,17,1,0,0.00,"High Risk"
373000000000000,5604093,2016/04/29,Bryant,9,2,0,0.00,"High Risk"
373000000000000,5639056,2016/04/29,Raleigh,0,3,0,0.00,"Low Risk"
374000000000000,5498615,2016/04/29,Douglasville,38,0,NULL,NULL,"New Patient - Monitor"
374000000000000,5364513,2016/05/09,"Fort Worth",81,1,1,1.00,"High Risk"
374000000000000,5683563,2016/05/11,"Fort Worth",0,2,1,0.50,"High Risk"
375000000000000,5626200,2016/04/29,Owasso,2,0,NULL,NULL,"New Patient - Monitor"
378000000000000,5351207,2016/04/29,Columbus,73,0,NULL,NULL,"New Patient - Monitor"
379000000000000,5551523,2016/04/29,"Mount Arlington",23,0,NULL,NULL,"New Patient - Monitor"
380000000000000,5677126,2016/05/20,Dublin,11,0,NULL,NULL,"New Patient - Monitor"
385000000000000,5616112,2016/04/29,Saginaw,4,0,NULL,NULL,"New Patient - Monitor"
385000000000000,5719585,2016/05/25,Albany,6,1,0,0.00,"Medium Risk"
386000000000000,5629014,2016/04/29,Orlando,2,0,NULL,NULL,"New Patient - Monitor"
387000000000000,5592232,2016/04/29,Douglasville,11,0,NULL,NULL,"New Patient - Monitor"
387000000000000,5694567,2016/05/17,Cary,4,1,0,0.00,"Medium Risk"
388000000000000,5639438,2016/04/29,"Cripple Creek",0,0,NULL,NULL,"New Patient - Monitor"
389000000000000,5732053,2016/05/24,"Bowling Green",0,0,NULL,NULL,"New Patient - Monitor"
391000000000000,5581284,2016/04/29,Auburn,15,0,NULL,NULL,"New Patient - Monitor"
391000000000000,5681975,2016/05/12,Corbin,2,1,0,0.00,"Low Risk"
392000000000000,5638283,2016/04/29,Vandalia,0,0,NULL,NULL,"New Patient - Monitor"
392000000000000,5639833,2016/04/29,Batesville,0,1,0,0.00,"Low Risk"
392000000000000,5510049,2016/04/29,Sikeston,37,2,0,0.00,"High Risk"
392000000000000,5719705,2016/05/25,"Battle Creek",6,3,0,0.00,"Medium Risk"
393000000000000,5638273,2016/04/29,Hampton,0,0,NULL,NULL,"New Patient - Monitor"
394000000000000,5640559,2016/04/29,Hartford,0,0,NULL,NULL,"New Patient - Monitor"
394000000000000,5648612,2016/05/02,"Battle Creek",0,1,0,0.00,"Low Risk"
395000000000000,5634061,2016/04/29,Lamar,1,0,NULL,NULL,"New Patient - Monitor"
395000000000000,5573866,2016/04/29,Columbus,17,1,0,0.00,"High Risk"
396000000000000,5510420,2016/04/29,Livermore,37,0,NULL,NULL,"New Patient - Monitor"
396000000000000,5641075,2016/04/29,Plainfield,0,1,0,0.00,"Low Risk"
396000000000000,5639298,2016/04/29,Columbia,0,2,0,0.00,"Low Risk"
396000000000000,5628413,2016/04/29,Lagrange,2,3,0,0.00,"Low Risk"
397000000000000,5642659,2016/04/29,Roanoke,0,0,NULL,NULL,"New Patient - Monitor"
397000000000000,5576223,2016/04/29,"Oak Harbor",16,1,0,0.00,"High Risk"
398000000000000,5606634,2016/04/29,"Fort Worth",9,0,NULL,NULL,"New Patient - Monitor"
398000000000000,5574805,2016/05/17,Eugene,35,1,1,1.00,"High Risk"
399000000000000,5496974,2016/04/29,Albany,39,0,NULL,NULL,"New Patient - Monitor"
399000000000000,5496971,2016/04/29,Albany,39,1,0,0.00,"High Risk"
400000000000000,5670928,2016/05/10,"Lake Lure",4,0,NULL,NULL,"New Patient - Monitor"
412000000000000,5491952,2016/04/29,Roanoke,39,0,NULL,NULL,"New Patient - Monitor"
414000000000000,5592225,2016/04/29,"Lenoir City",11,0,NULL,NULL,"New Patient - Monitor"
414000000000000,5601890,2016/04/29,Albuquerque,10,1,0,0.00,"High Risk"
414000000000000,5677136,2016/05/16,Columbia,7,2,1,0.50,"High Risk"
414000000000000,5712426,2016/05/20,Blythewood,2,3,2,0.67,"High Risk"
416000000000000,5576397,2016/04/29,Victorville,16,0,NULL,NULL,"New Patient - Monitor"
417000000000000,5641054,2016/04/29,Woodland,0,0,NULL,NULL,"New Patient - Monitor"
417000000000000,5638977,2016/04/29,Oconomowoc,0,1,0,0.00,"Low Risk"
417000000000000,5642799,2016/04/29,"Twin Mountain",0,2,0,0.00,"Low Risk"
419000000000000,5631652,2016/04/29,Vandalia,1,0,NULL,NULL,"New Patient - Monitor"
419000000000000,5595748,2016/04/29,"Bella Vista",11,1,1,1.00,"High Risk"
419000000000000,5595732,2016/04/29,Dahlonega,11,2,2,1.00,"High Risk"
419000000000000,5619688,2016/04/29,Douglasville,3,3,3,1.00,"High Risk"
419000000000000,5711021,2016/05/18,"Elk City",0,4,3,0.75,"High Risk"
420000000000000,5640259,2016/04/29,Griffin,0,0,NULL,NULL,"New Patient - Monitor"
421000000000000,5544183,2016/04/29,Albany,24,0,NULL,NULL,"New Patient - Monitor"
422000000000000,5521829,2016/04/29,Albuquerque,31,0,NULL,NULL,"New Patient - Monitor"
422000000000000,5740041,2016/05/31,Douglasville,6,1,0,0.00,"Medium Risk"
424000000000000,5499155,2016/04/29,Russellville,38,0,NULL,NULL,"New Patient - Monitor"
425000000000000,5589488,2016/04/29,"Forest Grove",14,0,NULL,NULL,"New Patient - Monitor"
425000000000000,5659019,2016/05/06,Gardena,2,1,0,0.00,"Low Risk"
426000000000000,5640339,2016/04/29,Albuquerque,0,0,NULL,NULL,"New Patient - Monitor"
427000000000000,5639206,2016/04/29,Albany,0,0,NULL,NULL,"New Patient - Monitor"
427000000000000,5642059,2016/04/29,"Miles City",0,1,0,0.00,"Low Risk"
427000000000000,5641850,2016/04/29,Cary,0,2,1,0.50,"High Risk"
428000000000000,5464566,2016/04/29,Eugene,46,0,NULL,NULL,"New Patient - Monitor"
428000000000000,5641662,2016/04/29,Winthrop,0,1,1,1.00,"High Risk"
428000000000000,5562156,2016/04/29,Alpharetta,21,2,1,0.50,"High Risk"
428000000000000,5633526,2016/04/29,Gardena,1,3,1,0.33,"Medium Risk"
430000000000000,5639831,2016/04/29,Albany,0,0,NULL,NULL,"New Patient - Monitor"
430000000000000,5641215,2016/05/03,"Twin Mountain",4,1,0,0.00,"Medium Risk"
430000000000000,5673680,2016/05/09,Spearfish,0,2,0,0.00,"Low Risk"
431000000000000,5640380,2016/04/29,"Forest Grove",0,0,NULL,NULL,"New Patient - Monitor"
432000000000000,5365456,2016/05/11,Calhoun,83,0,NULL,NULL,"New Patient - Monitor"
432000000000000,5711900,2016/05/18,Shreveport,0,1,0,0.00,"Low Risk"
433000000000000,5635392,2016/05/04,"Battle Creek",6,0,NULL,NULL,"New Patient - Monitor"
433000000000000,5704994,2016/05/25,Bradenton,9,1,0,0.00,"High Risk"
434000000000000,5574773,2016/04/29,Vandalia,17,0,NULL,NULL,"New Patient - Monitor"
434000000000000,5639276,2016/04/29,Tyler,0,1,0,0.00,"Low Risk"
434000000000000,5522735,2016/04/29,"Bowling Green",31,2,0,0.00,"High Risk"
434000000000000,5639864,2016/04/29,"Mount Arlington",0,3,0,0.00,"Low Risk"
434000000000000,5639863,2016/04/29,Livermore,0,4,0,0.00,"Low Risk"
434000000000000,5636757,2016/05/02,Gooding,4,5,0,0.00,"Medium Risk"
434000000000000,5719690,2016/05/24,"Fort Worth",5,6,0,0.00,"Medium Risk"
435000000000000,5641808,2016/04/29,Gardena,0,0,NULL,NULL,"New Patient - Monitor"
435000000000000,5615592,2016/05/02,Bradenton,7,1,0,0.00,"Medium Risk"
438000000000000,5538524,2016/04/29,Cary,28,0,NULL,NULL,"New Patient - Monitor"
439000000000000,5661395,2016/05/06,Vandalia,1,0,NULL,NULL,"New Patient - Monitor"
439000000000000,5687305,2016/05/16,"Miles City",5,1,0,0.00,"Medium Risk"
441000000000000,5543328,2016/04/29,Silverton,24,0,NULL,NULL,"New Patient - Monitor"
441000000000000,5639223,2016/04/29,Dublin,0,1,0,0.00,"Low Risk"
442000000000000,5640787,2016/04/29,Oconomowoc,0,0,NULL,NULL,"New Patient - Monitor"
442000000000000,5682693,2016/05/13,Leesburg,3,1,0,0.00,"Low Risk"
442000000000000,5740652,2016/05/30,Columbus,5,2,1,0.50,"High Risk"
443000000000000,5525670,2016/04/29,Moore,30,0,NULL,NULL,"New Patient - Monitor"
443000000000000,5680172,2016/05/11,Lexington,1,1,0,0.00,"Low Risk"
443000000000000,5718753,2016/05/31,Troy,12,2,0,0.00,"High Risk"
444000000000000,5637909,2016/04/29,"Battle Creek",0,0,NULL,NULL,"New Patient - Monitor"
444000000000000,5639773,2016/04/29,"Bay City",0,1,0,0.00,"Low Risk"
444000000000000,5488362,2016/04/29,Blythewood,42,2,0,0.00,"High Risk"
446000000000000,5569575,2016/04/29,Chattanooga,18,0,NULL,NULL,"New Patient - Monitor"
449000000000000,5604164,2016/04/29,Raleigh,9,0,NULL,NULL,"New Patient - Monitor"
450000000000000,5627832,2016/04/29,Shakopee,2,0,NULL,NULL,"New Patient - Monitor"
453000000000000,5670900,2016/05/09,"Castle Rock",3,0,NULL,NULL,"New Patient - Monitor"
454000000000000,5637941,2016/04/29,Harrison,0,0,NULL,NULL,"New Patient - Monitor"
455000000000000,5606126,2016/04/29,Bradenton,9,0,NULL,NULL,"New Patient - Monitor"
455000000000000,5552816,2016/05/11,Dublin,35,1,0,0.00,"High Risk"
456000000000000,5609278,2016/04/29,Irmo,9,0,NULL,NULL,"New Patient - Monitor"
456000000000000,5540024,2016/04/29,Mercer,28,1,0,0.00,"High Risk"
456000000000000,5677108,2016/05/19,"Eau Claire",10,2,0,0.00,"High Risk"
459000000000000,5479047,2016/04/29,"Fort Collins",44,0,NULL,NULL,"New Patient - Monitor"
459000000000000,5578348,2016/05/10,"El Reno",27,1,0,0.00,"High Risk"
459000000000000,5725087,2016/05/25,"Battle Creek",5,2,1,0.50,"High Risk"
459000000000000,5690740,2016/05/25,Sikeston,13,3,1,0.33,"High Risk"
460000000000000,5636922,2016/04/29,"Bowling Green",1,0,NULL,NULL,"New Patient - Monitor"
461000000000000,5639398,2016/04/29,Cary,0,0,NULL,NULL,"New Patient - Monitor"
462000000000000,5554730,2016/05/17,Leesburg,40,0,NULL,NULL,"New Patient - Monitor"
463000000000000,5631787,2016/04/29,Bryant,1,0,NULL,NULL,"New Patient - Monitor"
465000000000000,5625128,2016/04/29,Coralville,2,0,NULL,NULL,"New Patient - Monitor"
466000000000000,5589817,2016/05/25,"Fort Collins",40,0,NULL,NULL,"New Patient - Monitor"
468000000000000,5471732,2016/04/29,"Forest Grove",45,0,NULL,NULL,"New Patient - Monitor"
469000000000000,5639474,2016/04/29,Vandalia,0,0,NULL,NULL,"New Patient - Monitor"
472000000000000,5538532,2016/04/29,Lamar,28,0,NULL,NULL,"New Patient - Monitor"
473000000000000,5634024,2016/04/29,Saginaw,1,0,NULL,NULL,"New Patient - Monitor"
473000000000000,5538364,2016/05/02,Columbia,31,1,0,0.00,"High Risk"
473000000000000,5654125,2016/05/09,Cooperstown,6,2,1,0.50,"High Risk"
474000000000000,5726067,2016/05/20,Douglasville,0,0,NULL,NULL,"New Patient - Monitor"
475000000000000,5600005,2016/04/29,Dahlonega,10,0,NULL,NULL,"New Patient - Monitor"
476000000000000,5618637,2016/04/29,Dahlonega,3,0,NULL,NULL,"New Patient - Monitor"
476000000000000,5520021,2016/04/29,Livermore,31,1,0,0.00,"High Risk"
476000000000000,5637310,2016/04/29,Sikeston,1,2,0,0.00,"Low Risk"
477000000000000,5628720,2016/04/29,"Charles Town",2,0,NULL,NULL,"New Patient - Monitor"
477000000000000,5639295,2016/04/29,Cambridge,0,1,0,0.00,"Low Risk"
478000000000000,5611875,2016/04/29,Albany,4,0,NULL,NULL,"New Patient - Monitor"
479000000000000,5544176,2016/04/29,"Saint Mary",24,0,NULL,NULL,"New Patient - Monitor"
479000000000000,5517066,2016/04/29,Cambridge,32,1,1,1.00,"High Risk"
479000000000000,5452800,2016/04/29,Billings,50,2,2,1.00,"High Risk"
479000000000000,5618125,2016/04/29,Griffin,3,3,2,0.67,"High Risk"
479000000000000,5698765,2016/05/16,Grayling,0,4,3,0.75,"High Risk"
482000000000000,5637494,2016/04/29,Livermore,0,0,NULL,NULL,"New Patient - Monitor"
483000000000000,5634057,2016/04/29,Saginaw,1,0,NULL,NULL,"New Patient - Monitor"
484000000000000,5631800,2016/04/29,Billings,1,0,NULL,NULL,"New Patient - Monitor"
485000000000000,5639847,2016/04/29,Charlotte,0,0,NULL,NULL,"New Patient - Monitor"
485000000000000,5615518,2016/05/05,Orlando,10,1,0,0.00,"High Risk"
485000000000000,5615553,2016/05/05,Joplin,10,2,0,0.00,"High Risk"
485000000000000,5732479,2016/05/30,Blythewood,6,3,0,0.00,"Medium Risk"
486000000000000,5640646,2016/05/03,Billings,4,0,NULL,NULL,"New Patient - Monitor"
486000000000000,5677109,2016/05/19,Dublin,10,1,1,1.00,"High Risk"
487000000000000,5508753,2016/04/29,"Eau Claire",37,0,NULL,NULL,"New Patient - Monitor"
487000000000000,5637479,2016/04/29,"Fort Worth",0,1,0,0.00,"Low Risk"
487000000000000,5548956,2016/05/04,Lexington,28,2,0,0.00,"High Risk"
488000000000000,5629728,2016/04/29,Dublin,2,0,NULL,NULL,"New Patient - Monitor"
489000000000000,5676111,2016/05/12,Coralville,3,0,NULL,NULL,"New Patient - Monitor"
492000000000000,5634338,2016/04/29,Dublin,1,0,NULL,NULL,"New Patient - Monitor"
494000000000000,5638561,2016/04/29,Lagrange,0,0,NULL,NULL,"New Patient - Monitor"
495000000000000,5631083,2016/04/29,Corbin,2,0,NULL,NULL,"New Patient - Monitor"
496000000000000,5598698,2016/05/02,Enterprise,13,0,NULL,NULL,"New Patient - Monitor"
496000000000000,5668152,2016/05/06,"Fort Worth",0,1,1,1.00,"High Risk"
497000000000000,5638215,2016/04/29,Roanoke,0,0,NULL,NULL,"New Patient - Monitor"
497000000000000,5604082,2016/04/29,Hampton,9,1,0,0.00,"High Risk"
498000000000000,5571762,2016/04/29,Saginaw,17,0,NULL,NULL,"New Patient - Monitor"
498000000000000,5630226,2016/04/29,Victorville,2,1,0,0.00,"Low Risk"
498000000000000,5653374,2016/05/05,"Fort Wayne",2,2,0,0.00,"Low Risk"
499000000000000,5646388,2016/05/10,Saginaw,8,0,NULL,NULL,"New Patient - Monitor"
499000000000000,5723431,2016/05/20,Batesville,0,1,0,0.00,"Low Risk"
512000000000000,5716221,2016/05/20,"Fort Wayne",2,0,NULL,NULL,"New Patient - Monitor"
513000000000000,5615527,2016/05/02,Calhoun,7,0,NULL,NULL,"New Patient - Monitor"
514000000000000,5500713,2016/04/29,Gorham,38,0,NULL,NULL,"New Patient - Monitor"
514000000000000,5545857,2016/04/29,Princeton,24,1,1,1.00,"High Risk"
514000000000000,5484437,2016/04/29,Dahlonega,43,2,1,0.50,"High Risk"
514000000000000,5662133,2016/05/05,"Detroit Lakes",0,3,1,0.33,"Medium Risk"
514000000000000,5662140,2016/05/05,Albuquerque,0,4,1,0.25,"Medium Risk"
515000000000000,5639677,2016/04/29,Plainfield,0,0,NULL,NULL,"New Patient - Monitor"
516000000000000,5528073,2016/04/29,Charlotte,30,0,NULL,NULL,"New Patient - Monitor"
518000000000000,5604006,2016/04/29,Princeton,9,0,NULL,NULL,"New Patient - Monitor"
518000000000000,5638841,2016/04/29,Plainfield,0,1,0,0.00,"Low Risk"
518000000000000,5516767,2016/05/09,Ogunquit,42,2,0,0.00,"High Risk"
520000000000000,5637521,2016/04/29,Oconomowoc,0,0,NULL,NULL,"New Patient - Monitor"
522000000000000,5641550,2016/04/29,Columbus,0,0,NULL,NULL,"New Patient - Monitor"
522000000000000,5693752,2016/05/13,"Fort Collins",0,1,0,0.00,"Low Risk"
523000000000000,5640821,2016/04/29,Columbus,0,0,NULL,NULL,"New Patient - Monitor"
523000000000000,5454983,2016/04/29,Bryant,50,1,0,0.00,"High Risk"
524000000000000,5750330,2016/05/31,Eugene,0,0,NULL,NULL,"New Patient - Monitor"
525000000000000,5581952,2016/05/19,Lexington,35,0,NULL,NULL,"New Patient - Monitor"
526000000000000,5604293,2016/04/29,"Castle Rock",9,0,NULL,NULL,"New Patient - Monitor"
526000000000000,5642545,2016/04/29,Dublin,0,1,0,0.00,"Low Risk"
526000000000000,5700902,2016/05/25,Dublin,9,2,0,0.00,"High Risk"
528000000000000,5600458,2016/04/29,Vandalia,10,0,NULL,NULL,"New Patient - Monitor"
529000000000000,5640371,2016/04/29,"Fort Wayne",0,0,NULL,NULL,"New Patient - Monitor"
529000000000000,5637469,2016/04/29,Calhoun,0,1,0,0.00,"Low Risk"
529000000000000,5637001,2016/04/29,Shreveport,1,2,0,0.00,"Low Risk"
529000000000000,5642095,2016/04/29,Bryant,0,3,1,0.33,"Medium Risk"
530000000000000,5709057,2016/05/19,Coralville,2,0,NULL,NULL,"New Patient - Monitor"
533000000000000,5525572,2016/04/29,Moore,30,0,NULL,NULL,"New Patient - Monitor"
533000000000000,5537870,2016/04/29,Chattanooga,28,1,0,0.00,"High Risk"
533000000000000,5537871,2016/04/29,Plainfield,28,2,1,0.50,"High Risk"
534000000000000,5575654,2016/04/29,Hartford,16,0,NULL,NULL,"New Patient - Monitor"
535000000000000,5739998,2016/05/31,Boone,6,0,NULL,NULL,"New Patient - Monitor"
536000000000000,5637765,2016/04/29,Columbia,0,0,NULL,NULL,"New Patient - Monitor"
536000000000000,5641811,2016/04/29,Raleigh,0,1,0,0.00,"Low Risk"
536000000000000,5637779,2016/04/29,Raleigh,0,2,0,0.00,"Low Risk"
536000000000000,5639176,2016/04/29,"Clinton Township",0,3,0,0.00,"Low Risk"
536000000000000,5614877,2016/04/29,"Castle Rock",4,4,0,0.00,"Medium Risk"
536000000000000,5694773,2016/05/18,"Fort Wayne",5,5,0,0.00,"Medium Risk"
536000000000000,5719589,2016/05/25,Blythewood,6,6,1,0.17,"Medium Risk"
537000000000000,5700547,2016/05/16,"Castle Rock",0,0,NULL,NULL,"New Patient - Monitor"
538000000000000,5638473,2016/04/29,Garberville,0,0,NULL,NULL,"New Patient - Monitor"
539000000000000,5511875,2016/04/29,"Cripple Creek",32,0,NULL,NULL,"New Patient - Monitor"
540000000000000,5639232,2016/04/29,Mullins,0,0,NULL,NULL,"New Patient - Monitor"
544000000000000,5676101,2016/05/11,"Battle Creek",2,0,NULL,NULL,"New Patient - Monitor"
544000000000000,5627066,2016/05/30,Appleton,33,1,0,0.00,"High Risk"
545000000000000,5617440,2016/04/29,Gardena,4,0,NULL,NULL,"New Patient - Monitor"
545000000000000,5736242,2016/05/25,Albuquerque,0,1,0,0.00,"Low Risk"
546000000000000,5640669,2016/04/29,Raleigh,0,0,NULL,NULL,"New Patient - Monitor"
546000000000000,5697109,2016/05/17,"Johnson City",4,1,0,0.00,"Medium Risk"
548000000000000,5625105,2016/04/29,Calhoun,2,0,NULL,NULL,"New Patient - Monitor"
548000000000000,5737984,2016/05/30,"Cedar Rapids",5,1,0,0.00,"Medium Risk"
549000000000000,5521710,2016/04/29,"Battle Creek",31,0,NULL,NULL,"New Patient - Monitor"
549000000000000,5715951,2016/05/20,Orlando,2,1,1,1.00,"High Risk"
550000000000000,5537281,2016/04/29,Russellville,28,0,NULL,NULL,"New Patient - Monitor"
552000000000000,5538115,2016/04/29,Bryant,28,0,NULL,NULL,"New Patient - Monitor"
552000000000000,5576282,2016/04/29,Mullins,16,1,0,0.00,"High Risk"
552000000000000,5551414,2016/05/02,Cary,26,2,0,0.00,"High Risk"
552000000000000,5715948,2016/05/20,"Lenoir City",2,3,1,0.33,"Medium Risk"
552000000000000,5749043,2016/05/31,Dublin,0,4,1,0.25,"Medium Risk"
554000000000000,5699723,2016/05/16,Hartford,0,0,NULL,NULL,"New Patient - Monitor"
554000000000000,5635297,2016/05/31,Columbia,33,1,0,0.00,"High Risk"
555000000000000,5633162,2016/04/29,Dublin,1,0,NULL,NULL,"New Patient - Monitor"
555000000000000,5567996,2016/04/29,Dublin,18,1,0,0.00,"High Risk"
556000000000000,5523026,2016/04/29,Dahlonega,31,0,NULL,NULL,"New Patient - Monitor"
556000000000000,5523027,2016/04/29,"Mount Arlington",31,1,0,0.00,"High Risk"
557000000000000,5591488,2016/04/29,Albany,14,0,NULL,NULL,"New Patient - Monitor"
557000000000000,5668258,2016/05/11,Enterprise,5,1,0,0.00,"Medium Risk"
559000000000000,5642503,2016/04/29,Woodland,0,0,NULL,NULL,"New Patient - Monitor"
559000000000000,5377063,2016/04/29,Raleigh,67,1,0,0.00,"High Risk"
559000000000000,5642211,2016/04/29,Calhoun,0,2,0,0.00,"Low Risk"
560000000000000,5638930,2016/04/29,Deerfield,0,0,NULL,NULL,"New Patient - Monitor"
560000000000000,5682690,2016/05/13,Dahlonega,3,1,0,0.00,"Low Risk"
560000000000000,5719698,2016/05/25,Columbia,6,2,1,0.50,"High Risk"
561000000000000,5615582,2016/05/06,Dahlonega,11,0,NULL,NULL,"New Patient - Monitor"
563000000000000,5641239,2016/04/29,Oconomowoc,0,0,NULL,NULL,"New Patient - Monitor"
563000000000000,5642488,2016/04/29,Irmo,0,1,0,0.00,"Low Risk"
564000000000000,5642479,2016/04/29,"Fort Wayne",0,0,NULL,NULL,"New Patient - Monitor"
564000000000000,5641470,2016/04/29,"Cripple Creek",0,1,0,0.00,"Low Risk"
565000000000000,5638424,2016/04/29,Boone,0,0,NULL,NULL,"New Patient - Monitor"
567000000000000,5634718,2016/04/29,Altoona,1,0,NULL,NULL,"New Patient - Monitor"
567000000000000,5525501,2016/04/29,"Saint Mary",30,1,0,0.00,"High Risk"
567000000000000,5525500,2016/04/29,Gretna,30,2,0,0.00,"High Risk"
568000000000000,5687283,2016/05/16,"Miles City",5,0,NULL,NULL,"New Patient - Monitor"
570000000000000,5617077,2016/04/29,"Max Meadows",4,0,NULL,NULL,"New Patient - Monitor"
570000000000000,5641814,2016/04/29,"Max Meadows",0,1,0,0.00,"Low Risk"
572000000000000,5620308,2016/04/29,"Clinton Township",3,0,NULL,NULL,"New Patient - Monitor"
572000000000000,5637831,2016/04/29,"Bay City",0,1,0,0.00,"Low Risk"
574000000000000,5748528,2016/05/31,Boone,0,0,NULL,NULL,"New Patient - Monitor"
575000000000000,5638520,2016/04/29,Batesville,0,0,NULL,NULL,"New Patient - Monitor"
575000000000000,5626765,2016/04/29,Shreveport,2,1,0,0.00,"Low Risk"
576000000000000,5639057,2016/04/29,Dublin,0,0,NULL,NULL,"New Patient - Monitor"
577000000000000,5640611,2016/04/29,"Charles Town",0,0,NULL,NULL,"New Patient - Monitor"
580000000000000,5547828,2016/04/29,"Cripple Creek",23,0,NULL,NULL,"New Patient - Monitor"
583000000000000,5584768,2016/05/18,"Fort Collins",34,0,NULL,NULL,"New Patient - Monitor"
584000000000000,5532810,2016/05/04,"Fort Worth",34,0,NULL,NULL,"New Patient - Monitor"
584000000000000,5658318,2016/05/16,Lexington,12,1,0,0.00,"High Risk"
587000000000000,5561394,2016/05/03,"Fort Collins",25,0,NULL,NULL,"New Patient - Monitor"
588000000000000,5574391,2016/04/29,"Rocky Mount",17,0,NULL,NULL,"New Patient - Monitor"
588000000000000,5595483,2016/04/29,"Saint Mary",11,1,0,0.00,"High Risk"
588000000000000,5595476,2016/04/29,"Fort Collins",11,2,0,0.00,"High Risk"
588000000000000,5537066,2016/04/29,Bryant,28,3,0,0.00,"High Risk"
592000000000000,5639975,2016/04/29,Coralville,0,0,NULL,NULL,"New Patient - Monitor"
592000000000000,5668393,2016/05/06,Newport,0,1,0,0.00,"Low Risk"
593000000000000,5604270,2016/04/29,Deerfield,9,0,NULL,NULL,"New Patient - Monitor"
593000000000000,5639193,2016/04/29,Gardena,0,1,0,0.00,"Low Risk"
594000000000000,5606025,2016/04/29,"Fort Worth",9,0,NULL,NULL,"New Patient - Monitor"
595000000000000,5572635,2016/04/29,Cambridge,17,0,NULL,NULL,"New Patient - Monitor"
595000000000000,5581983,2016/05/17,Lincolnton,33,1,0,0.00,"High Risk"
597000000000000,5642791,2016/04/29,Columbia,0,0,NULL,NULL,"New Patient - Monitor"
597000000000000,5637062,2016/04/29,Lubbock,1,1,0,0.00,"Low Risk"
597000000000000,5615071,2016/04/29,Lagrange,4,2,0,0.00,"Medium Risk"
598000000000000,5565582,2016/04/29,"Mount Arlington",18,0,NULL,NULL,"New Patient - Monitor"
611000000000000,5463267,2016/05/02,Eugene,49,0,NULL,NULL,"New Patient - Monitor"
612000000000000,5685087,2016/05/11,"Palm Springs",0,0,NULL,NULL,"New Patient - Monitor"
612000000000000,5707568,2016/05/17,Albany,0,1,0,0.00,"Low Risk"
613000000000000,5625496,2016/05/16,Griffin,19,0,NULL,NULL,"New Patient - Monitor"
614000000000000,5459049,2016/04/29,Alpharetta,49,0,NULL,NULL,"New Patient - Monitor"
614000000000000,5459048,2016/04/29,Alpharetta,49,1,0,0.00,"High Risk"
617000000000000,5511476,2016/04/29,Gardena,32,0,NULL,NULL,"New Patient - Monitor"
619000000000000,5638083,2016/04/29,Auburn,0,0,NULL,NULL,"New Patient - Monitor"
620000000000000,5646979,2016/05/04,Livermore,2,0,NULL,NULL,"New Patient - Monitor"
622000000000000,5640989,2016/04/29,Oconomowoc,0,0,NULL,NULL,"New Patient - Monitor"
622000000000000,5626083,2016/04/29,Montgomery,2,1,0,0.00,"Low Risk"
623000000000000,5533700,2016/04/29,"Eau Claire",29,0,NULL,NULL,"New Patient - Monitor"
623000000000000,5629149,2016/04/29,"Rocky Mount",2,1,1,1.00,"High Risk"
624000000000000,5639309,2016/04/29,"Saint Louis",0,0,NULL,NULL,"New Patient - Monitor"
625000000000000,5629126,2016/04/29,Columbus,2,0,NULL,NULL,"New Patient - Monitor"
625000000000000,5587797,2016/04/29,Dublin,14,1,0,0.00,"High Risk"
625000000000000,5587796,2016/04/29,Bloomington,14,2,0,0.00,"High Risk"
625000000000000,5603619,2016/04/29,Jasper,9,3,0,0.00,"High Risk"
626000000000000,5532843,2016/04/29,Albuquerque,29,0,NULL,NULL,"New Patient - Monitor"
626000000000000,5532842,2016/04/29,"Fort Collins",29,1,0,0.00,"High Risk"
626000000000000,5740072,2016/05/31,"Miles City",6,2,0,0.00,"Medium Risk"
627000000000000,5657896,2016/05/04,Kuttawa,0,0,NULL,NULL,"New Patient - Monitor"
628000000000000,5683867,2016/05/11,Albuquerque,0,0,NULL,NULL,"New Patient - Monitor"
630000000000000,5624996,2016/04/29,Eugene,3,0,NULL,NULL,"New Patient - Monitor"
630000000000000,5709007,2016/05/19,Auburn,2,1,1,1.00,"High Risk"
631000000000000,5638729,2016/04/29,Cambridge,0,0,NULL,NULL,"New Patient - Monitor"
631000000000000,5639180,2016/04/29,Yellville,0,1,0,0.00,"Low Risk"
633000000000000,5639378,2016/04/29,Lamar,0,0,NULL,NULL,"New Patient - Monitor"
634000000000000,5637962,2016/04/29,Roanoke,0,0,NULL,NULL,"New Patient - Monitor"
634000000000000,5631095,2016/04/29,Woodland,2,1,0,0.00,"Low Risk"
634000000000000,5698212,2016/05/16,Dublin,0,2,1,0.50,"High Risk"
635000000000000,5626336,2016/04/29,Columbia,2,0,NULL,NULL,"New Patient - Monitor"
635000000000000,5547105,2016/04/29,Indianapolis,23,1,1,1.00,"High Risk"
635000000000000,5605462,2016/05/13,Dublin,23,2,1,0.50,"High Risk"
638000000000000,5644272,2016/05/05,Columbus,3,0,NULL,NULL,"New Patient - Monitor"
638000000000000,5543657,2016/05/18,Albuquerque,43,1,0,0.00,"High Risk"
641000000000000,5561035,2016/04/29,"Bay City",21,0,NULL,NULL,"New Patient - Monitor"
642000000000000,5642318,2016/04/29,Blythewood,0,0,NULL,NULL,"New Patient - Monitor"
642000000000000,5657832,2016/05/04,Albuquerque,0,1,0,0.00,"Low Risk"
643000000000000,5715168,2016/05/19,Dublin,1,0,NULL,NULL,"New Patient - Monitor"
644000000000000,5441632,2016/04/29,Cambridge,52,0,NULL,NULL,"New Patient - Monitor"
644000000000000,5615023,2016/04/29,"Eau Claire",4,1,0,0.00,"Medium Risk"
644000000000000,5705348,2016/05/17,"Soddy Daisy",0,2,1,0.50,"High Risk"
644000000000000,5708371,2016/05/18,Woodland,1,3,1,0.33,"Medium Risk"
644000000000000,5708372,2016/05/18,"Elk City",1,4,1,0.25,"Medium Risk"
645000000000000,5626290,2016/04/29,Albany,2,0,NULL,NULL,"New Patient - Monitor"
645000000000000,5637546,2016/04/29,"Williams Bay",0,1,0,0.00,"Low Risk"
646000000000000,5638231,2016/04/29,"Cedar Rapids",0,0,NULL,NULL,"New Patient - Monitor"
646000000000000,5639614,2016/05/03,Coralville,4,1,0,0.00,"Medium Risk"
647000000000000,5629130,2016/04/29,Batesville,2,0,NULL,NULL,"New Patient - Monitor"
647000000000000,5560357,2016/04/29,"Eau Claire",21,1,1,1.00,"High Risk"
647000000000000,5478890,2016/04/29,Walden,44,2,1,0.50,"High Risk"
647000000000000,5677116,2016/05/17,Orlando,8,3,2,0.67,"High Risk"
649000000000000,5618131,2016/04/29,Boone,3,0,NULL,NULL,"New Patient - Monitor"
649000000000000,5716217,2016/05/20,Livermore,2,1,0,0.00,"Low Risk"
650000000000000,5646362,2016/05/11,Saginaw,9,0,NULL,NULL,"New Patient - Monitor"
651000000000000,5626170,2016/04/29,Boone,2,0,NULL,NULL,"New Patient - Monitor"
652000000000000,5642656,2016/04/29,Albany,0,0,NULL,NULL,"New Patient - Monitor"
652000000000000,5639887,2016/04/29,"Clinton Township",0,1,0,0.00,"Low Risk"
653000000000000,5618503,2016/04/29,Roanoke,3,0,NULL,NULL,"New Patient - Monitor"
653000000000000,5668164,2016/05/06,"Forest Grove",0,1,0,0.00,"Low Risk"
653000000000000,5725193,2016/05/20,"Fort Worth",0,2,0,0.00,"Low Risk"
654000000000000,5633813,2016/04/29,"Fort Wayne",1,0,NULL,NULL,"New Patient - Monitor"
656000000000000,5501671,2016/04/29,Dahlonega,38,0,NULL,NULL,"New Patient - Monitor"
656000000000000,5707203,2016/05/17,Dublin,0,1,0,0.00,"Low Risk"
657000000000000,5630430,2016/04/29,Calhoun,2,0,NULL,NULL,"New Patient - Monitor"
658000000000000,5638546,2016/04/29,"Saint Louis",0,0,NULL,NULL,"New Patient - Monitor"
658000000000000,5666047,2016/05/09,Raleigh,4,1,0,0.00,"Medium Risk"
662000000000000,5588663,2016/04/29,Batesville,14,0,NULL,NULL,"New Patient - Monitor"
662000000000000,5600706,2016/05/02,"Castle Rock",13,1,0,0.00,"High Risk"
662000000000000,5615586,2016/05/02,Gardena,7,2,1,0.50,"High Risk"
662000000000000,5654709,2016/05/04,"Rocky Mount",1,3,1,0.33,"Medium Risk"
663000000000000,5637854,2016/04/29,"Little River",0,0,NULL,NULL,"New Patient - Monitor"
664000000000000,5666003,2016/05/09,Troy,4,0,NULL,NULL,"New Patient - Monitor"
664000000000000,5694767,2016/05/18,"Eau Claire",5,1,0,0.00,"Medium Risk"
664000000000000,5744175,2016/05/30,"Max Meadows",0,2,0,0.00,"Low Risk"
665000000000000,5640552,2016/04/29,Cambridge,0,0,NULL,NULL,"New Patient - Monitor"
665000000000000,5542660,2016/04/29,Livermore,24,1,0,0.00,"High Risk"
668000000000000,5633163,2016/04/29,Hampton,1,0,NULL,NULL,"New Patient - Monitor"
668000000000000,5583924,2016/05/24,"Fort Worth",40,1,0,0.00,"High Risk"
669000000000000,5639091,2016/04/29,Vandalia,0,0,NULL,NULL,"New Patient - Monitor"
669000000000000,5653367,2016/05/05,"Fort Worth",2,1,0,0.00,"Low Risk"
670000000000000,5506086,2016/04/29,Livermore,37,0,NULL,NULL,"New Patient - Monitor"
670000000000000,5640694,2016/05/02,Dallas,3,1,1,1.00,"High Risk"
671000000000000,5637855,2016/04/29,"Palm Springs",0,0,NULL,NULL,"New Patient - Monitor"
671000000000000,5646367,2016/05/12,Boone,10,1,0,0.00,"High Risk"
672000000000000,5565342,2016/04/29,"Bella Vista",18,0,NULL,NULL,"New Patient - Monitor"
673000000000000,5669923,2016/05/18,Charlotte,12,0,NULL,NULL,"New Patient - Monitor"
674000000000000,5613411,2016/04/29,"Castle Rock",4,0,NULL,NULL,"New Patient - Monitor"
674000000000000,5637533,2016/04/29,"Fort Worth",0,1,0,0.00,"Low Risk"
674000000000000,5716236,2016/05/20,Calhoun,2,2,0,0.00,"Low Risk"
675000000000000,5640116,2016/05/03,Madisonville,4,0,NULL,NULL,"New Patient - Monitor"
676000000000000,5631443,2016/04/29,Aspen,1,0,NULL,NULL,"New Patient - Monitor"
676000000000000,5556723,2016/05/03,Chattanooga,26,1,0,0.00,"High Risk"
677000000000000,5577289,2016/04/29,Dahlonega,16,0,NULL,NULL,"New Patient - Monitor"
677000000000000,5640082,2016/04/29,Roanoke,0,1,1,1.00,"High Risk"
677000000000000,5629128,2016/04/29,Gardena,2,2,1,0.50,"High Risk"
677000000000000,5640945,2016/04/29,"Eau Claire",0,3,1,0.33,"Medium Risk"
678000000000000,5713580,2016/05/19,Gooding,1,0,NULL,NULL,"New Patient - Monitor"
678000000000000,5722258,2016/05/25,Gooding,5,1,0,0.00,"Medium Risk"
678000000000000,5722247,2016/05/25,Montgomery,5,2,0,0.00,"Medium Risk"
683000000000000,5630275,2016/04/29,Victorville,2,0,NULL,NULL,"New Patient - Monitor"
684000000000000,5543891,2016/05/18,"Rocky Mount",43,0,NULL,NULL,"New Patient - Monitor"
685000000000000,5497830,2016/04/29,Mobile,38,0,NULL,NULL,"New Patient - Monitor"
686000000000000,5639329,2016/04/29,Roanoke,0,0,NULL,NULL,"New Patient - Monitor"
687000000000000,5613148,2016/04/29,Newport,4,0,NULL,NULL,"New Patient - Monitor"
687000000000000,5613149,2016/04/29,Oconomowoc,4,1,1,1.00,"High Risk"
689000000000000,5636741,2016/05/02,Leesburg,4,0,NULL,NULL,"New Patient - Monitor"
689000000000000,5600331,2016/05/31,Orlando,42,1,0,0.00,"High Risk"
689000000000000,5600332,2016/05/31,Columbia,42,2,0,0.00,"High Risk"
692000000000000,5572823,2016/04/29,Enterprise,17,0,NULL,NULL,"New Patient - Monitor"
692000000000000,5582636,2016/05/17,Hampton,33,1,0,0.00,"High Risk"
693000000000000,5632102,2016/04/29,Charlotte,1,0,NULL,NULL,"New Patient - Monitor"
693000000000000,5669420,2016/05/10,Huntingdon,4,1,0,0.00,"Medium Risk"
693000000000000,5470780,2016/05/10,Auburn,56,2,0,0.00,"High Risk"
693000000000000,5470779,2016/05/10,"Bay City",56,3,0,0.00,"High Risk"
694000000000000,5629172,2016/04/29,Douglasville,2,0,NULL,NULL,"New Patient - Monitor"
697000000000000,5710638,2016/05/18,Corbin,1,0,NULL,NULL,"New Patient - Monitor"
697000000000000,5705006,2016/05/25,Owasso,9,1,0,0.00,"High Risk"
697000000000000,5740667,2016/05/31,Burlington,6,2,0,0.00,"Medium Risk"
698000000000000,5642753,2016/04/29,"Mount Arlington",0,0,NULL,NULL,"New Patient - Monitor"
698000000000000,5499309,2016/04/29,Yellville,38,1,0,0.00,"High Risk"
698000000000000,5640252,2016/04/29,"Eau Claire",0,2,1,0.50,"High Risk"
698000000000000,5580306,2016/05/11,Woodland,28,3,1,0.33,"High Risk"
698000000000000,5592189,2016/05/20,Eugene,32,4,1,0.25,"High Risk"
699000000000000,5680556,2016/05/11,Raleigh,1,0,NULL,NULL,"New Patient - Monitor"
700000000000000,5505078,2016/04/29,Walden,37,0,NULL,NULL,"New Patient - Monitor"
700000000000000,5640426,2016/04/29,Tyler,0,1,1,1.00,"High Risk"
712000000000000,5502125,2016/04/29,Dublin,38,0,NULL,NULL,"New Patient - Monitor"
712000000000000,5600907,2016/04/29,Irmo,10,1,0,0.00,"High Risk"
712000000000000,5640834,2016/04/29,Cambridge,0,2,0,0.00,"Low Risk"
713000000000000,5598427,2016/04/29,Columbia,10,0,NULL,NULL,"New Patient - Monitor"
713000000000000,5626178,2016/04/29,Woodstock,2,1,0,0.00,"Low Risk"
713000000000000,5640101,2016/04/29,"Eau Claire",0,2,0,0.00,"Low Risk"
713000000000000,5634077,2016/04/29,Russellville,1,3,0,0.00,"Low Risk"
713000000000000,5641407,2016/04/29,Blythewood,0,4,0,0.00,"Low Risk"
713000000000000,5642472,2016/04/29,Cooperstown,0,5,0,0.00,"Low Risk"
713000000000000,5639652,2016/04/29,Silverton,0,6,0,0.00,"Low Risk"
713000000000000,5615534,2016/05/03,Columbus,8,7,0,0.00,"High Risk"
713000000000000,5677112,2016/05/16,Raleigh,7,8,0,0.00,"Medium Risk"
715000000000000,5754133,2016/05/31,Vandalia,0,0,NULL,NULL,"New Patient - Monitor"
719000000000000,5515946,2016/04/29,"Fort Wayne",32,0,NULL,NULL,"New Patient - Monitor"
721000000000000,5523302,2016/04/29,Plainfield,31,0,NULL,NULL,"New Patient - Monitor"
721000000000000,5726938,2016/05/20,"Rocky Mount",0,1,0,0.00,"Low Risk"
723000000000000,5630211,2016/04/29,Albuquerque,2,0,NULL,NULL,"New Patient - Monitor"
723000000000000,5628402,2016/04/29,Lagrange,2,1,1,1.00,"High Risk"
723000000000000,5522443,2016/04/29,Raton,31,2,1,0.50,"High Risk"
723000000000000,5634154,2016/04/29,"Eau Claire",1,3,1,0.33,"Medium Risk"
723000000000000,5639788,2016/04/29,"Mount Arlington",0,4,1,0.25,"Medium Risk"
723000000000000,5636769,2016/05/02,"Cedar Rapids",4,5,1,0.20,"Medium Risk"
724000000000000,5399572,2016/04/29,Albany,63,0,NULL,NULL,"New Patient - Monitor"
724000000000000,5710730,2016/05/17,"Fort Wayne",0,1,1,1.00,"High Risk"
725000000000000,5646977,2016/05/04,Huntingdon,2,0,NULL,NULL,"New Patient - Monitor"
725000000000000,5730270,2016/05/24,"Max Meadows",0,1,0,0.00,"Low Risk"
726000000000000,5518661,2016/04/29,"Clinton Township",31,0,NULL,NULL,"New Patient - Monitor"
726000000000000,5634646,2016/04/29,"Fort Worth",1,1,0,0.00,"Low Risk"
727000000000000,5639482,2016/04/29,Sarasota,0,0,NULL,NULL,"New Patient - Monitor"
727000000000000,5487777,2016/04/29,Bryant,42,1,0,0.00,"High Risk"
727000000000000,5637926,2016/04/29,Eugene,0,2,0,0.00,"Low Risk"
732000000000000,5642808,2016/04/29,Victorville,0,0,NULL,NULL,"New Patient - Monitor"
732000000000000,5534886,2016/04/29,Calhoun,29,1,0,0.00,"High Risk"
733000000000000,5451245,2016/04/29,Griffin,50,0,NULL,NULL,"New Patient - Monitor"
734000000000000,5638430,2016/04/29,"Fort Worth",0,0,NULL,NULL,"New Patient - Monitor"
734000000000000,5639942,2016/04/29,Cambridge,0,1,0,0.00,"Low Risk"
734000000000000,5630279,2016/04/29,Montgomery,2,2,0,0.00,"Low Risk"
735000000000000,5531831,2016/04/29,Livermore,29,0,NULL,NULL,"New Patient - Monitor"
735000000000000,5630213,2016/04/29,Burlington,2,1,1,1.00,"High Risk"
735000000000000,5504986,2016/04/29,Tatum,37,2,1,0.50,"High Risk"
735000000000000,5640079,2016/04/29,Princeton,0,3,1,0.33,"Medium Risk"
736000000000000,5640976,2016/04/29,Troy,0,0,NULL,NULL,"New Patient - Monitor"
736000000000000,5617059,2016/04/29,Brockton,4,1,0,0.00,"Medium Risk"
736000000000000,5608828,2016/04/29,"El Reno",9,2,0,0.00,"High Risk"
736000000000000,5615565,2016/05/02,Gardena,7,3,0,0.00,"Medium Risk"
737000000000000,5598893,2016/04/29,Bryant,10,0,NULL,NULL,"New Patient - Monitor"
737000000000000,5566118,2016/04/29,Kuttawa,18,1,1,1.00,"High Risk"
737000000000000,5639501,2016/05/05,"Lake Lure",6,2,1,0.50,"High Risk"
737000000000000,5697864,2016/05/16,"Cedar Rapids",0,3,2,0.67,"High Risk"
739000000000000,5501785,2016/04/29,Batesville,38,0,NULL,NULL,"New Patient - Monitor"
740000000000000,5581341,2016/05/25,"Elk City",41,0,NULL,NULL,"New Patient - Monitor"
741000000000000,5634029,2016/04/29,Corbin,1,0,NULL,NULL,"New Patient - Monitor"
742000000000000,5625102,2016/04/29,Woodland,2,0,NULL,NULL,"New Patient - Monitor"
742000000000000,5676070,2016/05/11,Hartford,2,1,0,0.00,"Low Risk"
743000000000000,5501940,2016/04/29,Albany,38,0,NULL,NULL,"New Patient - Monitor"
743000000000000,5640871,2016/04/29,Roanoke,0,1,1,1.00,"High Risk"
744000000000000,5640565,2016/04/29,Livermore,0,0,NULL,NULL,"New Patient - Monitor"
744000000000000,5304747,2016/04/29,Columbus,91,1,0,0.00,"High Risk"
744000000000000,5599108,2016/04/29,Roanoke,10,2,0,0.00,"High Risk"
744000000000000,5536983,2016/04/29,"Cedar Rapids",28,3,0,0.00,"High Risk"
744000000000000,5641460,2016/04/29,"Castle Rock",0,4,1,0.25,"Medium Risk"
744000000000000,5615530,2016/05/02,Tyler,7,5,1,0.20,"Medium Risk"
745000000000000,5670816,2016/05/10,Dallas,4,0,NULL,NULL,"New Patient - Monitor"
747000000000000,5637867,2016/04/29,"Saint Mary",0,0,NULL,NULL,"New Patient - Monitor"
748000000000000,5611549,2016/04/29,Vandalia,4,0,NULL,NULL,"New Patient - Monitor"
748000000000000,5601172,2016/05/19,"Bella Vista",30,1,0,0.00,"High Risk"
748000000000000,5724708,2016/05/20,"Bowling Green",0,2,0,0.00,"Low Risk"
750000000000000,5638004,2016/04/29,"Delray Beach",0,0,NULL,NULL,"New Patient - Monitor"
750000000000000,5680544,2016/05/11,Raleigh,1,1,1,1.00,"High Risk"
752000000000000,5640126,2016/05/03,Warren,4,0,NULL,NULL,"New Patient - Monitor"
753000000000000,5545018,2016/04/29,Dahlonega,24,0,NULL,NULL,"New Patient - Monitor"
753000000000000,5640138,2016/05/03,"Mount Arlington",4,1,0,0.00,"Medium Risk"
754000000000000,5640408,2016/04/29,Eugene,0,0,NULL,NULL,"New Patient - Monitor"
755000000000000,5589890,2016/04/29,Griffin,14,0,NULL,NULL,"New Patient - Monitor"
755000000000000,5533852,2016/04/29,Gardena,29,1,1,1.00,"High Risk"
756000000000000,5609936,2016/04/29,Columbus,9,0,NULL,NULL,"New Patient - Monitor"
756000000000000,5632107,2016/04/29,Mercer,1,1,1,1.00,"High Risk"
757000000000000,5735768,2016/05/25,Sikeston,0,0,NULL,NULL,"New Patient - Monitor"
758000000000000,5522365,2016/04/29,"Saint Mary",31,0,NULL,NULL,"New Patient - Monitor"
758000000000000,5680538,2016/05/11,Albany,1,1,1,1.00,"High Risk"
758000000000000,5713399,2016/05/20,Burlington,2,2,1,0.50,"High Risk"
760000000000000,5590705,2016/04/29,Bryant,14,0,NULL,NULL,"New Patient - Monitor"
763000000000000,5653350,2016/05/05,Chattanooga,2,0,NULL,NULL,"New Patient - Monitor"
764000000000000,5631413,2016/04/29,Ogunquit,1,0,NULL,NULL,"New Patient - Monitor"
765000000000000,5639688,2016/04/29,"Charles Town",0,0,NULL,NULL,"New Patient - Monitor"
766000000000000,5638753,2016/04/29,"Miles City",0,0,NULL,NULL,"New Patient - Monitor"
766000000000000,5626039,2016/04/29,Livermore,2,1,0,0.00,"Low Risk"
766000000000000,5641434,2016/04/29,"Osage Beach",0,2,0,0.00,"Low Risk"
766000000000000,5708519,2016/05/17,"Max Meadows",0,3,0,0.00,"Low Risk"
767000000000000,5479226,2016/04/29,"Charles Town",44,0,NULL,NULL,"New Patient - Monitor"
767000000000000,5499243,2016/04/29,Brockton,38,1,0,0.00,"High Risk"
767000000000000,5743601,2016/05/30,Walden,0,2,0,0.00,"Low Risk"
767000000000000,5744498,2016/05/30,Dublin,0,3,0,0.00,"Low Risk"
768000000000000,5589857,2016/04/29,"Fort Wayne",14,0,NULL,NULL,"New Patient - Monitor"
768000000000000,5640882,2016/04/29,"Saint Louis",0,1,0,0.00,"Low Risk"
768000000000000,5616297,2016/04/29,Gardena,4,2,0,0.00,"Medium Risk"
769000000000000,5594912,2016/04/29,"El Reno",11,0,NULL,NULL,"New Patient - Monitor"
769000000000000,5589528,2016/04/29,Albuquerque,14,1,1,1.00,"High Risk"
769000000000000,5677113,2016/05/16,"Little River",7,2,1,0.50,"High Risk"
769000000000000,5728811,2016/05/24,Coralville,4,3,1,0.33,"Medium Risk"
769000000000000,5737297,2016/05/30,Dallas,5,4,1,0.25,"Medium Risk"
772000000000000,5677104,2016/05/16,Billings,7,0,NULL,NULL,"New Patient - Monitor"
773000000000000,5641927,2016/04/29,Harrison,0,0,NULL,NULL,"New Patient - Monitor"
774000000000000,5575768,2016/05/16,Oconomowoc,33,0,NULL,NULL,"New Patient - Monitor"
776000000000000,5641261,2016/04/29,Albany,0,0,NULL,NULL,"New Patient - Monitor"
776000000000000,5565844,2016/05/09,"Joshua Tree",28,1,0,0.00,"High Risk"
776000000000000,5695069,2016/05/13,Batesville,0,2,1,0.50,"High Risk"
778000000000000,5640762,2016/04/29,Vandalia,0,0,NULL,NULL,"New Patient - Monitor"
778000000000000,5637890,2016/04/29,Gooding,0,1,0,0.00,"Low Risk"
778000000000000,5636765,2016/05/02,Livermore,4,2,0,0.00,"Medium Risk"
779000000000000,5598459,2016/04/29,Hartford,10,0,NULL,NULL,"New Patient - Monitor"
779000000000000,5639158,2016/04/29,Dublin,0,1,0,0.00,"Low Risk"
779000000000000,5531620,2016/04/29,Livermore,29,2,0,0.00,"High Risk"
779000000000000,5608644,2016/05/04,Spearfish,14,3,1,0.33,"High Risk"
781000000000000,5633299,2016/05/05,Chattanooga,7,0,NULL,NULL,"New Patient - Monitor"
782000000000000,5629547,2016/04/29,"Joshua Tree",2,0,NULL,NULL,"New Patient - Monitor"
782000000000000,5584550,2016/04/29,Mobile,15,1,0,0.00,"High Risk"
782000000000000,5666000,2016/05/09,"Eau Claire",4,2,1,0.50,"High Risk"
782000000000000,5726215,2016/05/31,"Castle Rock",11,3,1,0.33,"High Risk"
784000000000000,5639239,2016/04/29,"Saint Louis",0,0,NULL,NULL,"New Patient - Monitor"
785000000000000,5641717,2016/04/29,Troy,0,0,NULL,NULL,"New Patient - Monitor"
785000000000000,5639188,2016/04/29,Irmo,0,1,0,0.00,"Low Risk"
785000000000000,5641593,2016/04/29,"Bay City",0,2,0,0.00,"Low Risk"
785000000000000,5568822,2016/05/10,"Grand Junction",29,3,0,0.00,"High Risk"
786000000000000,5646376,2016/05/09,Eugene,7,0,NULL,NULL,"New Patient - Monitor"
787000000000000,5595962,2016/04/29,Hartford,11,0,NULL,NULL,"New Patient - Monitor"
787000000000000,5738016,2016/05/30,Coralville,5,1,0,0.00,"Medium Risk"
788000000000000,5476805,2016/04/29,Cary,44,0,NULL,NULL,"New Patient - Monitor"
788000000000000,5555004,2016/04/29,Winthrop,22,1,0,0.00,"High Risk"
788000000000000,5712451,2016/05/20,"Fort Wayne",2,2,0,0.00,"Low Risk"
789000000000000,5567911,2016/05/09,Hartford,28,0,NULL,NULL,"New Patient - Monitor"
791000000000000,5641543,2016/04/29,Gardena,0,0,NULL,NULL,"New Patient - Monitor"
791000000000000,5642481,2016/04/29,Dahlonega,0,1,0,0.00,"Low Risk"
792000000000000,5546749,2016/04/29,Calhoun,24,0,NULL,NULL,"New Patient - Monitor"
792000000000000,5707389,2016/05/17,Ogunquit,0,1,0,0.00,"Low Risk"
793000000000000,5628447,2016/04/29,Indianapolis,2,0,NULL,NULL,"New Patient - Monitor"
793000000000000,5677160,2016/05/18,Tatum,9,1,0,0.00,"High Risk"
794000000000000,5634026,2016/04/29,Garberville,1,0,NULL,NULL,"New Patient - Monitor"
795000000000000,5638706,2016/04/29,Columbus,0,0,NULL,NULL,"New Patient - Monitor"
796000000000000,5628460,2016/05/11,Bradenton,14,0,NULL,NULL,"New Patient - Monitor"
799000000000000,5534639,2016/04/29,Orlando,29,0,NULL,NULL,"New Patient - Monitor"
812000000000000,5641897,2016/04/29,Victorville,0,0,NULL,NULL,"New Patient - Monitor"
813000000000000,5638564,2016/04/29,Carlsbad,0,0,NULL,NULL,"New Patient - Monitor"
813000000000000,5578395,2016/04/29,"Delray Beach",16,1,0,0.00,"High Risk"
815000000000000,5640257,2016/04/29,Deerfield,0,0,NULL,NULL,"New Patient - Monitor"
815000000000000,5640832,2016/04/29,Bryant,0,1,0,0.00,"Low Risk"
815000000000000,5633934,2016/04/29,"Soddy Daisy",1,2,0,0.00,"Low Risk"
815000000000000,5585779,2016/05/17,Bryant,33,3,0,0.00,"High Risk"
815000000000000,5709046,2016/05/19,"Fort Wayne",2,4,0,0.00,"Low Risk"
816000000000000,5604792,2016/04/29,"Bowling Green",9,0,NULL,NULL,"New Patient - Monitor"
818000000000000,5579258,2016/04/29,Appleton,16,0,NULL,NULL,"New Patient - Monitor"
818000000000000,5338898,2016/05/02,Albany,81,1,0,0.00,"High Risk"
818000000000000,5678198,2016/05/10,"Castle Rock",0,2,0,0.00,"Low Risk"
819000000000000,5694731,2016/05/13,Saginaw,0,0,NULL,NULL,"New Patient - Monitor"
819000000000000,5605084,2016/05/31,Dublin,41,1,0,0.00,"High Risk"
820000000000000,5641752,2016/04/29,Yellville,0,0,NULL,NULL,"New Patient - Monitor"
820000000000000,5640915,2016/04/29,Sarasota,0,1,0,0.00,"Low Risk"
821000000000000,5683124,2016/05/13,Albany,2,0,NULL,NULL,"New Patient - Monitor"
822000000000000,5642878,2016/04/29,Huntingdon,0,0,NULL,NULL,"New Patient - Monitor"
822000000000000,5638995,2016/04/29,"Charles Town",0,1,0,0.00,"Low Risk"
822000000000000,5640809,2016/04/29,Sikeston,0,2,0,0.00,"Low Risk"
822000000000000,5609432,2016/04/29,Appleton,9,3,0,0.00,"High Risk"
822000000000000,5633339,2016/04/29,"Williams Bay",1,4,0,0.00,"Low Risk"
822000000000000,5331088,2016/04/29,"Fort Wayne",84,5,0,0.00,"High Risk"
825000000000000,5630639,2016/04/29,"Miles City",2,0,NULL,NULL,"New Patient - Monitor"
826000000000000,5618136,2016/04/29,Raleigh,3,0,NULL,NULL,"New Patient - Monitor"
826000000000000,5560381,2016/04/29,"Fort Wayne",21,1,1,1.00,"High Risk"
826000000000000,5656332,2016/05/04,Ogunquit,0,2,1,0.50,"High Risk"
826000000000000,5615601,2016/05/04,Boone,9,3,1,0.33,"High Risk"
826000000000000,5660282,2016/05/18,Ogunquit,14,4,1,0.25,"High Risk"
827000000000000,5332468,2016/04/29,Yellville,84,0,NULL,NULL,"New Patient - Monitor"
827000000000000,5537305,2016/05/05,"El Reno",34,1,0,0.00,"High Risk"
827000000000000,5537304,2016/05/05,"Fort Worth",34,2,1,0.50,"High Risk"
828000000000000,5677153,2016/05/16,Orlando,7,0,NULL,NULL,"New Patient - Monitor"
830000000000000,5634104,2016/04/29,Alpharetta,1,0,NULL,NULL,"New Patient - Monitor"
830000000000000,5697813,2016/05/17,Oconomowoc,4,1,0,0.00,"Medium Risk"
832000000000000,5517931,2016/04/29,"Bay City",31,0,NULL,NULL,"New Patient - Monitor"
832000000000000,5030230,2016/05/04,Calhoun,176,1,0,0.00,"High Risk"
833000000000000,5559424,2016/04/29,Chattanooga,21,0,NULL,NULL,"New Patient - Monitor"
834000000000000,5574641,2016/04/29,Cooperstown,17,0,NULL,NULL,"New Patient - Monitor"
834000000000000,5625230,2016/04/29,Chattanooga,2,1,0,0.00,"Low Risk"
835000000000000,5696993,2016/05/16,Dallas,3,0,NULL,NULL,"New Patient - Monitor"
837000000000000,5640972,2016/04/29,"Fort Collins",0,0,NULL,NULL,"New Patient - Monitor"
837000000000000,5637977,2016/04/29,Orlando,0,1,0,0.00,"Low Risk"
838000000000000,5464601,2016/04/29,Corbin,46,0,NULL,NULL,"New Patient - Monitor"
838000000000000,5609190,2016/05/04,Auburn,14,1,0,0.00,"High Risk"
838000000000000,5700865,2016/05/16,Gretna,0,2,1,0.50,"High Risk"
838000000000000,5464615,2016/05/25,Hampton,72,3,1,0.33,"High Risk"
842000000000000,5636067,2016/04/29,Bryant,1,0,NULL,NULL,"New Patient - Monitor"
842000000000000,5640686,2016/04/29,"Castle Rock",0,1,0,0.00,"Low Risk"
842000000000000,5641195,2016/04/29,Dublin,0,2,0,0.00,"Low Risk"
843000000000000,5640011,2016/04/29,Batesville,0,0,NULL,NULL,"New Patient - Monitor"
844000000000000,5726846,2016/05/20,Victorville,0,0,NULL,NULL,"New Patient - Monitor"
845000000000000,5588133,2016/04/29,Victorville,14,0,NULL,NULL,"New Patient - Monitor"
845000000000000,5672807,2016/05/09,Griffin,0,1,0,0.00,"Low Risk"
846000000000000,5679137,2016/05/10,"Castle Rock",0,0,NULL,NULL,"New Patient - Monitor"
847000000000000,5560742,2016/04/29,Bryant,21,0,NULL,NULL,"New Patient - Monitor"
848000000000000,5637435,2016/04/29,"Bay City",0,0,NULL,NULL,"New Patient - Monitor"
848000000000000,5615607,2016/05/04,"Castle Rock",9,1,0,0.00,"High Risk"
849000000000000,5559082,2016/04/29,Huntingdon,21,0,NULL,NULL,"New Patient - Monitor"
849000000000000,5573964,2016/05/16,Hartford,34,1,0,0.00,"High Risk"
850000000000000,5490132,2016/04/29,Raleigh,42,0,NULL,NULL,"New Patient - Monitor"
850000000000000,5490133,2016/04/29,Mercer,42,1,1,1.00,"High Risk"
852000000000000,5702479,2016/05/19,Dahlonega,3,0,NULL,NULL,"New Patient - Monitor"
853000000000000,5577669,2016/04/29,Boone,16,0,NULL,NULL,"New Patient - Monitor"
853000000000000,5577679,2016/05/06,Coralville,23,1,0,0.00,"High Risk"
853000000000000,5676614,2016/05/20,Columbia,11,2,0,0.00,"High Risk"
853000000000000,5745239,2016/05/30,"El Reno",0,3,0,0.00,"Low Risk"
855000000000000,5639947,2016/04/29,Saginaw,0,0,NULL,NULL,"New Patient - Monitor"
856000000000000,5627993,2016/04/29,"Bowling Green",2,0,NULL,NULL,"New Patient - Monitor"
856000000000000,5628391,2016/04/29,"Castle Rock",2,1,1,1.00,"High Risk"
856000000000000,5678976,2016/05/10,"Battle Creek",0,2,1,0.50,"High Risk"
856000000000000,5704999,2016/05/25,Orlando,9,3,1,0.33,"High Risk"
856000000000000,5644819,2016/05/25,Georgetown,23,4,1,0.25,"High Risk"
857000000000000,5590701,2016/04/29,Auburn,14,0,NULL,NULL,"New Patient - Monitor"
857000000000000,5591046,2016/04/29,"Battle Creek",14,1,0,0.00,"High Risk"
859000000000000,5629186,2016/04/29,Livermore,2,0,NULL,NULL,"New Patient - Monitor"
863000000000000,5616091,2016/04/29,Leesburg,4,0,NULL,NULL,"New Patient - Monitor"
863000000000000,5625162,2016/04/29,Macon,2,1,1,1.00,"High Risk"
863000000000000,5638070,2016/04/29,"Palm Springs",0,2,1,0.50,"High Risk"
865000000000000,5629300,2016/04/29,Joplin,2,0,NULL,NULL,"New Patient - Monitor"
865000000000000,5618137,2016/04/29,"Oak Harbor",3,1,0,0.00,"Low Risk"
865000000000000,5661340,2016/05/06,Batesville,1,2,1,0.50,"High Risk"
865000000000000,5691876,2016/05/12,"Fort Wayne",0,3,1,0.33,"Medium Risk"
866000000000000,5507702,2016/04/29,Hampton,37,0,NULL,NULL,"New Patient - Monitor"
866000000000000,5560825,2016/04/29,"Fort Worth",21,1,1,1.00,"High Risk"
866000000000000,5675004,2016/05/30,Batesville,21,2,1,0.50,"High Risk"
868000000000000,5550650,2016/04/29,Moore,23,0,NULL,NULL,"New Patient - Monitor"
868000000000000,5664132,2016/05/05,"Grand Junction",0,1,0,0.00,"Low Risk"
868000000000000,5702521,2016/05/19,Dublin,3,2,0,0.00,"Low Risk"
870000000000000,5638401,2016/04/29,"Miles City",0,0,NULL,NULL,"New Patient - Monitor"
870000000000000,5638956,2016/04/29,Griffin,0,1,0,0.00,"Low Risk"
871000000000000,5605719,2016/04/29,"Fort Worth",9,0,NULL,NULL,"New Patient - Monitor"
871000000000000,5633186,2016/04/29,Dahlonega,1,1,0,0.00,"Low Risk"
871000000000000,5642779,2016/04/29,Albuquerque,0,2,0,0.00,"Low Risk"
871000000000000,5641055,2016/04/29,"Battle Creek",0,3,0,0.00,"Low Risk"
871000000000000,5639078,2016/04/29,"Little River",0,4,0,0.00,"Low Risk"
872000000000000,5654780,2016/05/05,"Mount Arlington",2,0,NULL,NULL,"New Patient - Monitor"
872000000000000,5676364,2016/05/11,"Fort Wayne",2,1,1,1.00,"High Risk"
873000000000000,5646654,2016/05/04,Raleigh,2,0,NULL,NULL,"New Patient - Monitor"
873000000000000,5689952,2016/05/12,Coralville,0,1,1,1.00,"High Risk"
877000000000000,5634036,2016/04/29,"Bella Vista",1,0,NULL,NULL,"New Patient - Monitor"
878000000000000,5595362,2016/04/29,"Rocky Mount",11,0,NULL,NULL,"New Patient - Monitor"
878000000000000,5638814,2016/04/29,Kuttawa,0,1,1,1.00,"High Risk"
878000000000000,5526918,2016/04/29,Lagrange,30,2,1,0.50,"High Risk"
880000000000000,5640241,2016/04/29,Cary,0,0,NULL,NULL,"New Patient - Monitor"
883000000000000,5600346,2016/04/29,Lincolnton,10,0,NULL,NULL,"New Patient - Monitor"
883000000000000,5636704,2016/05/04,"Fort Worth",6,1,0,0.00,"Medium Risk"
885000000000000,5607910,2016/04/29,Boone,9,0,NULL,NULL,"New Patient - Monitor"
885000000000000,5573589,2016/05/20,Orlando,38,1,0,0.00,"High Risk"
885000000000000,5573590,2016/05/20,"Castle Rock",38,2,0,0.00,"High Risk"
885000000000000,5573598,2016/05/24,Dublin,42,3,0,0.00,"High Risk"
886000000000000,5630228,2016/04/29,Victorville,2,0,NULL,NULL,"New Patient - Monitor"
887000000000000,5503228,2016/04/29,Boone,38,0,NULL,NULL,"New Patient - Monitor"
887000000000000,5623727,2016/04/29,"Bella Vista",3,1,0,0.00,"Low Risk"
887000000000000,5590998,2016/04/29,"Saint Louis",14,2,0,0.00,"High Risk"
888000000000000,5642812,2016/04/29,"Fort Wayne",0,0,NULL,NULL,"New Patient - Monitor"
888000000000000,5652387,2016/05/05,Montgomery,2,1,0,0.00,"Low Risk"
889000000000000,5638426,2016/04/29,Pittsburgh,0,0,NULL,NULL,"New Patient - Monitor"
889000000000000,5641233,2016/04/29,"Detroit Lakes",0,1,0,0.00,"Low Risk"
890000000000000,5640923,2016/04/29,Troy,0,0,NULL,NULL,"New Patient - Monitor"
890000000000000,5665997,2016/05/09,Albany,4,1,0,0.00,"Medium Risk"
891000000000000,5537935,2016/04/29,Tyler,28,0,NULL,NULL,"New Patient - Monitor"
892000000000000,5637332,2016/04/29,Albuquerque,1,0,NULL,NULL,"New Patient - Monitor"
893000000000000,5527314,2016/04/29,Dublin,30,0,NULL,NULL,"New Patient - Monitor"
894000000000000,5637433,2016/04/29,Mobile,0,0,NULL,NULL,"New Patient - Monitor"
895000000000000,5641235,2016/04/29,Mercer,0,0,NULL,NULL,"New Patient - Monitor"
895000000000000,5410880,2016/04/29,Albany,59,1,0,0.00,"High Risk"
895000000000000,5642463,2016/04/29,Saginaw,0,2,1,0.50,"High Risk"
895000000000000,5641270,2016/04/29,Sarasota,0,3,1,0.33,"Medium Risk"
896000000000000,5595905,2016/04/29,"Fort Worth",11,0,NULL,NULL,"New Patient - Monitor"
896000000000000,5595910,2016/04/29,Deerfield,11,1,1,1.00,"High Risk"
897000000000000,5520723,2016/04/29,Plainfield,31,0,NULL,NULL,"New Patient - Monitor"
898000000000000,5640084,2016/04/29,"Mount Arlington",0,0,NULL,NULL,"New Patient - Monitor"
898000000000000,5631483,2016/04/29,"Fort Worth",1,1,0,0.00,"Low Risk"
898000000000000,5724368,2016/05/20,Orlando,0,2,0,0.00,"Low Risk"
899000000000000,5660636,2016/05/06,Livermore,2,0,NULL,NULL,"New Patient - Monitor"
899000000000000,5676005,2016/05/12,Montgomery,3,1,0,0.00,"Low Risk"
911000000000000,5636249,2016/04/29,Eureka,1,0,NULL,NULL,"New Patient - Monitor"
913000000000000,5596174,2016/04/29,Hampton,11,0,NULL,NULL,"New Patient - Monitor"
913000000000000,5583581,2016/04/29,Lagrange,15,1,0,0.00,"High Risk"
913000000000000,5626189,2016/04/29,Raleigh,2,2,0,0.00,"Low Risk"
914000000000000,5534295,2016/04/29,Bryant,29,0,NULL,NULL,"New Patient - Monitor"
914000000000000,5637821,2016/04/29,Appleton,0,1,0,0.00,"Low Risk"
915000000000000,5609088,2016/04/29,"Eau Claire",9,0,NULL,NULL,"New Patient - Monitor"
917000000000000,5641990,2016/04/29,Raleigh,0,0,NULL,NULL,"New Patient - Monitor"
917000000000000,5617014,2016/04/29,Cary,4,1,0,0.00,"Medium Risk"
919000000000000,5512091,2016/04/29,Auburn,32,0,NULL,NULL,"New Patient - Monitor"
921000000000000,5639050,2016/04/29,Sarasota,0,0,NULL,NULL,"New Patient - Monitor"
921000000000000,5671764,2016/05/09,Lexington,0,1,0,0.00,"Low Risk"
921000000000000,5674756,2016/05/24,Calhoun,15,2,0,0.00,"High Risk"
923000000000000,5584964,2016/04/29,Mobile,15,0,NULL,NULL,"New Patient - Monitor"
923000000000000,5505954,2016/04/29,Valentine,37,1,0,0.00,"High Risk"
923000000000000,5702525,2016/05/19,Albany,3,2,0,0.00,"Low Risk"
925000000000000,5634015,2016/04/29,Deerfield,1,0,NULL,NULL,"New Patient - Monitor"
925000000000000,5641724,2016/04/29,Hampton,0,1,0,0.00,"Low Risk"
925000000000000,5687277,2016/05/16,Moore,5,2,0,0.00,"Medium Risk"
926000000000000,5572570,2016/04/29,Boone,17,0,NULL,NULL,"New Patient - Monitor"
926000000000000,5714591,2016/05/31,Griffin,13,1,0,0.00,"High Risk"
927000000000000,5750240,2016/05/31,Coralville,0,0,NULL,NULL,"New Patient - Monitor"
928000000000000,5473228,2016/04/29,Mercer,45,0,NULL,NULL,"New Patient - Monitor"
928000000000000,5636343,2016/04/29,Shreveport,1,1,1,1.00,"High Risk"
929000000000000,5664372,2016/05/25,"Grand Junction",20,0,NULL,NULL,"New Patient - Monitor"
930000000000000,5638220,2016/04/29,Georgetown,0,0,NULL,NULL,"New Patient - Monitor"
931000000000000,5513215,2016/05/02,Griffin,35,0,NULL,NULL,"New Patient - Monitor"
933000000000000,5637838,2016/04/29,Moore,0,0,NULL,NULL,"New Patient - Monitor"
934000000000000,5697072,2016/05/13,"Osage Beach",0,0,NULL,NULL,"New Patient - Monitor"
934000000000000,5694550,2016/05/17,Mobile,4,1,0,0.00,"Medium Risk"
936000000000000,5571831,2016/04/29,"Lenoir City",17,0,NULL,NULL,"New Patient - Monitor"
937000000000000,5574410,2016/05/13,Fairmont,31,0,NULL,NULL,"New Patient - Monitor"
937000000000000,5702476,2016/05/19,Cary,3,1,0,0.00,"Low Risk"
938000000000000,5625973,2016/04/29,Dahlonega,2,0,NULL,NULL,"New Patient - Monitor"
939000000000000,5557963,2016/04/29,Gardena,22,0,NULL,NULL,"New Patient - Monitor"
939000000000000,5604274,2016/04/29,"Bay City",9,1,0,0.00,"High Risk"
939000000000000,5557997,2016/05/03,Gorham,26,2,1,0.50,"High Risk"
939000000000000,5557762,2016/05/03,Kuttawa,26,3,1,0.33,"High Risk"
940000000000000,5630862,2016/04/29,Bryant,2,0,NULL,NULL,"New Patient - Monitor"
940000000000000,5641344,2016/04/29,"Max Meadows",0,1,0,0.00,"Low Risk"
941000000000000,5696981,2016/05/16,Dallas,3,0,NULL,NULL,"New Patient - Monitor"
942000000000000,5640477,2016/04/29,Victorville,0,0,NULL,NULL,"New Patient - Monitor"
942000000000000,5556244,2016/05/10,Enterprise,33,1,0,0.00,"High Risk"
943000000000000,5637703,2016/04/29,Calhoun,0,0,NULL,NULL,"New Patient - Monitor"
945000000000000,5633576,2016/04/29,Madisonville,1,0,NULL,NULL,"New Patient - Monitor"
945000000000000,5719579,2016/05/25,"Eau Claire",6,1,1,1.00,"High Risk"
946000000000000,5694742,2016/05/18,Cary,5,0,NULL,NULL,"New Patient - Monitor"
948000000000000,5638459,2016/04/29,Altoona,0,0,NULL,NULL,"New Patient - Monitor"
948000000000000,5566877,2016/05/06,"Battle Creek",25,1,0,0.00,"High Risk"
948000000000000,5660631,2016/05/06,Dublin,2,2,0,0.00,"Low Risk"
949000000000000,5571842,2016/04/29,Albany,17,0,NULL,NULL,"New Patient - Monitor"
951000000000000,5577053,2016/04/29,"Saint Louis",16,0,NULL,NULL,"New Patient - Monitor"
952000000000000,5642355,2016/04/29,Batesville,0,0,NULL,NULL,"New Patient - Monitor"
952000000000000,5615614,2016/05/05,Boone,10,1,0,0.00,"High Risk"
954000000000000,5638403,2016/04/29,Moore,0,0,NULL,NULL,"New Patient - Monitor"
956000000000000,5597754,2016/04/29,Troy,11,0,NULL,NULL,"New Patient - Monitor"
957000000000000,5642253,2016/04/29,Saginaw,0,0,NULL,NULL,"New Patient - Monitor"
958000000000000,5511153,2016/04/29,Columbus,32,0,NULL,NULL,"New Patient - Monitor"
959000000000000,5681985,2016/05/12,Corbin,2,0,NULL,NULL,"New Patient - Monitor"
961000000000000,5723442,2016/05/20,Albuquerque,0,0,NULL,NULL,"New Patient - Monitor"
961000000000000,5620765,2016/05/31,Ogunquit,35,1,0,0.00,"High Risk"
962000000000000,5624820,2016/04/29,Valentine,3,0,NULL,NULL,"New Patient - Monitor"
963000000000000,5533985,2016/04/29,Boone,29,0,NULL,NULL,"New Patient - Monitor"
964000000000000,5587970,2016/04/29,Newport,14,0,NULL,NULL,"New Patient - Monitor"
964000000000000,5609807,2016/05/25,Silverton,35,1,0,0.00,"High Risk"
966000000000000,5689964,2016/05/12,"Detroit Lakes",0,0,NULL,NULL,"New Patient - Monitor"
967000000000000,5419869,2016/04/29,Brockton,58,0,NULL,NULL,"New Patient - Monitor"
967000000000000,5523159,2016/05/03,"Castle Rock",35,1,0,0.00,"High Risk"
967000000000000,5646646,2016/05/04,Cary,2,2,0,0.00,"Low Risk"
967000000000000,5655498,2016/05/12,"Rocky Mount",9,3,1,0.33,"High Risk"
967000000000000,5571958,2016/05/16,Shakopee,34,4,2,0.50,"High Risk"
968000000000000,5499133,2016/04/29,Victorville,38,0,NULL,NULL,"New Patient - Monitor"
968000000000000,5637862,2016/04/29,Calhoun,0,1,1,1.00,"High Risk"
968000000000000,5646370,2016/05/13,Batesville,11,2,1,0.50,"High Risk"
969000000000000,5638764,2016/04/29,Columbia,0,0,NULL,NULL,"New Patient - Monitor"
969000000000000,5551301,2016/05/13,"Eau Claire",37,1,0,0.00,"High Risk"
970000000000000,5640143,2016/05/03,"El Reno",4,0,NULL,NULL,"New Patient - Monitor"
972000000000000,5634207,2016/04/29,Orlando,1,0,NULL,NULL,"New Patient - Monitor"
975000000000000,5642894,2016/04/29,Albany,0,0,NULL,NULL,"New Patient - Monitor"
975000000000000,5631108,2016/04/29,Moore,2,1,0,0.00,"Low Risk"
975000000000000,5640032,2016/04/29,Columbus,0,2,0,0.00,"Low Risk"
975000000000000,5624132,2016/04/29,Eugene,3,3,0,0.00,"Low Risk"
975000000000000,5624144,2016/04/29,Joplin,3,4,1,0.25,"Medium Risk"
975000000000000,5642927,2016/04/29,"Little River",0,5,1,0.20,"Medium Risk"
976000000000000,5462955,2016/04/29,Jasper,46,0,NULL,NULL,"New Patient - Monitor"
976000000000000,5628416,2016/04/29,"Castle Rock",2,1,0,0.00,"Low Risk"
976000000000000,5704993,2016/05/25,Gardena,9,2,1,0.50,"High Risk"
978000000000000,5638604,2016/04/29,"Lake Lure",0,0,NULL,NULL,"New Patient - Monitor"
978000000000000,5567974,2016/04/29,"Castle Rock",18,1,0,0.00,"High Risk"
979000000000000,5642865,2016/04/29,"Johnson City",0,0,NULL,NULL,"New Patient - Monitor"
979000000000000,5719692,2016/05/24,"Williams Bay",5,1,0,0.00,"Medium Risk"
980000000000000,5414069,2016/04/29,Plainfield,59,0,NULL,NULL,"New Patient - Monitor"
981000000000000,5550377,2016/05/03,"Grand Junction",27,0,NULL,NULL,"New Patient - Monitor"
981000000000000,5577268,2016/05/16,Columbus,33,1,0,0.00,"High Risk"
982000000000000,5639771,2016/04/29,Gardena,0,0,NULL,NULL,"New Patient - Monitor"
982000000000000,5666028,2016/05/09,"Mount Arlington",4,1,0,0.00,"Medium Risk"
983000000000000,5494050,2016/04/29,"Miles City",39,0,NULL,NULL,"New Patient - Monitor"
983000000000000,5607276,2016/05/24,Raton,34,1,0,0.00,"High Risk"
984000000000000,5624997,2016/04/29,Coralville,3,0,NULL,NULL,"New Patient - Monitor"
984000000000000,5543483,2016/05/03,Fairmont,28,1,1,1.00,"High Risk"
985000000000000,5465779,2016/04/29,Oscoda,46,0,NULL,NULL,"New Patient - Monitor"
985000000000000,5638709,2016/04/29,"Fort Wayne",0,1,0,0.00,"Low Risk"
985000000000000,5580360,2016/05/11,Cary,28,2,0,0.00,"High Risk"
985000000000000,5728804,2016/05/24,"Osage Beach",4,3,1,0.33,"Medium Risk"
986000000000000,5629144,2016/04/29,"Castle Rock",2,0,NULL,NULL,"New Patient - Monitor"
986000000000000,5687298,2016/05/16,Billings,5,1,0,0.00,"Medium Risk"
987000000000000,5631974,2016/04/29,Albany,1,0,NULL,NULL,"New Patient - Monitor"
987000000000000,5628122,2016/04/29,"Fort Worth",2,1,0,0.00,"Low Risk"
989000000000000,5538540,2016/04/29,Dublin,28,0,NULL,NULL,"New Patient - Monitor"
989000000000000,5634830,2016/04/29,Mobile,1,1,0,0.00,"Low Risk"
991000000000000,5629543,2016/04/29,"Palm Springs",2,0,NULL,NULL,"New Patient - Monitor"
992000000000000,5572003,2016/04/29,Roanoke,17,0,NULL,NULL,"New Patient - Monitor"
993000000000000,5638639,2016/04/29,Orlando,0,0,NULL,NULL,"New Patient - Monitor"
993000000000000,5641838,2016/04/29,Mercer,0,1,0,0.00,"Low Risk"
995000000000000,5623635,2016/04/29,"Bella Vista",3,0,NULL,NULL,"New Patient - Monitor"
996000000000000,5670893,2016/05/09,"Osage Beach",3,0,NULL,NULL,"New Patient - Monitor"
997000000000000,5553334,2016/04/29,Oconomowoc,22,0,NULL,NULL,"New Patient - Monitor"
997000000000000,5635881,2016/04/29,"Williams Bay",1,1,1,1.00,"High Risk"
997000000000000,5628606,2016/04/29,Eugene,2,2,1,0.50,"High Risk"
997000000000000,5569374,2016/05/11,"Grand Junction",30,3,2,0.67,"High Risk"
998000000000000,5451635,2016/04/29,"Fort Worth",50,0,NULL,NULL,"New Patient - Monitor"
999000000000000,5553924,2016/04/29,Hampton,22,0,NULL,NULL,"New Patient - Monitor"
999000000000000,5593038,2016/04/29,Billings,11,1,0,0.00,"High Risk"
999000000000000,5647258,2016/05/02,Raleigh,0,2,0,0.00,"Low Risk"
1e15,5639453,2016/04/29,Columbus,0,0,NULL,NULL,"New Patient - Monitor"
